client_id,monthly_income_cop,credit_exposure_cop,avg_days_late_last_year,num_active_products,credit_utilization,months_with_bank,product_usage_score,competitor_rate_inquiries,complaint_count_last_year,active_products_change_6m,client_value_score,defaulted_30_60_days,churned_3_months
CL100000,3104481.0,1830579.0,3.8,5,0.632,18,0.795,0,0,-1,0.337,1,0
CL100001,2259983.0,2567257.0,6.9,3,0.081,102,0.694,0,0,1,0.172,0,1
CL100002,3347901.0,2064829.0,4.6,2,0.429,85,0.549,1,0,-2,0.304,0,1
CL100003,5186216.0,2720709.0,0.1,4,0.129,172,0.912,2,0,-2,0.184,0,0
CL100004,2154186.0,3436949.0,40.9,2,0.251,115,0.396,1,0,-2,0.39,0,0
CL100005,2154203.0,7174245.0,6.3,5,0.112,63,0.306,1,0,1,0.662,0,1
CL100006,5333970.0,3188907.0,5.1,1,0.45,3,0.758,2,0,-1,0.655,0,0
CL100007,3554473.0,1315940.0,24.7,1,0.232,112,0.522,0,0,-2,0.379,0,0
CL100008,1915066.0,8868777.0,1.4,3,0.223,146,0.407,0,0,1,0.239,0,0
CL100009,3176467.0,2222264.0,1.7,1,0.218,165,0.394,0,2,1,0.766,0,0
CL100010,1920875.0,3831993.0,13.2,2,0.553,20,0.931,0,0,1,0.708,0,0
CL100011,1918655.0,5457905.0,2.4,5,0.266,93,0.554,0,0,-2,0.332,0,0
CL100012,2733193.0,4591546.0,12.8,3,0.572,36,0.511,1,0,-2,0.828,0,0
CL100013,930391.0,8588423.0,2.5,2,0.343,4,0.393,0,1,-2,0.597,0,0
CL100014,1022275.0,5583365.0,0.3,1,0.121,120,0.748,0,0,-1,0.402,0,0
CL100015,1828225.0,2184906.0,5.8,4,0.41,109,0.74,0,0,-1,0.356,0,0
CL100016,1459471.0,18347310.0,1.8,2,0.697,78,0.805,1,0,0,0.359,0,0
CL100017,2833785.0,4574616.0,11.3,4,0.141,17,0.716,0,1,-1,0.3,0,0
CL100018,1537992.0,3601503.0,8.2,4,0.168,49,0.212,0,0,-1,0.5,0,0
CL100019,1195229.0,7839987.0,20.6,3,0.108,109,0.507,0,0,-2,0.745,1,0
CL100020,5039535.0,4754565.0,12.2,5,0.184,116,0.469,0,0,0,0.329,0,0
CL100021,2163227.0,5280122.0,1.6,1,0.428,10,0.367,0,0,-1,0.316,0,0
CL100022,2504912.0,22851534.0,12.9,1,0.216,157,0.454,0,0,0,0.28,0,0
CL100023,1187815.0,3293347.0,8.2,2,0.482,120,0.252,0,0,1,0.63,0,0
CL100024,1844666.0,3196501.0,8.8,1,0.695,123,0.53,0,0,-1,0.735,1,0
CL100025,2559855.0,4332282.0,14.3,3,0.19,76,0.79,0,1,-1,0.192,0,0
CL100026,1362052.0,8453247.0,6.8,1,0.449,123,0.404,1,1,-1,0.339,0,0
CL100027,2922205.0,1390851.0,5.0,2,0.324,137,0.771,0,0,-2,0.187,0,0
CL100028,1793502.0,1008637.0,8.1,1,0.245,90,0.243,0,1,-1,0.138,1,0
CL100029,2093092.0,2647217.0,2.8,5,0.258,149,0.691,0,1,-2,0.662,0,0
CL100030,1792545.0,1272195.0,1.6,4,0.256,1,0.567,0,0,-1,0.169,0,0
CL100031,6114289.0,2965683.0,7.7,4,0.258,164,0.541,0,1,0,0.86,0,0
CL100032,2405459.0,5675957.0,2.1,4,0.091,6,0.493,0,0,-2,0.562,0,0
CL100033,1427085.0,2140341.0,0.7,5,0.383,111,0.525,0,0,-1,0.254,0,0
CL100034,3653779.0,1470659.0,0.0,3,0.277,146,0.288,1,0,1,0.679,0,0
CL100035,1315304.0,4191361.0,7.5,2,0.701,101,0.608,0,1,-1,0.144,0,0
CL100036,2688333.0,7302888.0,3.6,5,0.074,139,0.794,0,0,-1,0.097,1,0
CL100037,909059.0,1218972.0,11.2,2,0.147,69,0.57,0,0,0,0.687,0,0
CL100038,1246571.0,7089764.0,3.8,3,0.203,149,0.724,1,0,1,0.412,0,0
CL100039,2672248.0,7075257.0,5.3,5,0.479,107,0.252,0,0,-1,0.272,1,0
CL100040,3503361.0,7786169.0,4.2,1,0.291,106,0.443,0,0,0,0.803,0,1
CL100041,2638402.0,9369180.0,8.4,3,0.084,9,0.777,0,0,1,0.22,0,0
CL100042,2285684.0,18650989.0,3.5,4,0.465,2,0.275,0,0,-1,0.597,1,0
CL100043,2083268.0,3111874.0,26.5,5,0.305,113,0.689,0,0,0,0.29,0,0
CL100044,1156304.0,4311085.0,22.0,3,0.367,132,0.488,0,0,-2,0.513,1,0
CL100045,1689728.0,2983158.0,15.1,3,0.102,90,0.744,2,1,0,0.322,0,1
CL100046,1923545.0,3998316.0,20.2,5,0.28,12,0.36,0,0,-1,0.214,0,0
CL100047,4108469.0,11675595.0,4.8,4,0.164,83,0.354,0,2,-2,0.681,1,0
CL100048,2875707.0,1557340.0,6.2,4,0.3,83,0.492,0,0,-1,0.508,0,0
CL100049,1002974.0,2185303.0,10.8,3,0.218,93,0.687,0,0,0,0.14,0,0
CL100050,2847756.0,10470022.0,9.5,2,0.34,39,0.587,0,0,-2,0.721,1,0
CL100051,1997604.0,8154052.0,17.7,3,0.536,162,0.397,1,0,-1,0.199,0,0
CL100052,1726383.0,3096577.0,10.1,5,0.355,59,0.669,0,0,1,0.375,0,0
CL100053,3288158.0,7261387.0,49.3,5,0.233,128,0.63,0,1,0,0.587,1,0
CL100054,4055156.0,5069999.0,3.4,5,0.229,72,0.62,0,0,0,0.175,0,0
CL100055,3857925.0,11412185.0,14.3,4,0.089,134,0.651,0,0,1,0.44,0,0
CL100056,1591824.0,4206564.0,9.6,1,0.615,160,0.611,0,0,0,0.197,0,0
CL100057,2074838.0,8186054.0,9.4,5,0.204,28,0.622,0,0,-2,0.649,0,0
CL100058,2857997.0,25378384.0,3.2,5,0.301,75,0.279,0,0,1,0.398,0,0
CL100059,3944263.0,6068788.0,12.3,2,0.696,41,0.58,0,0,-1,0.42,0,0
CL100060,1905801.0,4133065.0,18.5,2,0.69,72,0.155,0,0,-1,0.41,0,0
CL100061,2207057.0,6620708.0,2.0,3,0.531,88,0.571,0,0,1,0.427,0,1
CL100062,1392808.0,3091922.0,7.9,3,0.281,155,0.695,1,1,-1,0.561,0,0
CL100063,1331607.0,21243837.0,4.0,3,0.478,53,0.707,0,0,-2,0.574,0,0
CL100064,3635521.0,4529172.0,36.5,5,0.173,123,0.95,0,0,-1,0.289,0,0
CL100065,4771255.0,3298395.0,5.2,2,0.106,11,0.804,1,0,-1,0.383,0,0
CL100066,2336104.0,2224444.0,2.1,3,0.672,87,0.822,1,0,-1,0.217,0,0
CL100067,3999846.0,8606722.0,3.8,2,0.149,150,0.533,0,0,1,0.393,0,0
CL100068,2901731.0,7326666.0,8.5,5,0.12,5,0.203,1,0,0,0.44,0,0
CL100069,1754054.0,2818885.0,0.6,5,0.255,112,0.469,1,0,-1,0.497,1,1
CL100070,2901382.0,5977518.0,7.4,3,0.562,162,0.755,1,0,1,0.011,0,0
CL100071,5225277.0,1388884.0,21.4,5,0.309,62,0.324,1,0,0,0.196,0,0
CL100072,2378753.0,4544732.0,15.2,5,0.092,159,0.21,0,0,1,0.315,0,0
CL100073,5295256.0,5481720.0,0.6,2,0.701,47,0.354,0,0,0,0.533,0,0
CL100074,653519.0,13192128.0,40.2,1,0.54,37,0.497,2,1,1,0.388,0,0
CL100075,3652605.0,2327783.0,9.6,4,0.502,111,0.527,0,0,0,0.369,0,0
CL100076,2529478.0,1631733.0,1.4,3,0.605,26,0.496,0,0,1,0.476,0,0
CL100077,2085452.0,2133342.0,0.1,1,0.247,43,0.944,1,0,0,0.335,0,1
CL100078,2535447.0,1566575.0,1.5,3,0.538,61,0.323,0,0,-1,0.365,0,0
CL100079,896466.0,10177197.0,14.6,1,0.393,166,0.762,2,0,-1,0.036,0,1
CL100080,2169840.0,11805163.0,0.2,5,0.397,128,0.423,0,1,0,0.516,0,0
CL100081,2895175.0,4996017.0,2.1,3,0.143,160,0.756,0,0,-1,0.388,0,0
CL100082,5070485.0,9387659.0,11.3,1,0.329,69,0.789,1,0,0,0.38,0,0
CL100083,1868908.0,4385310.0,7.1,4,0.421,126,0.381,1,0,-2,0.549,0,0
CL100084,1616467.0,3735611.0,12.2,5,0.15,127,0.713,1,0,-1,0.724,0,0
CL100085,1884403.0,3162501.0,11.0,3,0.313,153,0.695,1,0,0,0.503,0,1
CL100086,3827418.0,3213034.0,0.4,3,0.421,33,0.659,1,0,-2,0.519,0,0
CL100087,2854410.0,1351248.0,17.8,1,0.418,64,0.568,0,0,-1,0.096,0,0
CL100088,1858202.0,4804091.0,2.1,3,0.234,144,0.723,1,1,1,0.835,0,0
CL100089,3130282.0,3881632.0,6.4,5,0.612,177,0.169,1,1,-1,0.385,0,0
CL100090,2542196.0,6727758.0,8.3,2,0.631,93,0.465,0,0,1,0.486,1,0
CL100091,3930678.0,4262926.0,1.5,1,0.207,123,0.8,0,0,1,0.673,0,0
CL100092,1704826.0,3562978.0,29.9,4,0.337,15,0.62,0,0,-2,0.56,1,0
CL100093,2055786.0,2169842.0,5.4,3,0.068,20,0.663,1,2,-1,0.605,0,1
CL100094,1990599.0,4199631.0,0.5,5,0.692,22,0.418,0,0,1,0.208,0,0
CL100095,1165013.0,6694294.0,22.2,3,0.491,10,0.814,1,0,-2,0.408,0,0
CL100096,2808216.0,1793470.0,7.1,4,0.149,96,0.617,1,0,-1,0.736,0,1
CL100097,2759411.0,4244912.0,9.6,5,0.197,156,0.682,1,0,-2,0.093,0,0
CL100098,2427947.0,4700268.0,6.0,4,0.597,137,0.62,0,1,1,0.246,0,0
CL100099,2153718.0,2415350.0,14.4,5,0.599,31,0.958,0,0,1,0.241,0,0
CL100100,1193397.0,2645844.0,0.3,2,0.384,96,0.484,0,0,-1,0.695,0,0
CL100101,1962397.0,4692273.0,2.5,5,0.535,74,0.71,1,0,0,0.253,1,0
CL100102,2040372.0,1805964.0,5.1,4,0.166,159,0.578,2,0,-1,0.36,0,0
CL100103,1621499.0,5100997.0,0.6,1,0.426,75,0.775,0,0,1,0.541,1,0
CL100104,2234118.0,2133452.0,9.8,2,0.448,171,0.82,0,0,-2,0.533,0,0
CL100105,2963926.0,8402145.0,4.0,3,0.31,74,0.42,0,0,1,0.447,0,0
CL100106,6218834.0,20511155.0,2.5,2,0.472,137,0.701,0,0,-2,0.358,0,0
CL100107,2642640.0,2185751.0,0.0,2,0.293,42,0.542,0,0,0,0.383,0,1
CL100108,2754579.0,5803348.0,10.2,3,0.311,74,0.716,0,0,-2,0.378,1,0
CL100109,2333260.0,2400723.0,14.4,5,0.286,178,0.688,0,1,0,0.537,0,0
CL100110,927840.0,8274325.0,4.0,2,0.381,165,0.932,0,0,-2,0.293,0,0
CL100111,2389855.0,1646758.0,6.6,2,0.404,84,0.529,1,0,-1,0.322,0,1
CL100112,2495788.0,5589558.0,2.1,1,0.213,145,0.678,2,1,-1,0.39,0,0
CL100113,8298796.0,2167116.0,7.8,1,0.58,176,0.87,0,0,1,0.382,0,0
CL100114,2199674.0,3454232.0,0.1,4,0.156,2,0.726,0,0,1,0.363,0,0
CL100115,2815847.0,1940163.0,5.4,3,0.35,42,0.584,0,1,1,0.376,1,0
CL100116,2380079.0,7100284.0,8.3,5,0.05,106,0.549,0,0,1,0.321,0,0
CL100117,1350062.0,2222434.0,20.0,5,0.095,139,0.754,0,0,-2,0.573,1,0
CL100118,4288345.0,5875930.0,3.8,4,0.062,127,0.596,1,2,0,0.384,0,0
CL100119,3527029.0,3138110.0,11.6,5,0.651,73,0.518,0,0,-2,0.226,0,0
CL100120,3596659.0,3685325.0,7.3,5,0.202,173,0.401,1,0,-1,0.332,0,0
CL100121,1536944.0,4427870.0,20.9,1,0.511,173,0.603,0,0,1,0.527,0,0
CL100122,4883619.0,2342485.0,4.1,5,0.101,157,0.897,0,0,-2,0.285,0,0
CL100123,1201492.0,4626249.0,3.1,5,0.503,162,0.894,0,1,-1,0.543,1,0
CL100124,3247606.0,11654864.0,17.5,4,0.098,95,0.803,1,0,1,0.837,0,0
CL100125,7240695.0,2315957.0,0.4,4,0.099,90,0.466,2,0,-1,0.058,0,0
CL100126,1475831.0,9068044.0,1.2,2,0.405,121,0.532,1,1,-1,0.219,0,0
CL100127,1824563.0,11394808.0,0.7,5,0.097,20,0.298,0,0,1,0.409,0,0
CL100128,2545470.0,2255070.0,14.8,5,0.613,72,0.598,0,0,-2,0.526,0,0
CL100129,1882784.0,1441885.0,0.1,5,0.182,70,0.896,1,0,1,0.128,0,0
CL100130,1115338.0,4932579.0,15.8,1,0.732,146,0.634,0,0,-2,0.446,1,0
CL100131,2506208.0,2721829.0,4.8,5,0.708,117,0.508,1,1,-1,0.103,0,0
CL100132,1423812.0,14768724.0,0.0,1,0.423,52,0.454,0,1,-1,0.381,0,1
CL100133,3068797.0,4091267.0,4.1,2,0.407,25,0.798,0,0,-2,0.179,0,0
CL100134,1529250.0,2277207.0,1.7,3,0.122,66,0.86,0,0,-2,0.371,0,1
CL100135,5256454.0,1788680.0,7.8,5,0.383,28,0.608,1,0,0,0.23,0,0
CL100136,1636996.0,8562763.0,9.1,4,0.697,89,0.77,0,0,-2,0.57,0,1
CL100137,2061551.0,2676903.0,5.3,4,0.415,20,0.746,1,1,0,0.146,0,0
CL100138,3637323.0,4117185.0,0.3,5,0.304,70,0.389,0,0,1,0.384,0,0
CL100139,1308730.0,7795537.0,8.5,1,0.362,37,0.335,0,1,0,0.793,0,1
CL100140,2713446.0,2844845.0,14.8,4,0.326,16,0.63,0,0,-2,0.814,1,0
CL100141,4655554.0,3866460.0,10.2,4,0.334,163,0.835,1,0,-1,0.117,0,0
CL100142,1084097.0,3946746.0,14.2,2,0.299,100,0.781,1,1,-2,0.289,0,0
CL100143,2655961.0,6441855.0,1.8,2,0.207,78,0.482,0,0,0,0.265,1,0
CL100144,2757793.0,6037624.0,17.6,2,0.338,14,0.705,0,2,0,0.714,0,0
CL100145,3580136.0,3422632.0,3.1,4,0.369,24,0.296,0,0,0,0.676,0,0
CL100146,1304753.0,4174705.0,0.1,4,0.51,83,0.859,0,0,-1,0.061,0,0
CL100147,1251398.0,3077889.0,14.8,5,0.285,38,0.241,2,0,-2,0.658,1,0
CL100148,3143888.0,1419296.0,22.8,5,0.292,82,0.808,0,2,-2,0.432,0,0
CL100149,2809430.0,4781767.0,8.5,1,0.415,9,0.74,1,0,-1,0.033,0,0
CL100150,2744876.0,15014609.0,2.1,4,0.491,121,0.868,0,0,-1,0.106,0,0
CL100151,2879779.0,2150899.0,2.3,5,0.635,59,0.959,1,0,-1,0.692,1,1
CL100152,1723707.0,2324183.0,5.0,5,0.347,51,0.818,0,0,-1,0.736,0,0
CL100153,2719958.0,2170549.0,18.2,2,0.78,109,0.84,0,0,1,0.489,0,0
CL100154,2803940.0,6630656.0,1.3,2,0.057,51,0.148,0,0,-2,0.266,0,0
CL100155,1694375.0,5465356.0,14.0,2,0.109,19,0.64,1,1,-1,0.549,0,0
CL100156,6155689.0,3573384.0,2.8,3,0.398,62,0.445,1,0,1,0.632,0,0
CL100157,3069166.0,2099871.0,13.2,5,0.433,10,0.516,0,0,-2,0.538,0,0
CL100158,1334875.0,4259506.0,20.2,2,0.387,166,0.199,0,0,-1,0.233,0,0
CL100159,3362774.0,1335431.0,4.5,2,0.347,131,0.647,0,0,-1,0.418,0,0
CL100160,1487577.0,4414471.0,3.6,4,0.197,176,0.586,0,0,1,0.405,0,0
CL100161,3589568.0,7348943.0,13.0,2,0.21,169,0.898,0,0,-1,0.627,0,0
CL100162,4322298.0,1663045.0,6.0,4,0.096,145,0.37,0,0,-2,0.477,1,0
CL100163,1606645.0,1365781.0,9.2,1,0.618,87,0.536,0,0,1,0.656,0,0
CL100164,3920337.0,12062434.0,7.8,2,0.395,73,0.694,0,0,0,0.447,0,1
CL100165,2976892.0,2601941.0,1.3,4,0.507,83,0.928,0,0,-1,0.742,0,0
CL100166,3652893.0,8843237.0,14.9,2,0.233,93,0.699,1,1,-2,0.036,0,1
CL100167,6251903.0,3584758.0,1.7,1,0.433,15,0.503,1,0,1,0.34,0,0
CL100168,2142119.0,3564847.0,21.5,2,0.377,106,0.787,0,0,-2,0.465,0,0
CL100169,1661335.0,5426956.0,2.3,4,0.682,100,0.788,0,0,0,0.482,1,0
CL100170,1552292.0,2150478.0,10.6,1,0.16,76,0.863,0,0,0,0.66,0,0
CL100171,1610564.0,4380827.0,2.7,1,0.094,78,0.556,0,0,-1,0.166,0,0
CL100172,2330164.0,3057039.0,3.1,1,0.317,143,0.161,1,0,0,0.646,0,0
CL100173,2872163.0,1584302.0,3.0,3,0.236,115,0.898,0,0,1,0.502,0,0
CL100174,2781067.0,5056765.0,11.0,4,0.544,95,0.739,1,0,0,0.427,0,0
CL100175,3662262.0,3320695.0,6.5,3,0.429,133,0.767,2,0,1,0.3,0,1
CL100176,2437543.0,3577170.0,17.2,1,0.546,44,0.169,1,1,-1,0.238,0,0
CL100177,5009101.0,1711511.0,2.9,3,0.162,3,0.522,0,1,-2,0.16,0,0
CL100178,2121580.0,12163865.0,9.4,2,0.257,47,0.616,0,1,-2,0.691,0,0
CL100179,9436395.0,7375689.0,11.2,3,0.045,158,0.374,1,0,0,0.7,0,0
CL100180,3311241.0,7841252.0,1.3,5,0.245,12,0.902,1,1,1,0.532,0,0
CL100181,1577609.0,3224178.0,4.1,1,0.415,15,0.618,0,2,0,0.261,0,0
CL100182,1417710.0,1190129.0,5.3,1,0.08,166,0.891,0,1,0,0.104,0,0
CL100183,3082453.0,15666609.0,3.5,4,0.416,28,0.252,0,0,-1,0.776,0,0
CL100184,2165731.0,3825622.0,3.1,2,0.406,177,0.966,0,0,1,0.204,0,0
CL100185,3460765.0,2363940.0,9.3,4,0.155,87,0.42,1,0,-2,0.227,0,1
CL100186,3068253.0,5345476.0,1.9,3,0.141,175,0.209,1,0,-2,0.499,0,0
CL100187,2335147.0,9038326.0,9.9,5,0.382,75,0.703,0,0,-2,0.751,1,0
CL100188,1585806.0,3928879.0,21.9,5,0.355,94,0.421,2,1,-1,0.301,1,0
CL100189,1135492.0,9771716.0,6.7,5,0.38,12,0.404,0,1,0,0.632,0,0
CL100190,1937177.0,8521475.0,7.6,5,0.236,54,0.793,2,0,-2,0.439,0,0
CL100191,3716152.0,1879532.0,0.6,2,0.533,83,0.661,0,0,0,0.209,0,0
CL100192,2695372.0,2491379.0,16.0,3,0.149,32,0.854,0,1,-1,0.237,1,0
CL100193,1299033.0,7805007.0,2.7,5,0.506,129,0.705,1,0,0,0.18,0,0
CL100194,2640795.0,597895.0,7.6,1,0.397,144,0.444,0,1,-1,0.4,0,0
CL100195,2936294.0,3596174.0,30.9,3,0.113,11,0.661,1,1,0,0.611,0,0
CL100196,1556688.0,1466543.0,7.2,2,0.24,97,0.325,0,0,-1,0.439,0,0
CL100197,2615230.0,2860229.0,10.3,5,0.254,55,0.712,0,0,0,0.165,0,0
CL100198,2493267.0,3239164.0,4.7,2,0.23,164,0.399,0,0,-2,0.728,0,0
CL100199,1367527.0,3107189.0,0.5,5,0.19,30,0.848,1,0,-2,0.215,0,0
CL100200,2896152.0,2712597.0,12.8,1,0.454,68,0.303,0,0,-1,0.285,0,1
CL100201,3205544.0,1852413.0,0.3,3,0.107,56,0.653,0,1,0,0.433,0,0
CL100202,4162080.0,19862377.0,9.6,1,0.116,89,0.53,2,0,-1,0.147,0,0
CL100203,4101655.0,14756931.0,0.2,5,0.561,98,0.27,2,0,-2,0.276,0,0
CL100204,1216107.0,1770113.0,15.9,4,0.481,17,0.625,0,0,0,0.386,0,0
CL100205,1515245.0,12085074.0,1.4,3,0.417,161,0.517,2,0,-1,0.1,0,0
CL100206,3133050.0,3018813.0,5.8,2,0.423,158,0.651,2,0,-2,0.487,1,0
CL100207,3131094.0,4370689.0,7.3,5,0.164,13,0.714,0,0,-2,0.293,0,0
CL100208,3133070.0,3819798.0,4.9,1,0.231,140,0.325,0,2,1,0.222,1,0
CL100209,16624129.0,2515988.0,3.3,4,0.433,124,0.711,0,1,1,0.126,0,0
CL100210,3221782.0,7950113.0,5.0,5,0.348,32,0.379,0,0,-2,0.157,1,0
CL100211,4272812.0,4360602.0,3.0,2,0.178,87,0.838,0,0,1,0.007,0,0
CL100212,3902004.0,2860234.0,4.6,1,0.262,93,0.591,0,1,-1,0.47,1,0
CL100213,3354105.0,1602038.0,3.6,3,0.29,34,0.576,0,0,1,0.362,0,0
CL100214,2068564.0,2136081.0,6.7,4,0.355,83,0.661,2,0,0,0.241,0,0
CL100215,3539460.0,1265571.0,2.2,5,0.133,12,0.496,1,2,-1,0.647,0,0
CL100216,1645554.0,4027098.0,35.8,5,0.044,4,0.679,0,0,1,0.333,0,1
CL100217,2151317.0,1727756.0,5.6,5,0.275,89,0.743,0,1,1,0.598,0,0
CL100218,1899912.0,3315462.0,1.7,5,0.438,154,0.319,1,0,0,0.208,0,0
CL100219,2522944.0,10418267.0,5.2,1,0.311,82,0.107,0,1,-1,0.585,0,1
CL100220,7704609.0,9244226.0,16.1,3,0.258,128,0.623,0,0,-1,0.223,0,0
CL100221,952045.0,3903586.0,0.2,2,0.212,158,0.773,0,0,-1,0.395,1,0
CL100222,3413095.0,3756660.0,9.1,4,0.239,122,0.7,0,0,0,0.22,0,0
CL100223,1081265.0,14885709.0,6.4,5,0.282,162,0.658,1,0,1,0.113,0,0
CL100224,1912715.0,5748959.0,1.5,5,0.198,33,0.477,0,0,-1,0.088,1,0
CL100225,4174375.0,3174103.0,13.6,3,0.371,159,0.802,2,0,0,0.707,0,0
CL100226,2500847.0,1471492.0,3.7,3,0.642,56,0.611,1,0,0,0.148,0,0
CL100227,1412861.0,5260366.0,2.8,1,0.35,62,0.563,1,0,-2,0.202,0,0
CL100228,1693568.0,7135027.0,14.1,1,0.576,31,0.401,1,0,0,0.316,0,0
CL100229,3401744.0,2565962.0,8.1,1,0.299,24,0.749,1,1,-2,0.525,0,0
CL100230,1680861.0,4895573.0,18.3,4,0.068,69,0.615,1,0,-2,0.695,0,0
CL100231,2698561.0,3095620.0,8.0,1,0.317,179,0.455,1,1,-2,0.444,0,0
CL100232,2477563.0,3510178.0,10.8,5,0.184,98,0.849,0,0,1,0.186,0,0
CL100233,1748379.0,699782.0,14.5,1,0.658,9,0.606,0,0,-1,0.718,1,0
CL100234,7074250.0,3418639.0,0.5,4,0.007,8,0.382,0,1,1,0.497,0,1
CL100235,3324931.0,7869920.0,12.0,1,0.36,107,0.535,1,1,1,0.62,0,0
CL100236,879781.0,2566409.0,7.6,1,0.638,164,0.812,0,0,0,0.52,1,1
CL100237,2658379.0,4142328.0,0.6,5,0.247,93,0.966,0,0,1,0.532,1,0
CL100238,1739497.0,2352136.0,5.7,5,0.131,69,0.355,1,1,-2,0.512,0,0
CL100239,3708792.0,5138692.0,0.7,5,0.367,46,0.812,0,0,1,0.022,0,0
CL100240,1629428.0,3431245.0,10.7,1,0.454,138,0.527,0,1,0,0.316,0,0
CL100241,2286726.0,2068907.0,6.3,5,0.448,102,0.831,0,0,-1,0.267,0,0
CL100242,3117349.0,10147988.0,24.6,3,0.531,74,0.328,0,0,-2,0.362,0,0
CL100243,3733578.0,7650277.0,1.6,2,0.368,127,0.238,1,0,-2,0.286,1,0
CL100244,1328886.0,2614453.0,7.5,2,0.686,139,0.887,0,1,-2,0.134,0,1
CL100245,2048768.0,5657269.0,1.9,5,0.097,116,0.545,0,0,1,0.36,0,0
CL100246,1909835.0,5816379.0,7.6,4,0.239,8,0.486,0,0,-2,0.132,0,0
CL100247,1746869.0,6259500.0,10.3,5,0.199,68,0.709,0,0,-2,0.067,1,1
CL100248,5854535.0,1219585.0,10.2,5,0.71,146,0.15,0,1,-1,0.388,0,0
CL100249,2965306.0,8077755.0,13.5,1,0.666,128,0.506,1,0,-2,0.174,0,0
CL100250,1289233.0,2679687.0,15.4,4,0.341,122,0.644,0,0,1,0.498,0,0
CL100251,3832129.0,3108095.0,0.6,5,0.186,3,0.547,1,1,-2,0.443,0,0
CL100252,6997602.0,25305118.0,3.4,3,0.142,108,0.749,0,1,-2,0.893,0,0
CL100253,4058129.0,4932277.0,9.3,2,0.394,143,0.695,1,1,1,0.568,0,0
CL100254,1132927.0,3046714.0,5.5,3,0.686,128,0.416,1,0,-2,0.491,1,0
CL100255,1900985.0,852812.0,1.7,3,0.118,120,0.824,1,0,-1,0.175,0,1
CL100256,4562839.0,10562652.0,6.4,3,0.136,55,0.433,0,1,0,0.079,0,0
CL100257,1700045.0,1557127.0,4.2,4,0.029,70,0.668,0,0,-1,0.23,0,0
CL100258,3023452.0,1977992.0,4.0,4,0.331,121,0.529,1,0,-1,0.183,0,0
CL100259,3567291.0,3166234.0,13.3,4,0.42,100,0.516,1,0,-1,0.144,1,0
CL100260,1523521.0,10761530.0,4.2,2,0.249,32,0.259,0,1,-2,0.645,0,1
CL100261,2350732.0,6860343.0,0.2,1,0.26,6,0.687,0,0,0,0.187,0,0
CL100262,478957.0,3575136.0,0.5,5,0.046,144,0.611,0,0,-2,0.343,1,0
CL100263,1451062.0,4954488.0,15.5,5,0.329,16,0.937,1,0,1,0.551,0,0
CL100264,2134442.0,2622740.0,25.9,1,0.237,14,0.471,0,0,-2,0.389,0,1
CL100265,1297706.0,4402828.0,9.3,5,0.123,62,0.86,0,1,-1,0.283,0,0
CL100266,5477754.0,4203112.0,3.6,3,0.807,146,0.24,0,0,-2,0.135,0,0
CL100267,1184616.0,7866619.0,22.3,2,0.192,8,0.724,0,1,-1,0.909,0,0
CL100268,1943455.0,7857859.0,8.7,5,0.287,133,0.419,0,2,0,0.086,0,1
CL100269,2585347.0,5642197.0,14.9,2,0.35,88,0.899,0,0,0,0.601,0,0
CL100270,4978487.0,3098277.0,11.6,1,0.177,41,0.893,0,1,1,0.742,0,0
CL100271,1181232.0,6711115.0,3.8,5,0.395,111,0.806,1,0,0,0.595,1,0
CL100272,4332182.0,3743839.0,5.2,2,0.377,59,0.91,0,0,0,0.367,0,0
CL100273,2434170.0,1872266.0,1.6,3,0.077,9,0.58,1,0,0,0.717,0,0
CL100274,1482508.0,3010746.0,2.8,3,0.639,42,0.191,0,1,-1,0.413,0,0
CL100275,3051219.0,4236165.0,12.0,1,0.41,18,0.547,0,1,0,0.242,0,0
CL100276,2675187.0,7550702.0,18.0,4,0.771,46,0.542,1,0,1,0.551,1,0
CL100277,1793880.0,3511417.0,10.3,5,0.23,123,0.585,1,0,-2,0.369,0,0
CL100278,2507761.0,1712664.0,5.0,3,0.312,176,0.495,1,0,1,0.194,0,0
CL100279,1997373.0,4154569.0,0.7,3,0.288,28,0.835,0,2,0,0.442,1,0
CL100280,2563179.0,4322823.0,0.5,1,0.23,37,0.267,1,0,-1,0.487,0,0
CL100281,3372164.0,4547492.0,3.8,3,0.678,74,0.883,0,0,0,0.133,1,0
CL100282,5352147.0,7601910.0,5.0,5,0.42,20,0.767,1,0,0,0.565,0,0
CL100283,1304189.0,8147700.0,7.5,1,0.534,166,0.398,0,0,-2,0.61,0,0
CL100284,7035763.0,2634101.0,0.1,2,0.272,169,0.437,2,1,-1,0.738,0,0
CL100285,912512.0,2593969.0,36.6,1,0.312,112,0.673,1,2,0,0.356,0,0
CL100286,2244756.0,1927744.0,3.6,5,0.623,124,0.569,1,0,-1,0.344,0,1
CL100287,3249977.0,6512090.0,15.1,5,0.51,148,0.762,1,0,-2,0.458,0,0
CL100288,2787055.0,11008454.0,6.1,2,0.094,151,0.704,0,0,-1,0.107,0,0
CL100289,1773828.0,3202501.0,1.1,1,0.123,50,0.824,0,0,-2,0.288,0,0
CL100290,2182407.0,3371939.0,12.8,5,0.511,133,0.594,1,0,0,0.326,1,0
CL100291,1892671.0,11147745.0,9.9,5,0.129,73,0.612,0,0,0,0.207,0,0
CL100292,1803640.0,5688121.0,6.0,2,0.603,43,0.957,0,0,-2,0.442,0,0
CL100293,3703545.0,5418692.0,5.8,4,0.14,126,0.847,0,0,-1,0.422,0,0
CL100294,2895035.0,1734723.0,0.7,1,0.092,105,0.391,0,0,1,0.053,0,0
CL100295,1712638.0,6421162.0,8.5,5,0.542,36,0.535,1,0,-1,0.662,0,0
CL100296,3797297.0,2083593.0,19.4,3,0.06,101,0.609,0,0,0,0.567,0,0
CL100297,2823957.0,1805207.0,0.8,2,0.329,3,0.569,0,0,0,0.825,0,0
CL100298,3636132.0,3132243.0,2.4,4,0.446,36,0.865,1,1,1,0.853,0,0
CL100299,3317806.0,2649668.0,18.6,4,0.379,112,0.757,0,1,-1,0.805,0,0
CL100300,1599981.0,3419074.0,2.7,2,0.459,45,0.359,1,0,0,0.304,1,1
CL100301,1830152.0,1456159.0,8.5,4,0.516,100,0.069,0,0,-1,0.231,0,1
CL100302,3518857.0,7811999.0,6.1,5,0.494,157,0.523,0,0,0,0.401,0,0
CL100303,3286012.0,8792243.0,7.3,4,0.419,154,0.814,0,1,-2,0.48,0,0
CL100304,2396570.0,1021579.0,4.3,1,0.41,136,0.772,1,0,-1,0.653,0,0
CL100305,2568066.0,7920148.0,2.9,3,0.252,73,0.576,0,0,1,0.337,0,0
CL100306,4587439.0,2263969.0,0.4,5,0.311,150,0.856,0,0,1,0.805,1,0
CL100307,1801652.0,7274480.0,10.9,2,0.33,69,0.342,1,0,-2,0.09,0,0
CL100308,3183681.0,3805993.0,11.0,3,0.551,172,0.424,1,0,-1,0.095,1,0
CL100309,2188887.0,4074029.0,8.9,5,0.107,169,0.825,0,0,-2,0.367,0,0
CL100310,2172001.0,3507562.0,8.3,3,0.283,164,0.725,0,0,-2,0.551,0,0
CL100311,4194935.0,9327620.0,2.2,4,0.641,158,0.48,0,0,0,0.711,0,0
CL100312,3659028.0,1676617.0,0.2,2,0.54,49,0.277,0,0,1,0.376,0,1
CL100313,3637310.0,6110311.0,13.2,2,0.518,109,0.235,0,0,1,0.869,1,0
CL100314,4651682.0,8631519.0,5.4,1,0.367,119,0.7,0,0,-1,0.427,0,0
CL100315,2447315.0,6592466.0,2.9,4,0.487,17,0.837,0,0,0,0.393,0,0
CL100316,3405753.0,20323517.0,0.9,1,0.439,158,0.398,0,1,-1,0.164,0,0
CL100317,2073745.0,2757230.0,0.5,1,0.439,124,0.508,1,0,-2,0.064,0,0
CL100318,2847874.0,7803738.0,3.4,4,0.303,4,0.627,1,0,-1,0.424,0,0
CL100319,2269179.0,3707011.0,13.1,5,0.405,163,0.716,1,1,0,0.627,0,0
CL100320,2542092.0,9467583.0,20.1,1,0.247,84,0.877,1,1,1,0.334,0,0
CL100321,3261111.0,3971354.0,18.2,3,0.125,145,0.808,0,0,0,0.825,0,0
CL100322,1608624.0,3043403.0,20.2,5,0.561,135,0.332,0,0,-1,0.289,1,0
CL100323,6894218.0,9961623.0,19.1,4,0.367,103,0.613,0,0,1,0.301,0,0
CL100324,1464451.0,2830338.0,6.0,2,0.595,117,0.643,0,0,-2,0.354,0,0
CL100325,1319688.0,1485247.0,2.0,5,0.356,62,0.673,1,0,1,0.218,0,0
CL100326,4321251.0,2780683.0,12.8,1,0.47,58,0.956,1,0,1,0.648,0,0
CL100327,3597794.0,6158372.0,1.9,3,0.458,172,0.756,1,0,0,0.182,0,0
CL100328,3308680.0,10579483.0,2.5,4,0.121,58,0.628,1,0,-1,0.066,0,0
CL100329,3315678.0,4315788.0,2.1,2,0.277,106,0.831,1,0,-2,0.204,0,0
CL100330,2406964.0,10046531.0,5.8,3,0.231,72,0.923,1,0,0,0.739,1,0
CL100331,1546296.0,1543059.0,3.1,2,0.128,137,0.774,2,0,0,0.336,0,0
CL100332,2515299.0,2927665.0,1.3,4,0.312,6,0.435,1,0,-2,0.328,0,0
CL100333,1726176.0,3262477.0,4.8,5,0.202,19,0.679,0,0,-1,0.783,0,0
CL100334,3943424.0,3685101.0,16.6,1,0.154,86,0.57,0,0,-2,0.314,0,0
CL100335,2250069.0,4234882.0,6.8,4,0.078,111,0.157,0,0,-2,0.18,0,0
CL100336,1602782.0,6476156.0,16.9,3,0.229,148,0.246,2,0,1,0.326,0,0
CL100337,2062248.0,2924503.0,1.7,5,0.381,64,0.33,3,0,-2,0.07,1,1
CL100338,2977116.0,4400902.0,1.5,2,0.328,155,0.988,2,1,1,0.144,0,0
CL100339,1826912.0,3868642.0,6.9,5,0.178,135,0.772,0,0,-1,0.384,0,0
CL100340,1605410.0,2088334.0,5.0,5,0.249,118,0.864,0,0,-1,0.67,1,0
CL100341,2735551.0,3687404.0,8.6,3,0.282,24,0.331,1,0,-1,0.137,0,0
CL100342,2737302.0,3610794.0,12.7,1,0.271,123,0.315,0,0,-2,0.271,0,1
CL100343,1879523.0,3557055.0,11.1,5,0.636,8,0.898,0,0,1,0.378,0,0
CL100344,1913569.0,4082547.0,22.8,5,0.177,67,0.794,0,0,0,0.582,0,0
CL100345,2719681.0,4209993.0,4.1,1,0.395,11,0.667,0,2,0,0.424,0,0
CL100346,1174036.0,2950229.0,1.8,1,0.242,100,0.45,0,0,-1,0.786,0,0
CL100347,1198125.0,9731711.0,6.4,2,0.218,66,0.591,1,0,0,0.473,0,0
CL100348,1690911.0,1760949.0,0.9,2,0.728,129,0.768,0,0,0,0.156,0,0
CL100349,2176604.0,2410443.0,2.7,1,0.186,7,0.785,0,0,-1,0.266,0,1
CL100350,2829056.0,27951308.0,1.9,4,0.239,24,0.623,1,1,-1,0.165,0,0
CL100351,5064055.0,1930725.0,4.0,1,0.193,140,0.664,1,1,-2,0.363,0,0
CL100352,3718496.0,1547841.0,0.9,2,0.863,63,0.743,0,0,-2,0.389,0,0
CL100353,2235624.0,6676695.0,0.3,3,0.16,72,0.757,0,0,1,0.356,0,0
CL100354,2398831.0,932865.0,8.6,3,0.311,141,0.511,0,0,-1,0.533,0,0
CL100355,1467008.0,3386503.0,7.5,5,0.345,88,0.817,0,0,0,0.323,0,0
CL100356,2399434.0,17931642.0,9.9,3,0.095,116,0.969,0,0,0,0.661,1,1
CL100357,2096271.0,1353961.0,8.6,2,0.574,24,0.295,0,0,1,0.549,0,0
CL100358,2845813.0,997118.0,1.0,3,0.565,38,0.968,0,0,0,0.188,0,0
CL100359,1601393.0,1398028.0,2.8,4,0.426,10,0.834,0,0,1,0.378,0,0
CL100360,3139811.0,7488295.0,1.1,1,0.382,158,0.499,2,1,-1,0.504,0,0
CL100361,5211454.0,8774354.0,14.8,1,0.289,88,0.464,0,0,-2,0.035,0,0
CL100362,2293570.0,2788984.0,11.0,2,0.124,27,0.512,0,1,0,0.284,0,1
CL100363,2960462.0,6441350.0,1.8,5,0.565,30,0.747,0,0,-2,0.323,0,0
CL100364,3419729.0,10566284.0,3.3,1,0.16,128,0.526,0,0,-2,0.172,1,0
CL100365,1981550.0,13952126.0,27.2,3,0.085,117,0.592,0,0,1,0.561,0,0
CL100366,2708881.0,3360382.0,7.2,4,0.416,2,0.457,1,1,0,0.123,0,0
CL100367,2437044.0,797287.0,12.9,5,0.128,8,0.606,0,1,-2,0.499,0,0
CL100368,2542957.0,2247625.0,2.5,5,0.653,145,0.866,0,0,-2,0.526,0,0
CL100369,1645402.0,2961591.0,1.9,5,0.074,48,0.476,0,0,-2,0.487,0,0
CL100370,2451609.0,3330866.0,12.3,1,0.197,64,0.624,2,2,-2,0.443,0,0
CL100371,3106475.0,3500787.0,9.3,5,0.603,141,0.281,1,0,1,0.571,0,0
CL100372,5003118.0,8738300.0,9.1,2,0.117,149,0.899,0,0,1,0.545,1,0
CL100373,3912298.0,9743392.0,6.4,3,0.222,107,0.833,0,2,1,0.546,0,1
CL100374,7107003.0,3540677.0,6.6,4,0.422,130,0.363,1,0,-1,0.275,0,0
CL100375,1650067.0,8614345.0,10.6,3,0.275,127,0.884,0,0,1,0.559,0,0
CL100376,3745854.0,5128701.0,2.5,2,0.236,84,0.614,0,0,-2,0.145,0,1
CL100377,2654246.0,4177210.0,3.5,2,0.412,151,0.619,1,0,0,0.363,0,0
CL100378,7238333.0,7531320.0,16.4,3,0.166,16,0.824,0,0,-2,0.092,0,1
CL100379,1616624.0,4199922.0,3.0,1,0.299,141,0.698,0,0,-1,0.5,1,0
CL100380,1591423.0,16860224.0,6.3,2,0.125,132,0.515,1,0,0,0.405,1,1
CL100381,1794620.0,1458782.0,9.7,5,0.362,2,0.608,0,1,1,0.56,0,0
CL100382,837396.0,2783947.0,76.0,4,0.223,114,0.811,0,0,-2,0.43,1,0
CL100383,1861927.0,3654379.0,4.6,4,0.298,65,0.783,1,0,-1,0.211,0,0
CL100384,1656858.0,5430908.0,4.5,2,0.537,26,0.29,0,0,-1,0.432,0,0
CL100385,2610877.0,9699378.0,14.8,5,0.107,30,0.458,0,0,-1,0.138,0,1
CL100386,2873031.0,3925173.0,13.1,3,0.643,118,0.828,0,0,1,0.523,0,0
CL100387,6187771.0,1475399.0,10.5,4,0.126,38,0.373,0,0,-1,0.214,0,0
CL100388,3895030.0,7201211.0,5.0,5,0.078,148,0.608,0,0,0,0.517,0,0
CL100389,1814913.0,6773111.0,3.1,5,0.458,25,0.438,1,0,1,0.627,1,1
CL100390,1545399.0,1025508.0,7.5,1,0.278,125,0.449,2,0,0,0.431,1,0
CL100391,3097047.0,3982169.0,16.7,2,0.151,52,0.853,0,0,-1,0.641,1,0
CL100392,1251538.0,1311787.0,17.2,5,0.526,83,0.543,0,1,1,0.355,1,0
CL100393,6050971.0,2507368.0,0.9,3,0.133,91,0.478,0,0,0,0.418,0,0
CL100394,4367582.0,2122348.0,4.5,4,0.57,138,0.205,0,2,1,0.405,0,1
CL100395,1915352.0,7035542.0,5.0,1,0.394,169,0.303,0,2,1,0.424,0,0
CL100396,1028316.0,4333045.0,30.4,3,0.475,61,0.607,0,0,0,0.217,0,0
CL100397,4765610.0,1623486.0,9.1,4,0.212,111,0.652,0,0,-1,0.74,0,0
CL100398,2286951.0,7393015.0,4.2,2,0.732,2,0.638,1,0,0,0.316,0,0
CL100399,4496942.0,1463492.0,0.2,3,0.139,81,0.425,0,0,1,0.294,0,0
CL100400,1091197.0,5030750.0,6.7,4,0.451,135,0.774,0,0,-1,0.485,0,0
CL100401,1794635.0,2258457.0,0.8,1,0.265,60,0.582,0,1,1,0.15,0,0
CL100402,2428105.0,3091064.0,14.4,4,0.295,80,0.506,1,1,0,0.54,0,0
CL100403,2479309.0,5682998.0,11.2,5,0.362,113,0.682,0,0,-2,0.573,0,1
CL100404,1933741.0,5751749.0,4.9,1,0.418,27,0.574,0,0,-2,0.622,0,0
CL100405,3306580.0,10179418.0,4.5,3,0.15,1,0.753,0,1,-2,0.343,0,1
CL100406,1420032.0,3769385.0,18.2,2,0.174,86,0.824,0,0,0,0.378,1,0
CL100407,2255338.0,4948107.0,2.7,1,0.616,155,0.845,2,0,1,0.305,0,1
CL100408,2571880.0,2939012.0,2.3,1,0.46,80,0.496,1,0,1,0.367,0,1
CL100409,3132116.0,4535260.0,22.4,1,0.384,60,0.716,0,0,-2,0.314,0,0
CL100410,3456640.0,5431035.0,13.3,4,0.551,53,0.85,0,1,0,0.072,0,0
CL100411,1380117.0,3727257.0,13.7,5,0.302,36,0.191,0,0,-2,0.144,0,0
CL100412,1124606.0,1129601.0,1.7,2,0.305,152,0.429,0,1,-2,0.263,0,1
CL100413,4587466.0,5035531.0,1.2,2,0.39,35,0.479,0,0,-1,0.674,0,0
CL100414,2859499.0,5153533.0,0.2,5,0.21,33,0.436,1,0,-2,0.653,0,0
CL100415,1665701.0,2480271.0,2.2,4,0.635,145,0.466,0,1,0,0.43,0,0
CL100416,5259655.0,1624855.0,11.9,4,0.135,69,0.755,0,0,1,0.262,0,0
CL100417,2565945.0,11218956.0,2.2,5,0.077,163,0.308,0,0,-2,0.391,0,0
CL100418,4367270.0,5632207.0,10.4,5,0.324,107,0.965,0,0,0,0.286,0,0
CL100419,2504900.0,3401215.0,2.3,3,0.526,175,0.815,0,0,1,0.177,0,0
CL100420,6786012.0,1801404.0,4.0,4,0.076,98,0.741,0,0,-1,0.216,0,0
CL100421,5825005.0,2246153.0,32.7,1,0.129,96,0.43,0,0,0,0.619,0,0
CL100422,2138292.0,9937373.0,2.2,2,0.114,89,0.497,1,0,-1,0.581,0,0
CL100423,3936433.0,4396694.0,3.8,4,0.426,59,0.417,1,0,-1,0.152,0,1
CL100424,3344033.0,2715778.0,2.9,5,0.687,61,0.422,0,0,-1,0.297,1,0
CL100425,4800909.0,5704595.0,0.9,1,0.299,150,0.871,0,1,-1,0.466,0,0
CL100426,1494853.0,2257845.0,5.4,3,0.122,27,0.574,0,0,-2,0.213,1,0
CL100427,3412739.0,11416727.0,3.8,3,0.22,112,0.602,0,0,0,0.479,0,0
CL100428,4111145.0,10292853.0,9.5,1,0.354,90,0.483,0,0,1,0.452,0,0
CL100429,1005133.0,2880280.0,13.6,1,0.135,15,0.688,0,0,-2,0.743,0,0
CL100430,1340255.0,2571322.0,6.3,5,0.262,164,0.455,2,1,1,0.545,0,0
CL100431,873605.0,638774.0,0.3,5,0.22,109,0.44,1,0,1,0.046,0,0
CL100432,2116547.0,1415359.0,7.7,2,0.487,41,0.558,2,0,1,0.835,0,1
CL100433,3466899.0,1563396.0,0.5,2,0.64,173,0.505,0,0,1,0.789,0,0
CL100434,5132885.0,4389093.0,7.7,3,0.072,171,0.634,0,0,1,0.347,0,0
CL100435,2513150.0,3177599.0,9.2,1,0.299,12,0.829,3,0,-1,0.248,0,0
CL100436,5467367.0,1556990.0,1.8,3,0.648,96,0.47,0,0,-2,0.159,0,1
CL100437,1214629.0,3279446.0,13.7,5,0.118,4,0.908,1,0,1,0.811,0,0
CL100438,1033342.0,5687242.0,19.4,4,0.381,119,0.453,0,0,-1,0.171,0,0
CL100439,2355412.0,5777534.0,13.4,5,0.3,5,0.545,0,0,1,0.06,1,1
CL100440,2934456.0,1056245.0,2.9,4,0.501,130,0.439,0,2,1,0.371,1,0
CL100441,2382480.0,3649919.0,7.1,1,0.148,46,0.832,0,2,-1,0.339,0,0
CL100442,861370.0,1516115.0,19.7,1,0.008,75,0.447,0,1,0,0.277,0,0
CL100443,2316203.0,7505976.0,3.1,1,0.092,126,0.864,0,0,1,0.383,0,0
CL100444,1261441.0,6912919.0,13.7,2,0.125,137,0.6,0,0,-2,0.41,1,1
CL100445,3384905.0,2129464.0,0.1,2,0.422,136,0.533,1,0,-1,0.098,1,0
CL100446,2908939.0,2335574.0,0.0,4,0.223,58,0.485,0,0,0,0.791,0,0
CL100447,1513689.0,2891000.0,11.4,3,0.685,103,0.301,0,0,0,0.417,0,0
CL100448,1873027.0,824922.0,11.5,3,0.62,63,0.532,1,0,-1,0.226,0,1
CL100449,1426013.0,5051409.0,12.4,4,0.217,143,0.772,0,0,0,0.298,0,1
CL100450,2347028.0,3298600.0,21.3,2,0.265,73,0.331,0,0,0,0.09,0,0
CL100451,3904230.0,7874361.0,1.0,5,0.288,170,0.659,2,1,-2,0.438,0,0
CL100452,1479385.0,1850772.0,2.1,4,0.329,178,0.667,0,1,1,0.565,0,0
CL100453,3115883.0,2588564.0,18.7,3,0.62,94,0.768,0,0,0,0.55,1,1
CL100454,1857740.0,1390859.0,1.6,4,0.134,179,0.352,2,2,-2,0.133,0,0
CL100455,1629141.0,1976813.0,9.2,4,0.685,153,0.465,0,0,-2,0.337,0,0
CL100456,2295554.0,1745606.0,6.0,1,0.25,150,0.415,0,0,1,0.203,0,0
CL100457,1443208.0,8017856.0,0.7,2,0.289,22,0.469,0,0,-1,0.277,0,0
CL100458,1836139.0,2449065.0,2.7,1,0.578,94,0.426,0,0,-1,0.259,0,0
CL100459,1330494.0,4355382.0,5.9,2,0.234,117,0.519,0,0,1,0.74,0,0
CL100460,6467903.0,3058593.0,15.3,4,0.146,74,0.31,2,1,0,0.281,0,0
CL100461,2464826.0,1641916.0,9.8,2,0.21,64,0.819,1,0,0,0.582,0,0
CL100462,1706811.0,3549047.0,7.8,3,0.617,150,0.538,0,0,1,0.259,0,0
CL100463,2695219.0,6073055.0,5.5,1,0.484,141,0.438,0,0,-2,0.409,0,0
CL100464,2289482.0,1714391.0,2.8,4,0.652,155,0.289,1,0,1,0.248,0,1
CL100465,2168433.0,7034794.0,1.0,3,0.257,47,0.779,1,1,-1,0.225,0,0
CL100466,3292255.0,2202702.0,4.2,2,0.554,91,0.534,0,0,-2,0.311,0,1
CL100467,3536874.0,2847384.0,0.2,2,0.545,21,0.73,0,0,-1,0.258,0,0
CL100468,1857514.0,5789047.0,1.9,3,0.516,31,0.189,0,0,-1,0.742,0,1
CL100469,1815898.0,2509502.0,4.5,2,0.334,121,0.751,1,0,-2,0.232,0,0
CL100470,2110582.0,4099200.0,4.3,1,0.227,38,0.544,2,0,1,0.262,0,1
CL100471,766078.0,3203378.0,0.4,5,0.65,39,0.143,0,0,-1,0.32,1,1
CL100472,1135297.0,4371241.0,7.1,2,0.124,164,0.952,0,0,-1,0.534,0,0
CL100473,4796692.0,754253.0,6.4,4,0.193,100,0.792,1,1,1,0.135,0,0
CL100474,5512252.0,1109281.0,0.7,2,0.31,11,0.642,1,0,0,0.354,0,1
CL100475,2138215.0,6145170.0,22.9,4,0.08,69,0.252,1,0,0,0.343,0,0
CL100476,3230923.0,8252502.0,0.8,2,0.268,34,0.48,0,1,1,0.215,0,0
CL100477,2829541.0,2110973.0,15.4,2,0.207,5,0.708,1,0,1,0.78,0,0
CL100478,11290141.0,3365813.0,0.0,4,0.623,20,0.517,1,0,1,0.349,0,1
CL100479,4238786.0,4907639.0,17.1,1,0.423,63,0.884,0,1,0,0.459,0,0
CL100480,2271705.0,6486621.0,0.2,5,0.371,45,0.849,0,1,-1,0.377,0,0
CL100481,1501882.0,965717.0,11.3,5,0.398,170,0.529,0,0,-2,0.323,0,0
CL100482,1084660.0,2147407.0,3.6,1,0.06,13,0.871,0,0,-2,0.497,0,0
CL100483,2681084.0,3163515.0,10.7,2,0.197,137,0.54,0,0,-2,0.356,0,1
CL100484,1659164.0,6531833.0,4.1,5,0.351,133,0.624,0,1,-2,0.182,0,0
CL100485,1189297.0,22951672.0,0.6,1,0.458,166,0.604,1,0,1,0.291,1,0
CL100486,1752780.0,3403776.0,11.7,1,0.321,94,0.854,1,0,0,0.855,0,0
CL100487,1410177.0,1491236.0,0.6,5,0.312,177,0.789,0,1,-1,0.607,0,0
CL100488,5629723.0,5291369.0,20.4,4,0.756,92,0.181,1,0,1,0.206,0,0
CL100489,3763349.0,10066232.0,0.4,3,0.176,101,0.848,1,0,0,0.459,0,0
CL100490,2412113.0,4306387.0,5.2,4,0.134,156,0.908,0,0,-2,0.499,0,0
CL100491,5075685.0,2116652.0,10.3,2,0.749,121,0.479,2,1,-2,0.439,1,0
CL100492,2517267.0,7807503.0,4.0,4,0.727,124,0.322,1,0,-2,0.187,0,0
CL100493,1574358.0,6353281.0,2.0,3,0.248,171,0.793,0,1,1,0.512,0,0
CL100494,5186461.0,1946889.0,11.4,3,0.332,169,0.242,1,0,1,0.454,0,0
CL100495,3170675.0,5214730.0,12.3,1,0.164,172,0.366,0,0,0,0.399,0,0
CL100496,1441763.0,8025110.0,20.5,2,0.216,157,0.732,1,1,-1,0.704,0,1
CL100497,2201899.0,9132253.0,3.8,1,0.893,68,0.793,0,0,1,0.334,0,0
CL100498,1563115.0,3811318.0,5.6,4,0.232,25,0.543,3,1,-2,0.31,0,1
CL100499,1212991.0,3107547.0,3.6,4,0.478,14,0.58,0,0,-1,0.234,1,0
CL100500,3848095.0,9427030.0,2.4,5,0.747,62,0.671,2,0,-1,0.117,0,0
CL100501,6291489.0,1711512.0,11.1,1,0.174,145,0.715,0,0,0,0.148,0,0
CL100502,1203466.0,5427589.0,3.3,1,0.195,117,0.863,0,0,0,0.682,1,0
CL100503,3209047.0,1530311.0,4.5,1,0.433,147,0.306,1,1,-1,0.051,0,1
CL100504,1749217.0,8416995.0,4.1,1,0.258,157,0.558,0,2,-1,0.548,1,0
CL100505,1898239.0,3332949.0,10.0,3,0.399,100,0.465,0,0,0,0.684,0,0
CL100506,1800911.0,9703607.0,20.0,5,0.519,66,0.171,0,0,1,0.04,0,0
CL100507,1572229.0,5632077.0,8.8,2,0.233,45,0.596,1,0,-1,0.523,0,0
CL100508,2481220.0,1695937.0,5.1,2,0.165,71,0.912,1,0,-1,0.18,0,0
CL100509,1598418.0,10823599.0,12.1,2,0.652,28,0.457,0,1,-1,0.248,0,0
CL100510,2772412.0,11826717.0,8.2,3,0.61,59,0.725,0,0,-2,0.655,0,0
CL100511,2361673.0,7404515.0,0.5,5,0.184,8,0.208,0,0,-2,0.327,0,0
CL100512,2149028.0,2342873.0,0.8,5,0.332,10,0.787,0,0,1,0.579,0,0
CL100513,1538346.0,3222894.0,0.3,3,0.459,21,0.181,0,0,0,0.221,0,0
CL100514,1815033.0,4420658.0,4.9,1,0.334,35,0.489,0,0,1,0.2,0,0
CL100515,3533133.0,2439742.0,14.0,4,0.318,4,0.812,0,0,1,0.408,0,0
CL100516,3111012.0,13054489.0,3.0,1,0.211,85,0.289,1,0,1,0.137,0,0
CL100517,1485441.0,4417253.0,3.9,2,0.261,25,0.166,0,0,-2,0.359,1,0
CL100518,2545063.0,601786.0,19.2,1,0.228,20,0.68,0,0,0,0.371,0,0
CL100519,3526067.0,5063402.0,14.5,3,0.508,96,0.88,0,0,0,0.105,0,0
CL100520,1051047.0,3129206.0,8.8,2,0.529,96,0.755,1,2,1,0.158,1,0
CL100521,3177738.0,3788768.0,2.5,4,0.039,127,0.901,0,0,1,0.323,0,0
CL100522,1738769.0,3084705.0,1.0,2,0.168,22,0.823,2,0,-1,0.766,0,0
CL100523,3221312.0,7024626.0,0.1,1,0.214,49,0.967,1,0,0,0.185,0,0
CL100524,1653443.0,8743153.0,0.9,5,0.545,89,0.208,1,0,-2,0.194,1,0
CL100525,982209.0,4867725.0,2.8,5,0.239,6,0.754,0,0,-2,0.342,1,1
CL100526,1073279.0,3148643.0,6.4,5,0.228,179,0.693,1,0,1,0.178,0,0
CL100527,2480678.0,3878907.0,0.5,2,0.289,155,0.926,0,0,0,0.198,1,0
CL100528,2757572.0,4047944.0,1.2,5,0.37,146,0.876,0,1,-2,0.647,0,1
CL100529,1540845.0,2276840.0,1.6,3,0.451,12,0.233,0,0,-1,0.327,0,1
CL100530,3332710.0,5987892.0,8.0,4,0.393,28,0.807,0,0,-1,0.61,0,0
CL100531,1055199.0,5509749.0,7.7,5,0.041,19,0.71,0,0,-1,0.483,1,0
CL100532,2343041.0,11737611.0,6.4,3,0.38,43,0.944,1,0,1,0.413,1,0
CL100533,1321783.0,9614134.0,2.3,3,0.214,99,0.571,0,0,0,0.189,1,0
CL100534,1748173.0,2470738.0,3.7,2,0.104,143,0.818,0,0,-2,0.226,1,0
CL100535,2479827.0,7090092.0,0.8,2,0.576,36,0.831,0,0,0,0.368,0,0
CL100536,1575043.0,2052015.0,2.1,4,0.275,97,0.824,1,0,-2,0.327,0,1
CL100537,1998130.0,6498958.0,18.2,4,0.37,85,0.288,1,0,1,0.359,0,0
CL100538,4005370.0,2781136.0,31.2,1,0.464,42,0.321,0,0,0,0.138,1,0
CL100539,1814924.0,1950747.0,8.3,4,0.311,91,0.979,0,0,-2,0.167,0,0
CL100540,3677876.0,4857487.0,19.9,2,0.084,126,0.675,1,0,0,0.151,0,1
CL100541,1376627.0,614032.0,8.2,3,0.349,45,0.886,0,0,-1,0.175,0,0
CL100542,3156272.0,1172111.0,0.3,1,0.424,30,0.465,1,0,0,0.281,0,0
CL100543,4979222.0,3526286.0,45.9,4,0.218,39,0.916,1,1,1,0.44,0,0
CL100544,703750.0,4229986.0,0.8,3,0.286,174,0.591,0,0,-2,0.462,1,0
CL100545,1625868.0,3083195.0,9.2,2,0.219,30,0.281,0,1,-2,0.464,0,1
CL100546,3231756.0,1321654.0,2.3,5,0.05,109,0.388,0,0,0,0.199,0,0
CL100547,2187954.0,2252330.0,4.0,1,0.523,88,0.93,0,1,1,0.225,0,0
CL100548,2915561.0,5250566.0,8.3,3,0.16,86,0.87,0,0,0,0.446,0,0
CL100549,1790503.0,5999863.0,4.6,2,0.297,37,0.717,0,0,1,0.096,1,0
CL100550,2528900.0,3947701.0,2.3,2,0.328,90,0.827,0,0,1,0.363,0,1
CL100551,2240392.0,8973476.0,3.3,1,0.128,150,0.575,0,1,-2,0.395,0,0
CL100552,4342197.0,5273358.0,3.3,1,0.195,97,0.505,0,0,-1,0.548,1,0
CL100553,2750272.0,2366165.0,25.6,4,0.294,24,0.252,0,0,0,0.333,0,0
CL100554,2867070.0,3280966.0,12.8,4,0.363,69,0.703,1,0,-2,0.699,1,0
CL100555,1971020.0,1495534.0,4.9,1,0.205,88,0.371,1,1,0,0.426,0,0
CL100556,1897783.0,3701700.0,1.8,1,0.727,99,0.66,0,0,-1,0.377,0,0
CL100557,1950743.0,8696841.0,13.3,3,0.193,122,0.626,0,0,-2,0.629,1,0
CL100558,2949736.0,6450725.0,1.4,4,0.14,86,0.598,1,0,1,0.65,0,0
CL100559,1962064.0,10653580.0,1.9,2,0.25,161,0.472,0,0,1,0.446,0,1
CL100560,2799321.0,3229960.0,3.6,4,0.25,17,0.406,0,0,-2,0.668,0,0
CL100561,6835912.0,10244688.0,17.0,4,0.327,12,0.715,0,2,-2,0.382,0,1
CL100562,3743615.0,3487470.0,1.1,1,0.512,30,0.673,1,1,1,0.632,0,1
CL100563,2057471.0,11185284.0,1.0,1,0.17,141,0.127,1,1,1,0.616,0,0
CL100564,4415391.0,3932163.0,5.4,4,0.165,6,0.926,0,0,0,0.013,0,0
CL100565,1974770.0,6550566.0,2.6,5,0.206,125,0.721,0,1,-2,0.857,0,1
CL100566,874089.0,11212936.0,6.7,5,0.349,11,0.164,1,0,-2,0.303,0,0
CL100567,1462937.0,3487169.0,4.8,4,0.685,128,0.809,1,1,-2,0.394,0,0
CL100568,950368.0,4652300.0,4.6,5,0.374,124,0.735,0,0,-2,0.219,0,0
CL100569,2031415.0,9842343.0,1.0,4,0.15,60,0.817,0,0,-2,0.307,1,0
CL100570,2444153.0,3637830.0,1.2,1,0.33,10,0.802,1,1,1,0.686,0,0
CL100571,5599672.0,1583860.0,13.8,1,0.274,16,0.787,0,0,0,0.274,0,0
CL100572,2851808.0,17896307.0,17.4,1,0.445,84,0.677,0,0,1,0.54,1,0
CL100573,2170460.0,2873855.0,2.1,2,0.214,170,0.626,0,0,-1,0.568,0,0
CL100574,3666334.0,4462096.0,1.0,1,0.595,172,0.585,0,0,-1,0.312,0,1
CL100575,801654.0,8968282.0,0.4,1,0.381,147,0.409,0,0,1,0.364,0,1
CL100576,2724532.0,2607896.0,7.5,4,0.091,100,0.825,0,0,-1,0.124,0,0
CL100577,3560575.0,1971869.0,10.1,5,0.285,15,0.801,1,0,1,0.392,0,0
CL100578,1156267.0,4768852.0,3.7,5,0.437,85,0.315,0,0,-2,0.579,1,0
CL100579,4290342.0,1138072.0,9.1,1,0.354,39,0.917,0,2,1,0.681,0,0
CL100580,2868352.0,3264006.0,10.0,1,0.329,5,0.809,1,0,1,0.319,0,0
CL100581,1967661.0,4739902.0,21.9,1,0.339,86,0.52,1,1,0,0.354,0,0
CL100582,3323041.0,3305286.0,0.5,4,0.134,31,0.744,0,0,-1,0.556,1,0
CL100583,7537088.0,1355369.0,1.7,4,0.52,156,0.622,1,1,1,0.219,0,0
CL100584,2652288.0,12187539.0,0.6,4,0.315,38,0.585,0,0,0,0.274,0,0
CL100585,2741759.0,4292916.0,16.2,5,0.365,143,0.423,2,0,-2,0.486,1,1
CL100586,1924775.0,10873144.0,12.6,2,0.194,19,0.607,0,0,-2,0.217,0,0
CL100587,1583389.0,3328308.0,6.8,5,0.692,163,0.331,0,0,0,0.194,0,1
CL100588,3668040.0,2156488.0,0.7,4,0.615,15,0.905,2,0,-2,0.73,0,0
CL100589,1578457.0,4820685.0,2.6,3,0.416,114,0.49,1,1,-1,0.256,0,1
CL100590,2509974.0,3433014.0,2.8,2,0.392,88,0.334,1,0,0,0.299,0,0
CL100591,1907247.0,1750771.0,6.6,1,0.224,175,0.708,0,0,-1,0.206,0,0
CL100592,3077075.0,11171193.0,2.4,5,0.132,148,0.824,0,0,1,0.335,0,0
CL100593,2861427.0,2582868.0,0.6,2,0.244,9,0.732,0,0,-1,0.382,1,0
CL100594,4068439.0,1101093.0,10.5,3,0.436,5,0.839,0,0,-2,0.894,0,1
CL100595,1876637.0,10116884.0,2.8,2,0.359,139,0.401,0,1,-1,0.421,0,0
CL100596,2116052.0,2805217.0,4.8,5,0.331,118,0.497,0,0,-1,0.428,0,1
CL100597,1484544.0,2609119.0,1.1,4,0.49,103,0.746,1,0,1,0.192,0,0
CL100598,1939331.0,1160346.0,13.0,1,0.381,91,0.688,0,0,1,0.438,0,0
CL100599,2924547.0,13506195.0,6.7,4,0.263,2,0.833,0,1,-2,0.299,0,0
CL100600,3535956.0,1619072.0,18.5,4,0.216,148,0.732,0,2,0,0.407,0,0
CL100601,1527155.0,4159538.0,5.5,5,0.346,21,0.846,0,0,-2,0.755,0,0
CL100602,3740773.0,7563422.0,22.7,4,0.354,51,0.509,0,0,-1,0.449,0,0
CL100603,4769819.0,5363900.0,17.8,4,0.269,158,0.541,0,0,-2,0.518,0,0
CL100604,2977866.0,3829489.0,6.9,5,0.352,176,0.554,1,1,0,0.113,0,0
CL100605,6189705.0,1213275.0,21.7,5,0.041,1,0.702,2,0,1,0.341,0,0
CL100606,1644761.0,2265243.0,3.1,3,0.505,163,0.891,0,1,1,0.65,0,0
CL100607,1299737.0,4553744.0,3.6,4,0.428,154,0.462,0,1,-1,0.206,0,1
CL100608,995141.0,2301285.0,0.4,2,0.133,9,0.798,0,1,-2,0.826,0,0
CL100609,5116710.0,4603611.0,7.1,1,0.666,113,0.23,0,0,-2,0.381,0,1
CL100610,3359097.0,6434730.0,10.2,1,0.071,168,0.469,2,1,1,0.633,1,1
CL100611,2355368.0,7832184.0,11.9,5,0.187,21,0.331,0,1,1,0.176,0,0
CL100612,2785629.0,1692428.0,1.3,5,0.37,80,0.969,0,0,-2,0.273,0,0
CL100613,1379533.0,18581040.0,4.7,3,0.325,140,0.619,1,1,-2,0.228,0,0
CL100614,8226539.0,6832735.0,1.6,4,0.347,37,0.335,0,0,1,0.444,0,1
CL100615,2583384.0,3987999.0,8.7,5,0.421,91,0.181,2,0,1,0.079,0,0
CL100616,2557901.0,8560555.0,1.4,5,0.404,71,0.824,0,0,-2,0.576,0,0
CL100617,3481185.0,20910991.0,18.8,1,0.156,152,0.771,1,1,0,0.298,0,0
CL100618,3080199.0,1458466.0,2.1,4,0.126,178,0.427,3,0,-2,0.292,0,0
CL100619,2708599.0,3410318.0,2.8,3,0.636,110,0.494,0,1,-2,0.331,0,0
CL100620,1631096.0,755472.0,15.2,5,0.578,104,0.907,0,0,-2,0.802,0,0
CL100621,3065540.0,4569234.0,4.9,5,0.121,109,0.377,2,0,1,0.253,0,0
CL100622,6205908.0,5156538.0,0.2,5,0.188,156,0.514,0,1,0,0.116,0,0
CL100623,4745513.0,3884817.0,5.5,1,0.236,4,0.472,1,0,-1,0.258,0,1
CL100624,5371369.0,2525189.0,0.7,5,0.255,140,0.534,0,0,1,0.729,0,1
CL100625,1875512.0,951067.0,33.8,5,0.445,67,0.613,0,1,0,0.452,1,0
CL100626,1476519.0,5186002.0,7.1,1,0.23,165,0.552,1,0,-1,0.517,1,0
CL100627,2274126.0,11059542.0,2.4,5,0.36,4,0.517,0,0,-1,0.675,0,0
CL100628,2490172.0,2639994.0,6.6,4,0.701,15,0.886,1,0,0,0.5,0,0
CL100629,4185329.0,5433217.0,0.6,4,0.461,156,0.724,0,0,1,0.223,0,0
CL100630,1038998.0,1332142.0,12.9,1,0.27,37,0.606,1,0,-2,0.288,0,0
CL100631,5203152.0,5498848.0,20.8,4,0.316,137,0.634,1,1,0,0.737,0,0
CL100632,2237783.0,3031695.0,16.6,3,0.345,14,0.716,0,0,-2,0.31,0,1
CL100633,1956288.0,2341512.0,3.3,5,0.223,123,0.607,0,0,1,0.328,0,0
CL100634,1460001.0,2344882.0,3.2,3,0.453,111,0.803,1,0,1,0.379,0,0
CL100635,1058721.0,3031208.0,0.3,4,0.285,126,0.428,0,2,1,0.228,0,1
CL100636,3654922.0,5218410.0,8.4,1,0.328,82,0.366,0,1,-1,0.289,0,0
CL100637,2512174.0,1593567.0,6.1,1,0.326,50,0.6,1,0,1,0.604,0,0
CL100638,1270625.0,3023783.0,4.9,3,0.371,78,0.66,0,0,-1,0.281,1,0
CL100639,1267378.0,3878542.0,19.1,4,0.569,25,0.585,1,1,-1,0.415,1,1
CL100640,2047454.0,1849956.0,1.5,5,0.069,39,0.914,0,0,-2,0.268,0,0
CL100641,5578948.0,14043436.0,0.1,4,0.505,26,0.702,1,1,-1,0.15,0,0
CL100642,2126960.0,2196890.0,0.6,4,0.465,60,0.653,1,0,-1,0.179,0,1
CL100643,1142156.0,2498982.0,2.0,1,0.302,52,0.299,0,0,1,0.199,0,0
CL100644,2141739.0,2013096.0,0.3,2,0.48,70,0.601,0,0,-1,0.686,0,0
CL100645,2113040.0,14061288.0,5.6,5,0.078,154,0.947,0,0,1,0.499,1,0
CL100646,628793.0,5879802.0,3.0,5,0.499,48,0.275,0,0,1,0.26,1,0
CL100647,2356888.0,2072748.0,1.6,1,0.11,54,0.447,0,0,-1,0.342,0,1
CL100648,2157655.0,8661185.0,11.1,4,0.178,115,0.646,0,0,-2,0.555,0,1
CL100649,3430111.0,4595045.0,1.8,1,0.493,169,0.685,0,0,-1,0.509,0,0
CL100650,6104142.0,4780604.0,9.3,4,0.458,116,0.594,0,1,-2,0.299,0,0
CL100651,4253627.0,3137278.0,3.4,2,0.406,129,0.704,1,1,-2,0.506,0,0
CL100652,2117095.0,2362920.0,5.7,2,0.333,114,0.863,1,0,-2,0.194,0,0
CL100653,1392675.0,5057770.0,21.7,3,0.322,21,0.904,0,0,0,0.738,0,0
CL100654,8768531.0,2726254.0,0.3,4,0.403,110,0.597,0,2,0,0.037,0,0
CL100655,2494526.0,14242328.0,5.5,1,0.189,72,0.327,0,1,-1,0.645,0,1
CL100656,2438673.0,1642116.0,15.4,1,0.283,153,0.463,2,0,1,0.181,0,0
CL100657,2392711.0,11702461.0,7.1,1,0.361,18,0.491,2,0,-1,0.336,0,0
CL100658,2673883.0,3693469.0,2.6,3,0.28,15,0.306,0,0,1,0.474,0,0
CL100659,2253105.0,4922662.0,4.1,5,0.199,42,0.51,0,0,0,0.624,1,0
CL100660,1817857.0,7154202.0,9.1,1,0.297,20,0.479,0,0,1,0.527,0,1
CL100661,1842383.0,2568482.0,17.7,2,0.249,16,0.773,1,1,-2,0.708,0,1
CL100662,2382411.0,7311609.0,0.3,1,0.193,135,0.406,0,0,-2,0.211,0,0
CL100663,1845549.0,600021.0,0.6,1,0.107,95,0.488,0,0,-1,0.62,0,0
CL100664,1695651.0,2412098.0,3.1,1,0.213,93,0.908,1,0,-2,0.876,0,0
CL100665,2554112.0,2091006.0,2.1,5,0.021,81,0.767,1,1,-2,0.407,0,0
CL100666,2131873.0,1660361.0,2.5,1,0.213,133,0.76,1,1,-1,0.557,0,0
CL100667,5137086.0,3435014.0,2.0,5,0.394,146,0.857,1,1,-1,0.405,1,1
CL100668,643396.0,5230539.0,1.7,5,0.424,78,0.802,0,0,1,0.424,0,0
CL100669,4179714.0,6529638.0,1.1,3,0.597,95,0.344,0,1,-1,0.487,0,0
CL100670,4515573.0,4726113.0,21.7,2,0.151,146,0.795,1,0,-1,0.566,0,0
CL100671,858812.0,2505539.0,1.2,1,0.678,64,0.698,1,1,-1,0.346,0,0
CL100672,2040400.0,5169629.0,1.8,1,0.266,153,0.407,0,0,0,0.445,0,0
CL100673,2011275.0,4355718.0,2.3,1,0.515,26,0.796,0,0,-1,0.576,0,0
CL100674,1198096.0,7688523.0,21.6,5,0.049,144,0.684,0,0,-1,0.534,1,0
CL100675,1641452.0,6878118.0,11.3,4,0.513,77,0.762,0,0,1,0.581,1,0
CL100676,1389858.0,4078882.0,12.5,2,0.191,58,0.536,0,0,1,0.514,0,1
CL100677,5816069.0,2130619.0,0.9,1,0.413,96,0.564,0,0,-1,0.61,0,0
CL100678,3866419.0,2527990.0,14.5,4,0.296,155,0.608,1,0,-1,0.459,1,0
CL100679,4573446.0,2717295.0,4.2,4,0.333,177,0.601,0,0,-2,0.184,0,0
CL100680,3474065.0,3202088.0,2.4,4,0.034,47,0.8,0,0,0,0.199,0,0
CL100681,1377078.0,4816872.0,6.9,2,0.358,71,0.741,0,1,-2,0.21,0,0
CL100682,1863077.0,6587089.0,13.8,4,0.539,123,0.557,0,0,1,0.069,0,0
CL100683,3093109.0,3852439.0,12.1,1,0.043,178,0.662,0,0,0,0.12,0,0
CL100684,1314459.0,4038110.0,17.7,1,0.32,46,0.796,1,0,-1,0.742,1,0
CL100685,3459032.0,4414100.0,21.1,3,0.443,8,0.727,0,0,-2,0.486,0,0
CL100686,2147548.0,2782516.0,2.2,5,0.034,2,0.217,0,0,0,0.69,0,0
CL100687,2007879.0,2089061.0,4.4,4,0.115,146,0.51,0,1,-2,0.525,0,0
CL100688,3455508.0,1168456.0,0.1,5,0.579,36,0.596,1,0,0,0.296,0,0
CL100689,3024123.0,2454406.0,16.9,5,0.392,88,0.227,1,0,0,0.231,0,0
CL100690,2021837.0,5560518.0,1.3,5,0.267,119,0.764,0,1,0,0.536,0,1
CL100691,4323885.0,2441107.0,15.8,5,0.321,42,0.773,1,0,1,0.087,0,0
CL100692,1410519.0,3380503.0,3.2,5,0.382,102,0.24,0,0,1,0.558,0,0
CL100693,3295168.0,5534445.0,3.7,1,0.455,139,0.71,2,0,-2,0.13,0,0
CL100694,3257761.0,5748690.0,0.3,2,0.096,59,0.63,1,0,-2,0.097,1,0
CL100695,2074492.0,1875390.0,3.2,4,0.101,49,0.537,1,0,-2,0.519,0,1
CL100696,2850675.0,8023951.0,17.5,4,0.176,104,0.893,0,0,-2,0.422,0,0
CL100697,1295547.0,8790174.0,0.2,1,0.431,128,0.333,1,2,-1,0.482,0,1
CL100698,3843959.0,1810485.0,4.2,1,0.396,74,0.686,3,0,1,0.386,0,0
CL100699,2207892.0,2242976.0,0.3,5,0.514,30,0.315,0,0,-1,0.832,0,1
CL100700,1864752.0,9191259.0,3.7,2,0.33,28,0.688,0,0,-1,0.166,0,0
CL100701,4091837.0,3602730.0,1.5,4,0.69,93,0.307,0,0,1,0.17,0,0
CL100702,1702874.0,844209.0,2.3,3,0.205,179,0.368,2,0,1,0.262,1,0
CL100703,1197527.0,1498871.0,16.8,1,0.069,27,0.328,1,0,-2,0.397,0,0
CL100704,1112016.0,3353252.0,4.6,3,0.135,127,0.904,0,0,-1,0.141,0,0
CL100705,3278855.0,1768903.0,2.6,4,0.114,98,0.729,1,1,1,0.551,0,0
CL100706,1276695.0,2989460.0,7.1,1,0.319,52,0.553,0,0,1,0.395,0,0
CL100707,5823413.0,4084367.0,1.2,4,0.147,162,0.322,1,0,-1,0.718,0,1
CL100708,855153.0,11112467.0,2.4,1,0.335,160,0.754,0,1,-1,0.492,0,0
CL100709,5656004.0,3258190.0,6.3,4,0.458,44,0.798,0,0,-2,0.21,0,0
CL100710,2691230.0,8459319.0,2.2,3,0.29,132,0.669,1,1,1,0.54,0,0
CL100711,2307427.0,10854954.0,9.1,2,0.518,48,0.362,0,0,-1,0.24,0,0
CL100712,1844171.0,10897204.0,5.4,1,0.168,98,0.387,0,0,-1,0.292,0,0
CL100713,2956652.0,4873526.0,11.8,3,0.098,16,0.832,0,0,-1,0.237,1,1
CL100714,2376603.0,1010239.0,23.7,4,0.37,47,0.526,0,1,0,0.837,0,0
CL100715,4204437.0,5512768.0,1.0,3,0.094,110,0.313,0,0,-2,0.045,0,0
CL100716,2564089.0,8317564.0,3.3,1,0.273,75,0.47,1,1,1,0.151,0,0
CL100717,2610757.0,3772517.0,3.1,3,0.465,15,0.683,1,0,0,0.27,0,0
CL100718,2019164.0,13540675.0,1.3,4,0.623,102,0.608,0,0,1,0.488,0,0
CL100719,2353766.0,7289048.0,13.3,5,0.47,94,0.353,0,0,0,0.411,1,0
CL100720,2824667.0,5943397.0,11.4,2,0.419,144,0.616,1,1,1,0.71,0,0
CL100721,1029842.0,8541665.0,5.3,2,0.401,129,0.302,1,1,-2,0.354,0,0
CL100722,1234168.0,5042229.0,6.2,5,0.319,153,0.496,0,0,1,0.35,0,0
CL100723,3511775.0,697343.0,0.5,1,0.333,64,0.462,0,0,0,0.347,0,0
CL100724,2637739.0,2815366.0,6.5,3,0.238,92,0.299,0,0,0,0.346,0,0
CL100725,2208907.0,9230443.0,12.5,3,0.22,43,0.279,1,0,1,0.106,0,0
CL100726,2444172.0,2268629.0,6.8,5,0.041,14,0.509,0,0,1,0.205,0,0
CL100727,2881412.0,3414594.0,2.5,5,0.284,176,0.996,2,0,1,0.312,0,0
CL100728,1848935.0,1921496.0,8.8,4,0.403,68,0.839,0,0,1,0.165,0,0
CL100729,1641051.0,13918728.0,3.6,4,0.246,14,0.822,1,0,-1,0.435,0,0
CL100730,2670891.0,12955678.0,6.3,2,0.068,143,0.822,0,0,-1,0.206,0,0
CL100731,1484834.0,2150674.0,5.3,1,0.291,145,0.542,1,0,1,0.679,0,0
CL100732,2970160.0,4426451.0,3.8,1,0.136,92,0.779,0,1,-1,0.137,0,0
CL100733,1033755.0,2479715.0,10.2,5,0.304,138,0.752,0,0,1,0.516,0,0
CL100734,4051419.0,6140773.0,17.2,2,0.321,17,0.528,1,0,-2,0.202,0,0
CL100735,3067271.0,5704570.0,0.0,2,0.399,136,0.819,2,0,0,0.119,0,1
CL100736,2752485.0,7047573.0,21.7,4,0.336,2,0.794,0,0,-2,0.127,0,0
CL100737,3958380.0,5037109.0,5.7,3,0.397,65,0.888,0,0,0,0.786,0,0
CL100738,5569062.0,31164318.0,9.7,1,0.739,119,0.707,0,1,-2,0.514,0,1
CL100739,4021578.0,1944379.0,15.5,2,0.047,99,0.517,1,2,0,0.347,0,0
CL100740,964691.0,1205708.0,5.0,4,0.471,107,0.804,1,0,0,0.214,0,1
CL100741,1277239.0,3032315.0,14.4,4,0.186,117,0.837,3,0,0,0.442,0,1
CL100742,1771949.0,1332288.0,1.6,4,0.37,164,0.201,0,0,-1,0.33,1,0
CL100743,2453548.0,1404619.0,1.4,3,0.449,9,0.946,2,0,-1,0.454,1,0
CL100744,3137163.0,1980935.0,8.6,2,0.684,142,0.707,1,1,0,0.337,0,0
CL100745,1684751.0,2093751.0,16.3,5,0.102,74,0.615,1,2,1,0.597,1,0
CL100746,2658794.0,2046757.0,17.8,5,0.601,22,0.881,1,1,0,0.431,0,0
CL100747,1659967.0,5738757.0,8.3,4,0.295,16,0.259,0,0,0,0.026,0,0
CL100748,1783773.0,2801506.0,6.0,4,0.154,169,0.716,0,0,1,0.165,0,0
CL100749,1198606.0,3521296.0,3.2,3,0.691,156,0.274,0,0,-1,0.378,0,0
CL100750,1526340.0,7466694.0,31.3,4,0.61,94,0.525,1,0,0,0.499,0,1
CL100751,1232010.0,2335121.0,3.1,2,0.323,157,0.443,0,0,1,0.346,1,1
CL100752,1486691.0,3317818.0,10.9,4,0.244,156,0.83,0,1,1,0.475,0,0
CL100753,4101326.0,5157858.0,6.1,4,0.275,86,0.738,0,0,1,0.265,0,0
CL100754,1506501.0,1025717.0,7.5,2,0.425,32,0.674,0,1,1,0.195,0,0
CL100755,9031157.0,752056.0,4.0,1,0.369,11,0.505,2,2,-2,0.261,0,0
CL100756,3099214.0,5087424.0,26.8,5,0.546,154,0.73,0,0,0,0.362,0,0
CL100757,2656229.0,5634449.0,6.8,4,0.071,159,0.681,0,1,-1,0.243,1,0
CL100758,1576663.0,16936034.0,22.2,2,0.205,20,0.798,0,0,-1,0.372,0,0
CL100759,3437156.0,4460032.0,0.1,5,0.544,84,0.942,0,1,-2,0.525,0,0
CL100760,1816062.0,7087320.0,6.8,3,0.584,169,0.788,1,0,1,0.331,0,0
CL100761,2574086.0,3482180.0,10.1,1,0.328,67,0.799,0,0,-2,0.035,0,0
CL100762,8710522.0,4916262.0,10.9,4,0.123,44,0.533,2,1,1,0.317,0,0
CL100763,2308180.0,12827217.0,18.8,1,0.153,95,0.351,0,1,-2,0.597,0,1
CL100764,4302198.0,902754.0,0.0,4,0.211,106,0.714,0,1,-1,0.553,0,0
CL100765,1703868.0,5333570.0,0.0,4,0.453,135,0.573,1,1,1,0.296,0,0
CL100766,2379749.0,17803591.0,5.1,4,0.168,94,0.397,0,0,0,0.472,0,0
CL100767,5870206.0,4864254.0,0.2,1,0.087,54,0.711,0,0,0,0.217,0,0
CL100768,1770047.0,12678283.0,29.4,3,0.073,82,0.567,0,0,-2,0.351,0,0
CL100769,5993729.0,2570347.0,2.0,2,0.235,13,0.405,0,0,1,0.051,0,0
CL100770,3449970.0,3904213.0,5.1,2,0.567,33,0.85,1,2,1,0.831,1,1
CL100771,1828061.0,4087595.0,0.5,3,0.084,135,0.625,0,0,-2,0.222,0,1
CL100772,3322420.0,845502.0,5.9,3,0.194,158,0.522,0,0,1,0.357,0,0
CL100773,3938369.0,1762556.0,3.8,4,0.193,11,0.493,1,0,-1,0.797,0,0
CL100774,3304861.0,1852761.0,0.4,4,0.415,70,0.654,2,0,-2,0.709,0,0
CL100775,1104483.0,7098871.0,3.3,2,0.123,21,0.232,0,0,-2,0.431,0,0
CL100776,1683577.0,7352178.0,4.0,4,0.319,32,0.75,1,1,-1,0.638,0,0
CL100777,2139838.0,5009394.0,36.8,4,0.398,133,0.469,3,1,0,0.206,0,0
CL100778,2333275.0,7108999.0,1.9,3,0.335,106,0.026,0,1,0,0.416,0,0
CL100779,3302981.0,3559375.0,6.3,1,0.388,93,0.388,1,0,0,0.106,0,0
CL100780,2646770.0,9261274.0,34.9,5,0.505,35,0.47,3,0,1,0.277,0,1
CL100781,1242117.0,4017426.0,12.6,5,0.679,47,0.673,0,0,1,0.847,0,1
CL100782,2928787.0,4157834.0,40.1,4,0.399,12,0.348,0,0,-2,0.596,0,0
CL100783,3286366.0,3315388.0,27.6,4,0.397,37,0.844,1,0,-1,0.647,0,0
CL100784,3203951.0,6446935.0,5.4,5,0.147,44,0.771,0,0,1,0.188,0,0
CL100785,4157358.0,2973234.0,9.5,3,0.441,22,0.392,1,1,-2,0.301,0,0
CL100786,3674623.0,7908921.0,0.9,5,0.35,139,0.452,0,0,-1,0.177,0,0
CL100787,3046762.0,1807573.0,4.7,5,0.387,87,0.398,0,1,-1,0.733,0,1
CL100788,2338259.0,1850115.0,13.2,5,0.464,55,0.265,0,0,0,0.128,0,1
CL100789,1055494.0,6460380.0,5.6,4,0.205,10,0.526,0,0,0,0.368,1,0
CL100790,3002059.0,3752824.0,9.7,4,0.052,170,0.621,0,0,-1,0.437,0,0
CL100791,2686753.0,2905965.0,11.0,5,0.553,117,0.549,0,0,-2,0.312,0,0
CL100792,2773968.0,7444905.0,2.3,4,0.282,80,0.65,1,0,1,0.136,1,0
CL100793,1279047.0,2610147.0,16.7,5,0.032,76,0.654,0,0,-1,0.452,0,0
CL100794,1410524.0,3470673.0,4.9,3,0.222,178,0.423,1,1,1,0.546,0,1
CL100795,4100323.0,10632858.0,1.9,4,0.572,160,0.548,0,1,-1,0.305,0,0
CL100796,2374322.0,11726944.0,16.0,1,0.302,88,0.61,0,0,0,0.341,1,0
CL100797,3404982.0,12003139.0,4.3,4,0.275,97,0.327,0,0,1,0.067,1,0
CL100798,2456282.0,3277239.0,11.1,3,0.525,18,0.561,0,0,0,0.39,0,0
CL100799,2458048.0,9449686.0,6.4,3,0.335,111,0.774,0,0,1,0.4,0,0
CL100800,3871459.0,2054890.0,3.8,4,0.393,85,0.854,0,1,-2,0.132,1,0
CL100801,1870989.0,2116275.0,13.3,2,0.575,65,0.754,0,0,1,0.166,0,0
CL100802,2540980.0,770412.0,7.0,5,0.281,123,0.691,1,0,0,0.233,0,0
CL100803,1921972.0,12877701.0,4.0,5,0.084,108,0.738,1,1,1,0.301,0,1
CL100804,1948854.0,2180826.0,0.9,3,0.171,153,0.705,0,1,-1,0.039,0,1
CL100805,2074880.0,3654344.0,18.1,4,0.235,123,0.37,0,0,-2,0.654,0,1
CL100806,2706229.0,2111212.0,0.3,2,0.145,31,0.405,0,0,-2,0.473,0,0
CL100807,1906206.0,6495471.0,15.9,1,0.527,147,0.426,0,0,-2,0.226,0,1
CL100808,4537461.0,3069596.0,3.6,5,0.396,89,0.929,0,1,-2,0.133,0,1
CL100809,1548344.0,1601783.0,8.2,2,0.262,113,0.779,0,1,0,0.793,0,0
CL100810,2205719.0,5439316.0,20.4,5,0.213,18,0.711,0,0,0,0.425,1,0
CL100811,1943759.0,1463570.0,1.3,4,0.4,161,0.568,0,0,-2,0.536,0,1
CL100812,4992708.0,2221773.0,6.7,5,0.178,70,0.795,0,0,0,0.408,1,0
CL100813,2671839.0,913627.0,11.6,1,0.255,7,0.905,1,0,0,0.126,0,0
CL100814,4056870.0,1473615.0,11.3,4,0.362,1,0.721,1,1,1,0.439,0,0
CL100815,1152242.0,4524286.0,6.0,3,0.207,102,0.55,2,0,1,0.496,0,0
CL100816,2767694.0,1009358.0,7.8,2,0.3,99,0.898,1,0,0,0.399,0,1
CL100817,3778416.0,1415790.0,11.3,5,0.415,87,0.827,0,0,1,0.073,0,0
CL100818,2523461.0,3986171.0,14.7,4,0.526,80,0.706,0,1,-1,0.834,0,0
CL100819,4125675.0,2729080.0,11.5,4,0.159,59,0.467,0,0,1,0.478,0,0
CL100820,1869826.0,16101543.0,3.5,5,0.408,34,0.38,0,0,-1,0.737,0,1
CL100821,4899647.0,14414246.0,45.8,3,0.122,139,0.644,0,0,-2,0.343,0,0
CL100822,7644134.0,2174815.0,4.6,5,0.574,8,0.431,0,0,0,0.108,0,0
CL100823,2019945.0,5897248.0,0.2,3,0.303,88,0.593,0,0,-2,0.652,0,0
CL100824,1938158.0,6746253.0,3.6,5,0.222,53,0.625,0,1,-2,0.154,1,1
CL100825,5008726.0,2628082.0,1.1,4,0.109,143,0.827,0,1,-1,0.508,0,1
CL100826,5334929.0,1401594.0,1.0,1,0.389,28,0.398,0,0,1,0.142,0,0
CL100827,1864624.0,3958561.0,2.6,1,0.453,142,0.783,0,0,0,0.444,1,0
CL100828,1962847.0,3537773.0,0.4,4,0.392,90,0.518,1,0,1,0.083,0,0
CL100829,2103488.0,2943073.0,9.3,1,0.03,57,0.718,1,0,0,0.403,0,1
CL100830,1236475.0,5441807.0,0.6,3,0.117,37,0.61,0,1,1,0.535,0,1
CL100831,1529840.0,2360748.0,1.8,4,0.491,2,0.636,0,0,-1,0.644,1,0
CL100832,1465826.0,1782632.0,0.8,3,0.425,162,0.475,1,0,1,0.087,0,0
CL100833,1649695.0,4309610.0,0.5,4,0.226,34,0.528,1,1,-1,0.512,0,0
CL100834,2380111.0,5231345.0,2.5,3,0.398,58,0.425,0,1,-2,0.305,0,0
CL100835,2722626.0,1752140.0,6.8,3,0.257,73,0.36,1,1,0,0.273,0,0
CL100836,5257942.0,7645772.0,26.7,1,0.27,108,0.924,1,0,1,0.414,0,0
CL100837,1470074.0,1156216.0,16.7,4,0.223,117,0.701,0,1,1,0.185,1,0
CL100838,3961611.0,2663950.0,16.7,5,0.314,116,0.753,0,1,1,0.41,0,0
CL100839,2176015.0,3333036.0,1.5,1,0.502,114,0.184,1,0,0,0.137,0,0
CL100840,2362588.0,2557762.0,2.5,3,0.237,30,0.819,0,0,0,0.66,0,0
CL100841,3393627.0,2688402.0,0.6,3,0.41,83,0.483,0,0,0,0.412,0,0
CL100842,1381443.0,14794294.0,12.1,5,0.404,107,0.83,1,2,-1,0.167,0,1
CL100843,2932028.0,2200909.0,0.6,5,0.309,59,0.882,0,0,1,0.54,1,0
CL100844,2631925.0,22050707.0,6.5,3,0.303,120,0.948,2,0,0,0.433,0,0
CL100845,3097871.0,5422073.0,2.3,5,0.609,152,0.393,2,0,-2,0.166,0,0
CL100846,2798473.0,4258547.0,2.2,2,0.497,143,0.883,0,0,1,0.858,1,0
CL100847,8265907.0,5572577.0,37.4,1,0.485,150,0.59,0,1,0,0.254,0,0
CL100848,1760538.0,23463332.0,11.3,4,0.363,160,0.468,0,0,0,0.593,0,0
CL100849,1857053.0,1991672.0,14.5,5,0.278,75,0.375,0,0,-2,0.223,0,0
CL100850,1773436.0,1822478.0,6.8,5,0.28,93,0.33,0,0,0,0.073,0,0
CL100851,1834461.0,2353923.0,16.4,2,0.289,170,0.867,0,0,1,0.632,0,0
CL100852,1760849.0,4083644.0,8.3,4,0.366,88,0.464,0,0,-1,0.107,0,0
CL100853,4388545.0,1192974.0,23.4,2,0.186,83,0.614,0,1,-2,0.376,0,0
CL100854,4927056.0,4055715.0,2.6,4,0.2,55,0.908,0,1,-1,0.07,0,1
CL100855,1820509.0,13065464.0,7.2,1,0.399,133,0.299,1,1,1,0.186,0,0
CL100856,1597295.0,4439202.0,9.4,5,0.366,169,0.546,1,0,0,0.504,0,0
CL100857,3065459.0,3253104.0,4.0,1,0.147,57,0.987,1,2,0,0.161,0,1
CL100858,1837448.0,2590309.0,16.9,4,0.688,53,0.415,2,0,-1,0.667,0,0
CL100859,3323290.0,7489093.0,31.2,5,0.17,166,0.879,1,0,0,0.509,0,0
CL100860,2680360.0,2239845.0,5.4,2,0.848,1,0.316,0,0,1,0.197,0,0
CL100861,1134983.0,14540918.0,4.0,3,0.265,60,0.927,2,0,-2,0.692,0,0
CL100862,5250073.0,15453589.0,5.1,2,0.19,76,0.914,1,1,-1,0.586,0,0
CL100863,5944273.0,4778922.0,15.3,3,0.236,46,0.551,1,0,-1,0.116,0,0
CL100864,1782639.0,3960732.0,8.3,2,0.328,4,0.6,0,1,1,0.342,0,0
CL100865,1994989.0,8214914.0,0.4,4,0.611,15,0.892,2,0,1,0.356,0,0
CL100866,2793854.0,8592145.0,6.3,1,0.577,81,0.476,0,1,-2,0.327,1,0
CL100867,2862564.0,2271170.0,0.1,3,0.096,116,0.697,2,2,1,0.271,0,0
CL100868,3366123.0,2761850.0,12.1,4,0.168,12,0.577,0,0,-1,0.448,0,1
CL100869,6616667.0,1582247.0,3.2,1,0.351,1,0.49,0,0,1,0.625,0,0
CL100870,2216692.0,5316605.0,5.1,1,0.473,77,0.662,0,1,-1,0.7,0,0
CL100871,1624729.0,6367004.0,12.8,5,0.131,30,0.918,0,0,-1,0.51,0,0
CL100872,1215104.0,1551995.0,0.4,5,0.077,134,0.822,0,1,0,0.397,0,0
CL100873,1680388.0,2903306.0,1.4,5,0.583,73,0.746,1,0,1,0.52,0,0
CL100874,2381965.0,1554901.0,4.1,3,0.103,50,0.361,0,0,0,0.585,0,0
CL100875,5940352.0,2128313.0,2.1,3,0.293,130,0.665,0,1,1,0.593,1,0
CL100876,1869524.0,5872036.0,3.3,1,0.541,6,0.385,0,0,-1,0.273,0,0
CL100877,2708469.0,2389423.0,50.4,3,0.341,75,0.677,1,0,1,0.458,0,0
CL100878,2401943.0,3234619.0,14.0,1,0.174,90,0.745,1,0,0,0.455,0,0
CL100879,4387177.0,1278096.0,17.2,4,0.238,92,0.819,1,0,-2,0.408,1,0
CL100880,8567326.0,4551162.0,22.1,2,0.382,77,0.735,0,0,1,0.392,0,0
CL100881,1857172.0,3870943.0,3.3,1,0.45,166,0.752,0,1,-1,0.248,0,1
CL100882,1896044.0,2397000.0,2.8,1,0.24,76,0.642,1,0,-2,0.531,0,0
CL100883,4081930.0,3497958.0,2.1,4,0.45,83,0.622,0,0,-1,0.554,1,0
CL100884,3405648.0,4529882.0,14.2,5,0.308,18,0.391,2,0,-2,0.117,0,0
CL100885,6097282.0,2257102.0,9.1,5,0.094,147,0.426,1,1,1,0.468,0,0
CL100886,3242853.0,1420637.0,2.2,5,0.421,156,0.334,0,0,1,0.225,0,0
CL100887,2023530.0,14131291.0,3.8,1,0.558,12,0.733,0,0,1,0.781,0,0
CL100888,3253778.0,2563052.0,5.7,1,0.096,52,0.523,0,0,-1,0.203,0,0
CL100889,4215808.0,3731303.0,6.0,3,0.202,87,0.639,0,0,-2,0.043,0,1
CL100890,3650012.0,8101727.0,17.6,3,0.358,100,0.413,1,0,0,0.461,0,0
CL100891,3120916.0,47220498.0,3.8,2,0.525,22,0.929,0,0,-1,0.403,0,0
CL100892,4128139.0,1670877.0,19.1,2,0.315,102,0.693,1,0,-1,0.432,0,0
CL100893,4345484.0,5470492.0,4.7,3,0.393,173,0.925,0,0,-1,0.251,1,0
CL100894,4833491.0,2433189.0,11.0,1,0.267,62,0.487,0,0,0,0.209,0,0
CL100895,3349612.0,2738297.0,21.3,4,0.255,42,0.705,0,0,-2,0.245,1,0
CL100896,2227613.0,2411722.0,19.1,3,0.267,67,0.956,0,0,-1,0.047,0,0
CL100897,2606078.0,1815809.0,0.5,1,0.52,137,0.777,0,0,1,0.644,0,0
CL100898,4427096.0,3879031.0,1.8,3,0.163,143,0.674,0,0,-2,0.608,0,0
CL100899,1609658.0,1422389.0,5.2,5,0.285,158,0.677,0,1,-1,0.51,0,0
CL100900,2911959.0,7746605.0,4.5,3,0.298,154,0.71,0,0,1,0.502,0,0
CL100901,1989374.0,4149515.0,8.2,5,0.259,94,0.657,0,1,-2,0.542,1,0
CL100902,2456805.0,5366597.0,23.2,1,0.357,122,0.93,1,0,-1,0.464,0,0
CL100903,4589244.0,2881057.0,1.0,5,0.389,95,0.691,0,0,1,0.609,0,0
CL100904,2664560.0,3087762.0,4.8,3,0.117,127,0.513,1,0,0,0.618,0,0
CL100905,2478634.0,4883119.0,1.7,5,0.189,22,0.794,0,1,1,0.206,0,0
CL100906,1226987.0,1767655.0,18.0,4,0.157,54,0.924,2,0,0,0.567,0,0
CL100907,3517028.0,3107741.0,26.7,5,0.626,125,0.803,0,0,-2,0.49,0,0
CL100908,3344213.0,2187501.0,5.2,5,0.121,58,0.808,0,0,-2,0.092,0,0
CL100909,7142885.0,2140611.0,0.9,2,0.159,99,0.332,1,0,-2,0.657,0,1
CL100910,2076327.0,911743.0,12.3,4,0.16,19,0.35,0,0,0,0.204,0,1
CL100911,2702196.0,10196230.0,9.6,1,0.724,162,0.613,0,1,0,0.864,0,0
CL100912,2743354.0,2469245.0,3.5,5,0.094,142,0.815,2,0,1,0.094,0,0
CL100913,5329280.0,9014665.0,17.5,4,0.376,22,0.698,1,0,-1,0.467,0,0
CL100914,2309063.0,8437146.0,29.8,1,0.483,141,0.883,1,0,0,0.328,0,0
CL100915,2784310.0,1623022.0,6.5,4,0.52,123,0.934,1,1,-2,0.27,0,0
CL100916,3281950.0,1863770.0,6.7,2,0.232,56,0.746,0,0,0,0.38,0,0
CL100917,2658585.0,23970922.0,2.8,1,0.175,42,0.524,0,0,-1,0.295,0,0
CL100918,1937256.0,13600922.0,7.0,1,0.109,66,0.5,0,0,1,0.54,0,0
CL100919,2668548.0,3905659.0,4.6,5,0.074,170,0.279,0,0,-1,0.518,1,0
CL100920,4142524.0,4781004.0,2.9,3,0.165,34,0.236,1,1,-2,0.322,0,1
CL100921,1449519.0,2567408.0,0.6,1,0.069,29,0.435,0,0,-2,0.215,0,0
CL100922,2588230.0,5403983.0,2.3,1,0.116,154,0.798,0,0,0,0.194,1,0
CL100923,1706474.0,2416843.0,1.8,2,0.131,151,0.686,1,1,-2,0.121,0,0
CL100924,4401797.0,962561.0,6.2,2,0.133,36,0.497,0,0,0,0.468,0,0
CL100925,1130767.0,1583124.0,7.4,2,0.624,118,0.572,0,0,-2,0.598,1,0
CL100926,1831304.0,4052177.0,7.5,5,0.413,9,0.655,0,0,-2,0.605,0,0
CL100927,2924418.0,1808942.0,3.9,1,0.539,85,0.658,0,0,1,0.087,0,0
CL100928,5297587.0,3809109.0,4.4,2,0.131,42,0.767,0,1,-2,0.59,0,0
CL100929,2343427.0,1881796.0,14.4,2,0.361,67,0.175,0,1,-1,0.07,0,0
CL100930,1834716.0,2309063.0,5.2,4,0.264,7,0.298,1,0,-2,0.358,1,0
CL100931,6203217.0,7255104.0,35.2,4,0.416,23,0.674,0,0,-2,0.172,0,0
CL100932,1174077.0,4748011.0,4.6,2,0.234,160,0.337,0,1,-2,0.489,1,1
CL100933,806611.0,3965866.0,8.4,5,0.684,23,0.562,0,0,1,0.542,0,0
CL100934,3017705.0,7387314.0,0.4,3,0.494,16,0.795,0,0,-2,0.136,1,0
CL100935,1884123.0,5589643.0,8.5,4,0.241,69,0.679,1,1,1,0.587,0,0
CL100936,1453353.0,10991077.0,15.3,4,0.06,13,0.575,0,2,-2,0.568,1,1
CL100937,3451012.0,2893850.0,22.8,1,0.274,10,0.909,0,0,0,0.313,0,0
CL100938,2735707.0,2955728.0,47.4,1,0.169,59,0.291,0,2,-1,0.459,0,0
CL100939,1826589.0,1605946.0,2.7,2,0.494,2,0.045,0,0,0,0.329,0,0
CL100940,1276775.0,2957082.0,6.9,1,0.378,129,0.278,0,0,0,0.134,0,0
CL100941,3746111.0,7844623.0,4.8,1,0.337,54,0.75,1,0,-2,0.737,0,0
CL100942,3352110.0,9919283.0,6.6,3,0.307,19,0.916,1,0,0,0.228,0,0
CL100943,2304587.0,7820145.0,1.4,5,0.49,97,0.638,1,1,-2,0.417,0,0
CL100944,6097068.0,1137184.0,15.5,2,0.25,28,0.737,1,0,0,0.178,0,0
CL100945,1418283.0,8522341.0,19.2,3,0.327,133,0.5,0,0,0,0.522,1,0
CL100946,1129446.0,1102441.0,4.8,2,0.18,76,0.755,0,1,0,0.486,0,0
CL100947,1713495.0,7487025.0,2.6,5,0.257,158,0.468,0,0,-2,0.384,0,0
CL100948,2367173.0,3086508.0,1.2,2,0.107,19,0.894,1,0,1,0.251,0,0
CL100949,2735076.0,6529059.0,9.2,1,0.177,104,0.617,0,0,-1,0.298,1,0
CL100950,2146570.0,1571099.0,3.0,5,0.16,42,0.602,1,0,-1,0.122,0,0
CL100951,2887864.0,9063966.0,19.2,3,0.145,153,0.701,0,0,-1,0.563,0,0
CL100952,1295271.0,1431907.0,8.9,3,0.643,35,0.857,0,0,-1,0.311,0,0
CL100953,4984693.0,2500701.0,8.3,4,0.698,9,0.805,0,0,-2,0.848,0,0
CL100954,2324288.0,1985406.0,6.6,3,0.307,39,0.677,0,0,0,0.442,0,0
CL100955,4233958.0,1169399.0,0.4,4,0.14,38,0.503,1,0,1,0.627,0,0
CL100956,2874423.0,4265924.0,21.5,1,0.508,15,0.484,0,0,1,0.111,0,0
CL100957,3043067.0,14136383.0,7.9,3,0.625,109,0.753,0,0,-2,0.196,0,0
CL100958,3219973.0,25824486.0,41.0,5,0.305,174,0.514,0,1,1,0.6,0,0
CL100959,3029337.0,4273779.0,6.2,4,0.803,165,0.699,0,1,-1,0.482,0,0
CL100960,3339599.0,8724772.0,9.9,3,0.752,90,0.605,2,0,-2,0.098,0,0
CL100961,4707070.0,4697149.0,0.5,1,0.517,125,0.369,2,0,-2,0.383,1,1
CL100962,2671794.0,5661606.0,8.0,5,0.222,60,0.181,0,1,-2,0.194,0,1
CL100963,3452130.0,3142395.0,11.6,5,0.319,62,0.434,1,0,-1,0.21,0,0
CL100964,2315491.0,4576998.0,12.1,1,0.133,31,0.842,1,0,0,0.309,0,0
CL100965,4975610.0,5816650.0,11.8,3,0.602,30,0.344,1,0,0,0.044,1,0
CL100966,1726840.0,2663304.0,2.1,2,0.137,66,0.709,1,0,0,0.469,1,0
CL100967,5959340.0,3781964.0,29.6,3,0.287,7,0.425,0,1,-2,0.557,0,0
CL100968,2373606.0,3832772.0,42.7,4,0.476,158,0.386,0,0,0,0.637,1,0
CL100969,1184241.0,7120456.0,0.6,4,0.319,161,0.36,0,0,0,0.229,0,0
CL100970,2581942.0,1893197.0,22.0,3,0.408,112,0.846,0,1,-1,0.237,0,0
CL100971,1722822.0,3851297.0,2.7,4,0.476,103,0.859,0,0,-2,0.535,0,0
CL100972,3686993.0,15224307.0,9.4,2,0.079,111,0.285,2,0,1,0.18,1,0
CL100973,1747485.0,9018983.0,3.3,2,0.323,38,0.501,0,0,-2,0.508,1,0
CL100974,1937499.0,10266794.0,27.5,5,0.175,147,0.608,0,1,-1,0.308,0,0
CL100975,941500.0,4061660.0,0.9,4,0.436,137,0.783,1,0,0,0.412,1,0
CL100976,1931576.0,4998749.0,5.5,3,0.391,86,0.414,0,0,-1,0.476,0,0
CL100977,720759.0,8053081.0,4.5,5,0.321,160,0.817,0,2,-1,0.542,0,0
CL100978,1096955.0,11901546.0,3.2,2,0.492,158,0.621,0,2,1,0.111,0,0
CL100979,3542019.0,1018537.0,8.3,5,0.852,134,0.473,0,0,-2,0.373,0,0
CL100980,3587263.0,1589915.0,1.1,1,0.264,165,0.627,1,0,1,0.406,1,0
CL100981,2995821.0,9985163.0,10.1,4,0.049,79,0.267,0,0,-2,0.453,0,0
CL100982,1493319.0,3289274.0,31.5,3,0.147,148,0.673,0,0,1,0.726,0,0
CL100983,2364659.0,2494990.0,13.1,2,0.176,30,0.339,0,0,0,0.727,0,1
CL100984,2417389.0,1659600.0,15.7,5,0.514,18,0.442,2,0,1,0.535,1,1
CL100985,1357042.0,2707370.0,3.6,3,0.111,150,0.597,0,1,1,0.299,0,1
CL100986,5135558.0,1496054.0,3.1,4,0.193,88,0.413,1,2,1,0.764,0,0
CL100987,3755309.0,17257648.0,5.8,3,0.177,95,0.824,1,2,-1,0.203,1,1
CL100988,2168439.0,3930569.0,0.4,4,0.656,177,0.743,0,0,0,0.406,0,0
CL100989,2454523.0,3834059.0,23.3,4,0.254,18,0.362,2,0,0,0.403,0,0
CL100990,2687687.0,6026360.0,1.2,4,0.149,61,0.275,0,0,-1,0.444,0,0
CL100991,872513.0,7831320.0,18.7,5,0.318,82,0.608,0,2,-1,0.599,0,1
CL100992,2140203.0,7741621.0,0.7,4,0.198,78,0.742,0,0,-1,0.56,0,0
CL100993,1722019.0,8465718.0,13.8,3,0.115,135,0.297,0,0,-1,0.184,1,1
CL100994,1467675.0,2567410.0,1.3,1,0.258,135,0.774,1,0,-1,0.209,0,0
CL100995,2104208.0,3241327.0,0.3,3,0.286,65,0.648,1,0,0,0.759,0,0
CL100996,5949652.0,6840163.0,10.2,5,0.177,40,0.503,1,1,1,0.278,0,0
CL100997,3336462.0,2760239.0,2.6,4,0.546,116,0.727,1,0,1,0.916,1,1
CL100998,1820115.0,3978540.0,10.0,1,0.146,24,0.454,0,1,1,0.742,0,0
CL100999,3224509.0,5278406.0,6.5,5,0.434,160,0.794,0,1,-2,0.557,0,1
CL101000,4875229.0,6917947.0,0.9,2,0.513,10,0.732,0,0,1,0.513,0,0
CL101001,3845126.0,1150404.0,21.5,2,0.218,137,0.635,0,0,0,0.176,0,1
CL101002,2495040.0,6585112.0,4.8,2,0.355,39,0.42,0,2,-1,0.658,0,0
CL101003,1752461.0,3390179.0,10.6,1,0.277,131,0.5,0,0,-2,0.378,0,0
CL101004,3433572.0,6551604.0,5.6,3,0.2,108,0.712,0,0,-2,0.191,0,0
CL101005,2948310.0,6878094.0,7.4,1,0.372,69,0.579,0,1,-2,0.404,0,0
CL101006,3788939.0,12305299.0,2.9,1,0.281,7,0.42,0,1,0,0.461,1,1
CL101007,3327014.0,10297560.0,1.8,1,0.438,140,0.645,1,0,-2,0.855,0,0
CL101008,4092949.0,10248072.0,6.3,2,0.522,23,0.912,0,0,-2,0.296,1,0
CL101009,1853122.0,10968842.0,4.6,3,0.318,89,0.625,0,1,-1,0.597,0,1
CL101010,4679478.0,4896177.0,4.0,1,0.003,17,0.822,0,0,0,0.737,0,0
CL101011,2673235.0,4083764.0,8.9,3,0.39,78,0.219,1,0,0,0.323,0,1
CL101012,6835433.0,7355596.0,9.4,4,0.35,65,0.702,0,0,-2,0.298,0,0
CL101013,1715828.0,6665508.0,0.4,1,0.319,86,0.854,1,0,-2,0.389,0,0
CL101014,5768842.0,3216015.0,3.3,1,0.695,28,0.449,0,0,1,0.43,0,0
CL101015,2673651.0,5300843.0,4.2,1,0.094,58,0.355,2,1,1,0.317,0,0
CL101016,1748539.0,3895889.0,0.8,4,0.424,18,0.74,0,0,0,0.531,0,0
CL101017,1901316.0,2196217.0,2.2,4,0.137,110,0.953,0,1,-2,0.373,0,0
CL101018,2063319.0,9853355.0,0.4,2,0.237,121,0.689,0,1,0,0.777,0,0
CL101019,2993887.0,4150085.0,44.7,5,0.08,44,0.572,0,1,0,0.589,0,1
CL101020,3145293.0,16753132.0,10.7,3,0.39,64,0.469,0,0,-2,0.126,0,0
CL101021,1817823.0,1279725.0,0.7,5,0.318,37,0.271,0,0,-1,0.138,1,0
CL101022,2392436.0,2704033.0,0.2,1,0.262,3,0.304,1,0,-1,0.808,0,0
CL101023,7068333.0,4085061.0,10.2,1,0.434,14,0.56,1,1,-1,0.159,0,0
CL101024,5744604.0,8852113.0,4.6,2,0.32,135,0.458,0,1,-1,0.632,0,0
CL101025,3012141.0,5281013.0,12.4,5,0.136,145,0.17,1,0,0,0.018,0,0
CL101026,2468205.0,4962057.0,20.6,1,0.31,83,0.842,1,0,-1,0.099,0,0
CL101027,2571540.0,1813765.0,7.3,5,0.181,167,0.679,0,0,-1,0.683,0,1
CL101028,3291187.0,1776474.0,1.7,2,0.151,133,0.393,0,1,0,0.408,0,0
CL101029,1452220.0,5004026.0,12.2,5,0.123,79,0.833,2,0,-1,0.355,0,0
CL101030,2129317.0,1536666.0,25.0,3,0.381,52,0.69,0,0,-2,0.169,0,0
CL101031,1051479.0,2751579.0,6.9,2,0.277,109,0.364,0,1,-1,0.172,0,1
CL101032,2956780.0,5669674.0,9.2,5,0.398,26,0.357,2,0,-1,0.307,0,0
CL101033,3347077.0,2007444.0,3.3,1,0.317,167,0.489,0,0,-1,0.563,0,0
CL101034,1901981.0,12283275.0,3.8,4,0.395,173,0.661,0,0,-2,0.856,0,0
CL101035,5320051.0,9405032.0,10.6,4,0.276,77,0.336,1,0,-2,0.305,0,0
CL101036,1312071.0,1329091.0,21.0,2,0.499,31,0.791,0,1,-2,0.179,0,1
CL101037,1164512.0,2078881.0,7.9,4,0.362,151,0.731,0,0,-2,0.55,0,0
CL101038,2709368.0,806094.0,12.5,3,0.066,40,0.853,0,0,0,0.694,0,0
CL101039,4087929.0,2308679.0,1.5,2,0.049,32,0.103,0,0,-1,0.285,0,0
CL101040,5620684.0,6827519.0,1.9,1,0.489,101,0.61,0,0,-1,0.704,0,0
CL101041,1925234.0,2988474.0,6.1,1,0.059,4,0.527,0,0,1,0.142,0,0
CL101042,4152995.0,5512661.0,1.6,2,0.073,81,0.53,0,0,-2,0.249,0,0
CL101043,2375565.0,1375552.0,8.1,4,0.315,84,0.573,1,0,-2,0.522,1,0
CL101044,2221485.0,6980162.0,2.8,4,0.592,174,0.705,1,0,-1,0.26,0,1
CL101045,3767152.0,2707195.0,12.5,1,0.32,75,0.283,0,0,-1,0.577,0,0
CL101046,3355668.0,4026946.0,13.2,3,0.159,42,0.515,2,0,-1,0.284,0,0
CL101047,1101082.0,3741465.0,5.0,4,0.259,97,0.285,0,0,-2,0.238,0,0
CL101048,5067054.0,1639523.0,1.6,3,0.332,167,0.58,0,0,-2,0.143,0,0
CL101049,4828496.0,1781277.0,8.3,4,0.165,103,0.698,1,0,0,0.174,0,1
CL101050,1771290.0,7861250.0,39.5,2,0.086,47,0.899,0,0,1,0.328,0,0
CL101051,2951729.0,5279250.0,7.8,5,0.394,166,0.85,0,0,0,0.526,0,0
CL101052,3100318.0,8327171.0,0.3,1,0.554,18,0.743,0,0,0,0.23,1,0
CL101053,2758884.0,5011575.0,0.1,2,0.207,2,0.221,0,0,0,0.398,0,0
CL101054,1839211.0,4413124.0,3.1,4,0.168,105,0.561,2,1,-1,0.421,0,0
CL101055,1730963.0,1192774.0,1.7,1,0.341,102,0.279,0,0,0,0.692,0,1
CL101056,2391002.0,3304327.0,13.4,5,0.544,88,0.691,0,0,0,0.398,0,0
CL101057,4352951.0,3916978.0,14.9,5,0.536,158,0.259,0,1,1,0.472,0,0
CL101058,3178119.0,15668690.0,2.4,4,0.142,4,0.62,0,1,0,0.187,1,0
CL101059,2012107.0,6458255.0,3.2,1,0.339,7,0.488,2,0,0,0.357,1,0
CL101060,3562059.0,11701678.0,2.2,4,0.387,57,0.9,1,0,-2,0.179,0,0
CL101061,582875.0,6066403.0,19.1,5,0.385,30,0.344,0,1,-2,0.29,0,1
CL101062,4301106.0,2426809.0,5.6,2,0.255,172,0.865,0,0,1,0.089,0,1
CL101063,1014740.0,4333937.0,8.5,2,0.191,157,0.319,0,0,-1,0.549,0,1
CL101064,2020346.0,4710745.0,4.3,3,0.204,90,0.605,0,0,1,0.62,1,0
CL101065,1383553.0,2069031.0,8.0,5,0.102,36,0.616,0,0,-2,0.788,0,0
CL101066,1267630.0,3050844.0,3.9,5,0.348,99,0.718,1,0,-1,0.494,1,0
CL101067,4327123.0,3457178.0,3.3,4,0.384,113,0.698,0,0,0,0.83,0,0
CL101068,1916765.0,12285544.0,8.1,3,0.585,176,0.919,1,0,0,0.765,0,0
CL101069,2879859.0,930504.0,7.2,3,0.572,147,0.918,2,0,0,0.355,0,0
CL101070,2365594.0,9286506.0,2.8,1,0.42,2,0.502,0,2,1,0.455,0,0
CL101071,3074093.0,2072453.0,1.3,4,0.226,142,0.827,0,0,0,0.478,0,0
CL101072,2516579.0,1528114.0,3.7,2,0.292,113,0.733,1,0,-2,0.516,0,0
CL101073,1275060.0,9119810.0,4.3,1,0.038,100,0.31,0,0,-2,0.535,0,0
CL101074,3985341.0,6664654.0,7.9,3,0.389,104,0.876,0,0,-2,0.179,0,0
CL101075,1891956.0,9608542.0,19.7,2,0.086,112,0.82,1,0,-1,0.45,0,0
CL101076,1112043.0,6993498.0,0.3,5,0.16,35,0.63,1,0,-1,0.465,0,0
CL101077,1955081.0,16884245.0,2.2,4,0.248,149,0.483,0,0,1,0.233,0,0
CL101078,5128788.0,5903800.0,1.7,3,0.33,145,0.763,1,0,1,0.729,0,0
CL101079,3704693.0,3578541.0,5.6,5,0.215,82,0.642,1,0,1,0.282,0,1
CL101080,2034324.0,5076073.0,4.5,3,0.319,32,0.837,1,1,-1,0.273,0,0
CL101081,2033708.0,9534510.0,10.4,2,0.387,151,0.903,0,0,-1,0.331,0,0
CL101082,2061991.0,2313882.0,2.2,1,0.35,134,0.493,0,1,0,0.534,1,0
CL101083,6840518.0,2529869.0,7.2,2,0.127,29,0.668,1,0,0,0.633,0,0
CL101084,2931333.0,3216254.0,17.2,4,0.353,63,0.73,0,0,-2,0.245,0,0
CL101085,3002695.0,915103.0,19.3,4,0.242,125,0.629,0,0,1,0.182,0,0
CL101086,4053705.0,4397976.0,25.5,3,0.481,96,0.488,1,0,0,0.078,0,0
CL101087,2728860.0,1066305.0,11.9,2,0.289,81,0.747,0,0,1,0.729,0,0
CL101088,2127544.0,4143873.0,18.9,1,0.595,132,0.717,0,0,-2,0.113,0,0
CL101089,2195291.0,7316940.0,2.1,4,0.055,58,0.793,2,0,-1,0.395,0,0
CL101090,2336581.0,2859583.0,1.8,1,0.13,159,0.59,0,0,0,0.546,0,0
CL101091,2377093.0,12916048.0,0.1,5,0.476,150,0.663,1,1,0,0.54,0,0
CL101092,3484429.0,1436398.0,9.8,3,0.308,155,0.935,1,0,0,0.196,0,0
CL101093,2485472.0,9192353.0,22.2,1,0.095,118,0.968,0,1,1,0.275,0,1
CL101094,3493169.0,6405041.0,1.7,3,0.548,85,0.393,0,0,0,0.533,1,0
CL101095,2325956.0,1201134.0,8.1,5,0.194,84,0.469,0,0,-2,0.212,0,0
CL101096,2518862.0,26630188.0,11.0,1,0.517,87,0.859,0,1,-1,0.504,0,0
CL101097,891713.0,3818538.0,21.0,1,0.093,16,0.629,2,0,-1,0.141,0,0
CL101098,3829190.0,2160308.0,8.3,5,0.492,6,0.718,0,0,-2,0.41,0,0
CL101099,2879837.0,1491121.0,28.1,2,0.251,7,0.199,0,1,-2,0.429,0,1
CL101100,3988816.0,3422861.0,3.4,1,0.167,14,0.823,0,2,0,0.307,0,1
CL101101,569135.0,3652108.0,3.4,1,0.514,3,0.95,1,0,-1,0.434,0,0
CL101102,6880400.0,4290234.0,6.3,4,0.3,49,0.41,0,1,0,0.79,0,0
CL101103,2258486.0,3241487.0,3.9,2,0.231,36,0.577,0,0,1,0.134,0,0
CL101104,4214710.0,6219859.0,0.0,1,0.467,29,0.578,0,0,0,0.418,0,0
CL101105,1439846.0,3043927.0,10.5,5,0.159,132,0.509,0,1,0,0.707,0,0
CL101106,3289963.0,1030470.0,11.1,3,0.325,168,0.669,0,0,1,0.419,0,0
CL101107,1430153.0,3596411.0,11.0,5,0.187,169,0.871,2,0,-1,0.547,1,0
CL101108,1772879.0,761287.0,3.4,2,0.391,150,0.638,0,0,1,0.165,0,0
CL101109,6306022.0,5114752.0,5.9,4,0.327,132,0.759,0,0,0,0.361,0,0
CL101110,2201520.0,2011698.0,3.6,4,0.487,121,0.107,1,0,0,0.293,0,0
CL101111,2699876.0,4476501.0,0.1,4,0.402,23,0.377,1,1,0,0.087,0,0
CL101112,3741637.0,10017584.0,6.6,5,0.529,102,0.589,2,1,0,0.483,0,1
CL101113,3102879.0,2055184.0,1.1,3,0.1,132,0.563,0,0,-2,0.186,0,0
CL101114,2610910.0,8392755.0,0.7,3,0.013,18,0.535,1,0,-2,0.253,0,0
CL101115,2906559.0,2947970.0,11.3,1,0.292,1,0.514,2,0,0,0.593,0,0
CL101116,8054229.0,13622540.0,0.1,3,0.197,32,0.686,1,0,0,0.46,0,0
CL101117,2352974.0,3092199.0,25.6,3,0.158,149,0.379,0,1,0,0.599,0,0
CL101118,2677916.0,2216977.0,5.8,1,0.483,166,0.503,0,0,0,0.173,0,0
CL101119,4095204.0,6459529.0,32.6,5,0.443,154,0.804,0,0,0,0.384,0,0
CL101120,4209115.0,2943021.0,0.5,5,0.437,41,0.71,0,0,0,0.463,0,0
CL101121,4384189.0,2215493.0,7.0,2,0.432,177,0.455,0,0,0,0.404,0,0
CL101122,3332939.0,2857656.0,3.4,5,0.481,85,0.783,1,0,-1,0.19,0,0
CL101123,1367504.0,3870040.0,14.8,4,0.166,93,0.567,0,0,-1,0.686,1,0
CL101124,5480549.0,10216617.0,3.6,4,0.582,117,0.468,1,0,-2,0.277,0,0
CL101125,1365222.0,1031102.0,2.4,2,0.05,169,0.696,1,0,-2,0.179,0,0
CL101126,2817379.0,4057820.0,15.6,3,0.229,96,0.563,0,1,0,0.12,0,0
CL101127,1660887.0,6183732.0,3.8,2,0.114,59,0.58,0,0,-1,0.787,0,0
CL101128,2345316.0,4571784.0,0.1,1,0.602,132,0.841,0,0,1,0.163,0,0
CL101129,2854426.0,9988107.0,4.0,2,0.066,141,0.838,0,0,0,0.247,0,0
CL101130,2843876.0,3790310.0,8.5,2,0.411,61,0.827,0,1,-1,0.716,0,0
CL101131,2990528.0,3508903.0,2.3,4,0.27,51,0.714,0,0,1,0.511,0,0
CL101132,5426775.0,6044327.0,4.5,1,0.337,163,0.75,1,1,1,0.421,0,0
CL101133,3038174.0,4280240.0,0.5,1,0.296,91,0.83,0,0,-1,0.15,0,0
CL101134,2143438.0,3038012.0,7.1,2,0.528,65,0.445,1,0,0,0.133,1,0
CL101135,3921731.0,5730428.0,11.3,1,0.307,49,0.766,0,0,-1,0.415,0,0
CL101136,4389541.0,2528736.0,4.3,1,0.554,177,0.551,0,0,1,0.222,0,0
CL101137,1310863.0,2603002.0,4.4,5,0.594,103,0.285,1,0,1,0.298,1,0
CL101138,3264771.0,2759070.0,0.7,1,0.496,142,0.691,0,1,-2,0.863,1,0
CL101139,3438639.0,10294789.0,1.8,3,0.303,165,0.732,0,0,0,0.204,1,0
CL101140,2086958.0,418859.0,1.3,1,0.495,30,0.556,0,0,1,0.461,0,0
CL101141,4817923.0,5266724.0,5.3,4,0.266,142,0.635,1,0,-1,0.12,0,0
CL101142,2246698.0,4089733.0,6.0,5,0.346,92,0.569,0,0,0,0.171,0,0
CL101143,2578680.0,1231066.0,23.8,4,0.074,155,0.396,0,0,-1,0.09,0,0
CL101144,2220991.0,4959467.0,0.6,4,0.198,62,0.764,0,0,1,0.505,0,0
CL101145,2440686.0,5570673.0,7.3,3,0.21,3,0.619,0,0,0,0.396,0,0
CL101146,1399832.0,6032955.0,6.0,5,0.174,39,0.639,0,0,-2,0.156,1,0
CL101147,1178761.0,623884.0,5.8,2,0.601,19,0.586,1,0,1,0.306,0,0
CL101148,5374911.0,10391228.0,16.5,1,0.239,105,0.127,0,0,-1,0.092,0,0
CL101149,1585673.0,2382317.0,1.8,3,0.33,98,0.216,1,0,-2,0.636,1,0
CL101150,1475200.0,6456497.0,0.3,3,0.299,128,0.114,1,0,-1,0.217,0,0
CL101151,825137.0,6707599.0,8.9,2,0.189,167,0.563,0,0,0,0.421,1,0
CL101152,1759463.0,2161498.0,3.4,3,0.604,10,0.576,0,0,-1,0.576,0,0
CL101153,1249751.0,6339573.0,0.1,2,0.638,175,0.516,0,0,-1,0.679,1,0
CL101154,5504121.0,3048483.0,2.3,2,0.144,128,0.85,0,0,-1,0.549,0,0
CL101155,4012434.0,936623.0,3.0,2,0.16,89,0.724,1,0,0,0.083,0,0
CL101156,1716718.0,9042257.0,7.7,3,0.461,151,0.833,0,0,-1,0.375,0,0
CL101157,7468598.0,2320907.0,1.5,2,0.379,59,0.476,1,0,-2,0.265,0,0
CL101158,3956549.0,2195356.0,4.3,3,0.549,83,0.436,1,1,1,0.232,0,0
CL101159,2058698.0,3011214.0,5.3,5,0.231,102,0.448,0,0,-2,0.346,1,0
CL101160,694049.0,4831008.0,4.9,2,0.706,148,0.601,0,1,-1,0.044,1,0
CL101161,7613787.0,3835885.0,29.2,3,0.377,173,0.94,0,0,0,0.662,0,0
CL101162,1208891.0,5859922.0,0.4,3,0.486,44,0.838,0,0,1,0.357,0,0
CL101163,1063739.0,1563375.0,24.1,3,0.294,18,0.943,0,0,1,0.508,0,0
CL101164,4038102.0,2374576.0,7.0,1,0.422,48,0.895,0,0,-1,0.134,0,0
CL101165,8201898.0,3681394.0,12.7,1,0.533,75,0.629,0,0,0,0.191,0,0
CL101166,4838602.0,15074590.0,4.5,2,0.592,1,0.658,0,0,-2,0.282,0,0
CL101167,3210556.0,3687028.0,4.8,5,0.06,160,0.945,0,0,-1,0.67,0,0
CL101168,3260455.0,8534741.0,16.9,2,0.246,97,0.878,1,2,-1,0.464,1,0
CL101169,3710613.0,4102014.0,18.1,4,0.258,7,0.707,0,0,-1,0.641,0,0
CL101170,3539388.0,2846040.0,2.2,4,0.435,95,0.626,1,0,-2,0.371,0,0
CL101171,2787333.0,3359467.0,1.8,5,0.2,90,0.761,1,2,1,0.45,0,0
CL101172,2551267.0,3548751.0,5.5,5,0.251,100,0.178,0,0,-2,0.644,0,0
CL101173,2347129.0,6092396.0,18.4,5,0.114,174,0.576,0,0,-2,0.189,0,0
CL101174,1661145.0,10451205.0,3.1,1,0.598,152,0.836,2,0,0,0.702,0,0
CL101175,2104656.0,5135956.0,8.4,1,0.12,69,0.619,1,1,1,0.434,0,0
CL101176,1038743.0,9165476.0,9.9,4,0.2,108,0.537,0,0,-1,0.441,0,0
CL101177,2305551.0,2032236.0,12.1,5,0.222,164,0.509,1,2,0,0.157,0,0
CL101178,1477267.0,2986936.0,6.6,3,0.163,50,0.768,0,0,-1,0.223,0,0
CL101179,1394722.0,2404826.0,4.1,4,0.557,46,0.725,1,0,0,0.685,1,0
CL101180,2649674.0,4975872.0,27.3,5,0.386,23,0.693,0,1,0,0.844,0,0
CL101181,4857338.0,3105636.0,7.6,3,0.288,12,0.225,0,0,-2,0.536,0,0
CL101182,3833000.0,6654747.0,10.4,5,0.695,156,0.498,2,0,0,0.407,0,1
CL101183,1104330.0,2080875.0,3.4,2,0.414,61,0.681,0,0,0,0.543,0,0
CL101184,1476501.0,4114886.0,8.9,3,0.131,34,0.348,0,1,1,0.341,0,0
CL101185,3876277.0,6457808.0,2.4,2,0.729,94,0.364,0,0,1,0.18,0,0
CL101186,1481782.0,940614.0,2.2,1,0.502,101,0.797,1,1,0,0.34,0,0
CL101187,2164464.0,17630518.0,10.0,4,0.253,18,0.345,1,0,1,0.153,0,0
CL101188,3188388.0,3274886.0,5.9,5,0.095,120,0.768,0,1,0,0.403,0,0
CL101189,1492298.0,967501.0,9.2,4,0.324,163,0.722,0,0,1,0.459,0,0
CL101190,2552765.0,4460029.0,2.5,5,0.22,176,0.393,0,0,1,0.183,1,1
CL101191,1242936.0,4087362.0,7.3,2,0.342,37,0.71,0,1,0,0.264,0,1
CL101192,1792848.0,3770333.0,4.7,3,0.265,41,0.428,3,0,-1,0.257,0,0
CL101193,2841637.0,7991058.0,7.3,3,0.602,134,0.796,0,2,0,0.279,1,0
CL101194,1091980.0,6737581.0,2.7,5,0.431,128,0.484,1,1,0,0.145,0,0
CL101195,3018400.0,4918496.0,10.1,2,0.482,86,0.631,0,0,-1,0.587,0,0
CL101196,2398085.0,5471749.0,13.1,5,0.338,91,0.695,0,0,1,0.294,0,0
CL101197,3192277.0,3711509.0,2.4,5,0.262,39,0.661,0,0,-2,0.175,0,0
CL101198,2708640.0,13836818.0,2.9,5,0.342,4,0.568,0,0,-2,0.336,0,0
CL101199,4790140.0,1417723.0,8.7,3,0.043,144,0.587,2,0,-2,0.458,0,0
CL101200,2578226.0,4402822.0,9.5,5,0.442,52,0.971,0,0,-1,0.538,0,0
CL101201,1953820.0,4178727.0,9.7,3,0.619,113,0.811,1,0,0,0.412,0,0
CL101202,2574456.0,7055347.0,9.2,1,0.117,19,0.513,0,0,0,0.849,1,0
CL101203,3177639.0,2211767.0,4.0,2,0.408,92,0.415,1,0,-1,0.916,1,0
CL101204,2481640.0,1178118.0,4.0,1,0.242,121,0.499,0,2,-1,0.439,0,0
CL101205,2471401.0,4456063.0,2.4,5,0.402,17,0.379,0,0,-1,0.715,0,0
CL101206,1704878.0,4861518.0,1.4,3,0.427,173,0.68,0,1,1,0.682,0,0
CL101207,1738528.0,11327224.0,9.4,2,0.128,130,0.424,0,1,-2,0.583,1,0
CL101208,1201039.0,1640885.0,0.8,4,0.3,130,0.524,0,0,1,0.355,0,0
CL101209,5808241.0,8960043.0,22.2,2,0.388,88,0.698,0,0,1,0.577,0,0
CL101210,1300252.0,20940383.0,14.0,2,0.039,55,0.576,0,1,-2,0.066,0,0
CL101211,1712641.0,3065020.0,15.6,5,0.031,91,0.61,0,0,-2,0.093,1,0
CL101212,1690942.0,1617416.0,19.0,1,0.242,4,0.865,1,0,-1,0.38,0,0
CL101213,3788430.0,3002987.0,4.2,1,0.448,123,0.189,1,0,-2,0.777,0,1
CL101214,2089688.0,4032123.0,15.0,4,0.507,100,0.498,0,0,-1,0.551,0,0
CL101215,4519315.0,5924765.0,1.4,5,0.2,140,0.455,0,0,-2,0.419,0,0
CL101216,1729347.0,2639298.0,0.2,2,0.169,60,0.703,0,0,0,0.086,0,0
CL101217,2784272.0,11859490.0,12.3,1,0.132,29,0.352,0,0,1,0.783,0,0
CL101218,1594908.0,1830002.0,0.6,1,0.266,46,0.77,0,0,-1,0.412,1,0
CL101219,7078514.0,1181808.0,35.7,3,0.043,97,0.555,0,0,0,0.129,0,0
CL101220,1337350.0,8664089.0,9.0,2,0.066,49,0.607,0,0,-1,0.411,0,0
CL101221,2827519.0,812414.0,11.2,5,0.328,120,0.72,0,0,-2,0.515,0,0
CL101222,3324695.0,3461142.0,2.3,1,0.097,146,0.315,0,0,0,0.389,0,0
CL101223,2978408.0,35405467.0,9.0,5,0.182,76,0.658,1,1,-2,0.175,0,0
CL101224,2207467.0,3959267.0,0.4,2,0.408,74,0.488,1,0,1,0.654,0,0
CL101225,2269544.0,1822031.0,14.6,2,0.278,152,0.58,0,0,1,0.699,0,0
CL101226,2475383.0,3835544.0,1.5,1,0.4,17,0.525,1,0,-1,0.734,0,0
CL101227,2250131.0,3853296.0,9.6,4,0.297,107,0.527,4,1,0,0.253,0,0
CL101228,3921323.0,4468016.0,2.0,5,0.032,96,0.455,1,1,-1,0.128,0,0
CL101229,7313712.0,6347579.0,0.6,5,0.452,89,0.59,0,0,1,0.391,0,1
CL101230,1832614.0,1929212.0,5.3,3,0.619,52,0.294,0,0,1,0.472,1,0
CL101231,1220900.0,13010713.0,1.5,2,0.263,71,0.562,0,0,-2,0.532,0,0
CL101232,2317174.0,4740153.0,10.5,2,0.312,20,0.649,1,1,1,0.518,0,0
CL101233,8796414.0,6640885.0,2.2,1,0.242,157,0.489,0,0,1,0.218,0,0
CL101234,1620366.0,2572260.0,3.4,1,0.289,83,0.522,0,0,-1,0.382,0,0
CL101235,5496150.0,9825263.0,6.7,1,0.333,178,0.671,0,1,-2,0.065,0,1
CL101236,5603211.0,3335267.0,2.7,3,0.437,119,0.516,0,0,-1,0.132,0,0
CL101237,1836195.0,4849018.0,3.8,4,0.236,118,0.775,1,1,1,0.046,0,0
CL101238,3218711.0,2077812.0,13.5,1,0.116,143,0.66,0,2,-1,0.112,0,0
CL101239,5466769.0,1987023.0,1.6,1,0.254,159,0.776,0,0,-1,0.763,0,1
CL101240,2003560.0,6463902.0,0.7,1,0.134,13,0.097,1,0,-2,0.385,0,1
CL101241,2187369.0,2926961.0,3.2,3,0.318,56,0.853,0,1,1,0.701,0,0
CL101242,1810583.0,2196386.0,4.4,5,0.744,19,0.637,0,0,-1,0.06,0,0
CL101243,1458066.0,2545332.0,6.3,4,0.312,70,0.484,1,2,-1,0.129,1,0
CL101244,1750411.0,6512716.0,3.7,5,0.601,156,0.54,1,0,0,0.279,0,1
CL101245,1313269.0,2570661.0,12.5,2,0.29,150,0.703,1,0,-1,0.939,1,1
CL101246,2463372.0,3677124.0,0.3,2,0.199,156,0.601,0,1,0,0.298,0,0
CL101247,1647902.0,4035010.0,4.5,1,0.357,80,0.961,1,0,1,0.491,0,0
CL101248,2722042.0,1043255.0,3.9,5,0.352,114,0.287,1,0,-1,0.463,1,0
CL101249,1112424.0,1425754.0,8.3,3,0.274,33,0.248,0,0,0,0.144,1,0
CL101250,2857450.0,5052504.0,27.1,4,0.194,114,0.689,0,0,-1,0.736,0,0
CL101251,3673901.0,2383497.0,5.7,5,0.403,173,0.373,0,0,-2,0.635,0,0
CL101252,893706.0,8366176.0,34.7,5,0.204,176,0.835,0,0,1,0.307,1,0
CL101253,2919808.0,7855818.0,2.9,4,0.206,115,0.735,0,1,-1,0.48,0,0
CL101254,4474184.0,6605532.0,0.3,5,0.344,63,0.292,0,0,1,0.351,0,0
CL101255,1322692.0,14272430.0,1.4,5,0.19,26,0.243,0,1,-2,0.776,0,1
CL101256,5588862.0,3767181.0,4.0,4,0.007,87,0.638,0,0,1,0.414,0,0
CL101257,2986192.0,6288401.0,3.0,3,0.144,1,0.85,0,0,1,0.552,0,0
CL101258,1702306.0,2652251.0,0.8,4,0.511,93,0.787,0,0,1,0.465,1,0
CL101259,2355151.0,22223458.0,4.5,1,0.063,106,0.77,0,0,1,0.482,0,0
CL101260,3201607.0,16007110.0,3.3,1,0.443,131,0.67,0,0,1,0.637,0,0
CL101261,2515552.0,4026131.0,1.0,1,0.299,84,0.889,0,0,0,0.305,0,0
CL101262,3170431.0,5233602.0,2.8,1,0.512,107,0.486,0,1,0,0.136,0,0
CL101263,1528295.0,10339771.0,17.4,2,0.354,116,0.78,0,1,1,0.389,0,0
CL101264,2635755.0,3602009.0,2.9,3,0.491,5,0.636,1,0,-1,0.099,0,0
CL101265,1194386.0,2521497.0,10.0,2,0.371,173,0.381,1,0,0,0.138,0,0
CL101266,2290743.0,7361637.0,7.6,5,0.663,12,0.396,0,0,1,0.285,0,1
CL101267,1541160.0,4218151.0,4.5,5,0.198,48,0.046,1,0,1,0.548,1,0
CL101268,1676527.0,4538450.0,2.2,4,0.23,14,0.858,1,0,-1,0.053,0,1
CL101269,4493069.0,2226653.0,3.7,1,0.229,53,0.768,0,1,0,0.278,0,1
CL101270,4179303.0,1199757.0,7.2,4,0.459,45,0.682,0,0,0,0.408,0,0
CL101271,3283988.0,4710477.0,3.5,5,0.367,160,0.81,0,0,-2,0.151,0,0
CL101272,1402608.0,7522984.0,1.9,1,0.256,158,0.696,0,1,-1,0.407,0,0
CL101273,2067386.0,3409020.0,1.0,3,0.317,12,0.126,0,1,-1,0.451,0,0
CL101274,4441705.0,10913386.0,16.9,5,0.536,100,0.572,1,2,-1,0.079,0,0
CL101275,2599575.0,2439390.0,4.6,4,0.272,83,0.725,0,0,-1,0.161,0,0
CL101276,7722624.0,1908269.0,7.9,4,0.281,44,0.142,0,0,-1,0.512,0,0
CL101277,2948063.0,3809234.0,5.4,5,0.289,153,0.625,0,0,-1,0.242,0,0
CL101278,2665826.0,3768491.0,16.5,2,0.522,170,0.974,0,0,-1,0.362,0,0
CL101279,2074938.0,6844652.0,6.3,3,0.276,21,0.681,0,0,1,0.248,1,0
CL101280,2588969.0,2321040.0,5.2,5,0.352,66,0.742,0,0,-2,0.091,0,0
CL101281,2243988.0,10403636.0,20.7,5,0.102,101,0.399,0,0,-2,0.685,0,0
CL101282,3450585.0,15820892.0,10.2,4,0.4,21,0.943,1,0,0,0.166,0,1
CL101283,3907277.0,3884867.0,0.9,1,0.235,26,0.693,1,0,1,0.677,0,0
CL101284,1634758.0,9576256.0,1.6,1,0.059,160,0.688,0,0,-1,0.381,0,0
CL101285,1244673.0,1905876.0,12.4,1,0.445,17,0.544,2,0,1,0.181,0,1
CL101286,966945.0,8475202.0,14.5,4,0.486,4,0.529,0,0,-2,0.708,0,0
CL101287,3122035.0,8311025.0,6.3,1,0.636,39,0.771,0,0,-1,0.495,0,0
CL101288,1394877.0,7307458.0,6.5,5,0.189,15,0.305,0,0,1,0.099,1,0
CL101289,825343.0,3949525.0,8.0,2,0.478,33,0.544,0,1,0,0.068,0,1
CL101290,2941086.0,504855.0,4.6,2,0.436,142,0.541,0,2,1,0.163,0,0
CL101291,8423195.0,2547928.0,9.1,2,0.278,90,0.678,0,0,-1,0.663,0,1
CL101292,2414408.0,2576284.0,0.9,1,0.194,47,0.557,0,0,-1,0.666,0,0
CL101293,3683026.0,2013171.0,26.0,2,0.215,130,0.923,1,0,-1,0.371,0,0
CL101294,2522888.0,4349494.0,11.1,1,0.186,90,0.493,0,0,1,0.379,0,0
CL101295,2304917.0,2977890.0,8.0,5,0.356,66,0.653,1,0,1,0.521,0,0
CL101296,3834456.0,2241759.0,3.0,5,0.545,176,0.7,0,0,1,0.13,0,0
CL101297,2094578.0,1902805.0,1.4,4,0.202,176,0.522,0,0,-1,0.608,1,1
CL101298,2768168.0,2419668.0,4.2,4,0.299,81,0.567,0,0,-2,0.194,1,0
CL101299,2844361.0,8754246.0,8.7,3,0.211,18,0.711,0,0,1,0.214,0,0
CL101300,1734023.0,2513741.0,8.0,5,0.189,179,0.905,1,0,-2,0.267,0,0
CL101301,3976932.0,2784400.0,3.9,1,0.121,132,0.416,1,1,-1,0.542,0,1
CL101302,2218896.0,2900262.0,7.6,3,0.302,81,0.582,1,1,-1,0.238,0,1
CL101303,1659667.0,5062118.0,13.4,5,0.18,161,0.17,0,0,-1,0.621,1,0
CL101304,3166872.0,5495140.0,0.2,1,0.722,151,0.895,1,1,-1,0.564,1,0
CL101305,1545358.0,473895.0,4.8,5,0.209,13,0.746,0,1,0,0.482,1,0
CL101306,2456113.0,8163182.0,11.4,5,0.454,71,0.412,0,0,-1,0.454,0,1
CL101307,2410731.0,10912916.0,6.3,1,0.31,58,0.811,1,0,1,0.866,0,0
CL101308,4168004.0,1914313.0,8.4,5,0.061,65,0.338,0,0,-2,0.348,0,0
CL101309,3070494.0,2021583.0,5.8,5,0.166,104,0.594,2,0,-1,0.284,1,0
CL101310,2391632.0,2913375.0,38.5,5,0.417,42,0.732,0,0,-1,0.345,1,0
CL101311,3645059.0,2352048.0,0.4,4,0.254,95,0.401,1,0,0,0.487,0,0
CL101312,4852981.0,4670370.0,5.4,2,0.285,100,0.571,0,0,-1,0.295,0,1
CL101313,3200780.0,1022164.0,0.8,5,0.535,89,0.6,0,0,1,0.243,0,0
CL101314,2434316.0,1825657.0,1.4,1,0.188,109,0.635,0,0,1,0.399,0,0
CL101315,1256803.0,11727394.0,3.9,5,0.459,114,0.67,1,0,0,0.207,0,1
CL101316,1421813.0,2084930.0,1.4,4,0.376,40,0.548,0,0,-1,0.576,0,0
CL101317,2078979.0,9534237.0,26.5,4,0.543,94,0.714,0,0,1,0.738,1,0
CL101318,1785562.0,5120367.0,23.5,5,0.464,102,0.817,0,0,-2,0.565,0,0
CL101319,2205609.0,1125246.0,3.3,3,0.17,21,0.404,0,0,1,0.506,0,1
CL101320,2491324.0,6229025.0,8.2,2,0.222,83,0.213,0,0,0,0.344,0,0
CL101321,3156096.0,3677092.0,6.1,1,0.407,161,0.486,0,0,1,0.918,0,1
CL101322,2337870.0,2902761.0,13.5,1,0.489,111,0.713,0,0,1,0.839,0,0
CL101323,3088669.0,4739632.0,7.9,1,0.206,42,0.337,1,1,-1,0.146,0,0
CL101324,2501090.0,5566313.0,0.0,1,0.507,37,0.3,0,0,-1,0.302,0,0
CL101325,901907.0,6552219.0,11.5,4,0.652,129,0.7,0,0,1,0.479,1,0
CL101326,1514101.0,9109032.0,11.0,2,0.207,77,0.598,0,1,-2,0.652,1,0
CL101327,2253412.0,5313148.0,5.7,5,0.128,154,0.675,0,0,-2,0.471,0,0
CL101328,1322656.0,1524316.0,18.7,5,0.226,113,0.401,0,0,-2,0.533,1,0
CL101329,3268901.0,2866058.0,19.1,3,0.491,39,0.516,0,0,-1,0.068,0,1
CL101330,5206276.0,31331478.0,5.9,5,0.245,47,0.587,1,0,1,0.222,0,0
CL101331,4454302.0,6630188.0,7.5,2,0.371,56,0.775,1,1,1,0.473,0,0
CL101332,2176609.0,20967855.0,45.3,5,0.754,110,0.311,1,0,1,0.735,1,0
CL101333,5103122.0,10604658.0,2.8,4,0.053,156,0.628,1,0,-2,0.534,0,0
CL101334,2608625.0,4729176.0,3.1,5,0.086,71,0.516,1,0,-2,0.231,0,1
CL101335,2046122.0,4930668.0,1.6,1,0.175,110,0.362,0,1,0,0.368,0,0
CL101336,1782092.0,3891845.0,18.1,1,0.083,173,0.487,0,0,0,0.707,0,0
CL101337,2081845.0,1182968.0,10.9,1,0.662,65,0.536,1,0,-1,0.192,0,1
CL101338,1994515.0,4043548.0,0.9,1,0.523,4,0.132,0,2,-2,0.491,0,0
CL101339,2637147.0,9318127.0,32.0,4,0.626,61,0.563,0,0,1,0.323,0,0
CL101340,2624201.0,2624109.0,10.5,4,0.145,171,0.264,1,0,-2,0.361,1,0
CL101341,2425439.0,5327364.0,15.2,4,0.296,105,0.551,0,0,-1,0.095,0,0
CL101342,3013067.0,7247113.0,0.4,5,0.467,147,0.225,0,0,-2,0.277,0,0
CL101343,4392122.0,2112164.0,5.6,1,0.262,86,0.714,0,1,-2,0.113,0,0
CL101344,3893337.0,2911235.0,9.6,3,0.081,100,0.615,1,0,0,0.248,0,1
CL101345,1152623.0,1958055.0,6.3,3,0.216,129,0.682,0,1,1,0.514,1,0
CL101346,675386.0,2245602.0,8.8,1,0.172,147,0.446,1,0,-2,0.022,1,1
CL101347,3863793.0,1621199.0,13.6,2,0.344,51,0.892,0,0,-2,0.391,0,0
CL101348,1222686.0,2125858.0,3.8,5,0.477,64,0.533,1,2,-1,0.382,0,1
CL101349,2164321.0,10784484.0,15.1,3,0.194,63,0.62,1,0,-2,0.521,0,0
CL101350,1349094.0,2103611.0,1.4,4,0.104,29,0.322,0,1,-1,0.294,0,0
CL101351,983635.0,4362350.0,2.5,2,0.157,147,0.934,0,0,-1,0.197,0,0
CL101352,3174724.0,2808025.0,0.4,4,0.116,43,0.569,0,1,-1,0.345,0,0
CL101353,3539789.0,9112942.0,3.6,2,0.506,70,0.699,2,1,1,0.342,0,0
CL101354,1815270.0,9997180.0,3.8,2,0.36,39,0.921,0,0,-2,0.315,0,0
CL101355,662966.0,7310696.0,13.1,5,0.316,23,0.724,0,0,-2,0.416,0,0
CL101356,1842949.0,4947011.0,8.5,4,0.041,1,0.55,0,0,-1,0.421,0,0
CL101357,2945832.0,3396508.0,4.6,4,0.094,61,0.741,1,0,0,0.413,0,1
CL101358,1156078.0,1733560.0,8.4,3,0.402,25,0.691,0,1,-2,0.389,0,0
CL101359,2654269.0,15563986.0,0.4,1,0.421,132,0.371,0,0,0,0.57,0,0
CL101360,2403280.0,2346015.0,1.6,1,0.339,109,0.644,0,0,-1,0.044,1,0
CL101361,3235344.0,6353729.0,7.9,3,0.453,108,0.879,1,0,0,0.085,0,0
CL101362,2570961.0,8382828.0,8.2,2,0.067,1,0.718,0,0,-1,0.153,0,0
CL101363,1488777.0,2706870.0,11.9,3,0.067,40,0.485,0,0,1,0.286,0,0
CL101364,4405154.0,8257305.0,4.1,3,0.193,21,0.469,0,0,1,0.663,0,0
CL101365,2237199.0,6817131.0,10.3,4,0.229,171,0.899,1,0,-2,0.652,0,1
CL101366,2388910.0,13384056.0,9.2,3,0.159,138,0.4,1,0,-1,0.133,0,0
CL101367,1518701.0,2874696.0,26.5,2,0.139,66,0.327,0,0,0,0.747,0,0
CL101368,1940311.0,1623176.0,1.9,1,0.401,17,0.514,0,0,1,0.47,0,0
CL101369,1555953.0,2802878.0,6.4,5,0.365,124,0.787,0,0,0,0.385,0,0
CL101370,2221131.0,4621350.0,7.4,3,0.073,141,0.629,1,0,1,0.189,0,0
CL101371,5699302.0,4158849.0,52.8,3,0.268,91,0.734,0,0,-2,0.334,1,0
CL101372,1219619.0,3031577.0,1.8,4,0.373,113,0.649,2,1,-1,0.638,0,0
CL101373,1080808.0,1049224.0,5.9,4,0.33,126,0.776,0,0,1,0.766,1,0
CL101374,5053467.0,5550164.0,3.4,3,0.084,10,0.835,3,0,1,0.261,0,0
CL101375,2181096.0,15881114.0,6.0,3,0.115,138,0.812,0,0,-1,0.297,0,0
CL101376,1733172.0,5526006.0,2.1,2,0.252,47,0.841,0,0,-2,0.238,0,0
CL101377,4073252.0,6115853.0,0.4,1,0.521,9,0.73,0,0,-1,0.319,0,0
CL101378,1789044.0,5960779.0,6.8,1,0.348,46,0.873,1,0,-1,0.28,0,0
CL101379,6034508.0,5272065.0,3.3,5,0.307,117,0.715,0,0,-2,0.492,1,0
CL101380,3398902.0,7664932.0,1.6,1,0.335,103,0.733,0,0,1,0.31,0,0
CL101381,1897493.0,5265894.0,3.1,5,0.29,124,0.644,0,1,1,0.734,0,0
CL101382,7121679.0,3207896.0,0.4,4,0.273,68,0.758,0,0,1,0.708,0,0
CL101383,1788956.0,2287129.0,24.0,5,0.269,109,0.516,0,0,1,0.495,0,0
CL101384,3509723.0,3354182.0,7.0,5,0.236,68,0.825,0,0,0,0.195,0,0
CL101385,2812674.0,4974775.0,13.5,1,0.606,132,0.892,1,0,-1,0.591,1,1
CL101386,4642997.0,3200258.0,4.4,3,0.436,105,0.859,0,2,1,0.214,0,0
CL101387,5286969.0,4975503.0,18.7,4,0.487,129,0.693,1,0,-1,0.314,0,0
CL101388,2460812.0,5429758.0,5.3,2,0.134,59,0.725,0,0,1,0.72,0,0
CL101389,1661599.0,7154311.0,6.8,5,0.154,153,0.798,0,0,-2,0.376,1,0
CL101390,3047969.0,9800623.0,5.4,5,0.399,137,0.899,0,0,1,0.77,0,0
CL101391,1725698.0,4216876.0,10.6,5,0.242,25,0.881,1,0,-1,0.38,0,1
CL101392,6627204.0,1598468.0,6.7,3,0.372,82,0.46,0,1,1,0.501,0,0
CL101393,2592849.0,3135901.0,2.5,2,0.293,154,0.532,0,0,0,0.505,0,0
CL101394,2017439.0,4117858.0,1.3,1,0.379,56,0.712,0,0,0,0.723,0,0
CL101395,2656022.0,1104565.0,7.5,4,0.559,49,0.516,1,0,1,0.418,0,0
CL101396,1234821.0,10554524.0,5.4,3,0.126,65,0.525,2,0,1,0.376,0,1
CL101397,1489860.0,4411232.0,0.8,2,0.617,9,0.569,0,0,-2,0.771,0,0
CL101398,4413625.0,5214465.0,4.0,4,0.064,138,0.399,1,0,-2,0.178,0,1
CL101399,1743758.0,10384953.0,5.8,1,0.362,112,0.552,1,0,-1,0.127,0,0
CL101400,1434812.0,2568673.0,14.0,4,0.519,139,0.809,0,0,-1,0.265,0,0
CL101401,3167098.0,5967445.0,0.6,5,0.062,96,0.265,1,0,-2,0.345,0,0
CL101402,4381283.0,3697232.0,3.4,5,0.452,85,0.81,0,0,1,0.332,0,0
CL101403,3469346.0,3510044.0,13.8,3,0.101,36,0.599,1,0,1,0.113,0,0
CL101404,3984904.0,2325546.0,8.4,4,0.279,160,0.679,0,1,-1,0.727,0,0
CL101405,1658796.0,12812377.0,2.7,5,0.425,83,0.764,1,0,-2,0.33,0,0
CL101406,1189561.0,3069883.0,14.9,3,0.654,163,0.785,0,0,1,0.253,0,0
CL101407,5130260.0,6515047.0,5.4,3,0.151,132,0.67,0,0,0,0.364,0,0
CL101408,2060914.0,1074638.0,5.5,3,0.462,62,0.339,0,0,1,0.681,0,0
CL101409,2136295.0,9120106.0,30.0,1,0.16,63,0.803,0,0,0,0.773,0,0
CL101410,4704815.0,8339783.0,23.5,5,0.698,136,0.565,0,0,0,0.386,0,0
CL101411,3198252.0,4274612.0,3.6,5,0.125,119,0.573,0,0,-1,0.226,0,0
CL101412,3041751.0,3406310.0,1.2,2,0.231,76,0.689,0,0,1,0.247,0,0
CL101413,7149130.0,5282975.0,3.2,1,0.659,69,0.733,2,0,-2,0.261,0,0
CL101414,1755459.0,19819036.0,0.2,5,0.484,94,0.73,0,0,1,0.335,0,0
CL101415,3851295.0,1162094.0,0.2,5,0.439,63,0.257,0,0,0,0.447,0,0
CL101416,2491777.0,6902672.0,4.0,2,0.769,61,0.767,0,0,1,0.337,0,0
CL101417,2769829.0,2109303.0,22.6,4,0.517,99,0.74,0,1,-1,0.461,0,0
CL101418,5200338.0,3937502.0,16.4,4,0.245,37,0.786,2,0,-2,0.555,0,0
CL101419,3121792.0,3356750.0,5.7,1,0.575,4,0.836,1,0,-1,0.249,0,0
CL101420,3169702.0,2958453.0,6.7,3,0.393,56,0.674,1,0,1,0.745,0,0
CL101421,4140196.0,3963644.0,0.0,2,0.212,43,0.463,1,2,0,0.235,0,1
CL101422,2017811.0,1805016.0,1.9,2,0.307,21,0.646,1,1,-2,0.494,0,1
CL101423,1591830.0,8206412.0,0.2,5,0.215,58,0.569,1,0,-2,0.481,0,1
CL101424,1436321.0,1137223.0,11.2,5,0.252,144,0.211,0,1,-1,0.29,0,1
CL101425,906025.0,5825965.0,1.3,2,0.47,53,0.769,0,1,1,0.416,0,1
CL101426,6770622.0,3176927.0,16.3,3,0.587,18,0.62,0,0,-2,0.805,0,0
CL101427,1394987.0,1759170.0,8.2,4,0.371,57,0.494,1,0,-2,0.35,1,0
CL101428,2168125.0,4600467.0,2.1,1,0.708,95,0.407,0,0,1,0.669,0,0
CL101429,2108724.0,1342621.0,1.4,4,0.331,166,0.598,0,0,1,0.025,0,0
CL101430,2824109.0,4105342.0,7.9,1,0.442,123,0.621,1,0,-1,0.456,0,0
CL101431,3641363.0,1474731.0,18.5,3,0.595,32,0.609,1,0,-2,0.379,0,0
CL101432,3723731.0,5514494.0,10.1,2,0.146,112,0.493,0,0,1,0.455,0,0
CL101433,1809319.0,2090575.0,3.4,3,0.278,19,0.918,0,0,0,0.073,0,0
CL101434,2227608.0,2911865.0,7.1,2,0.505,84,0.699,0,0,1,0.493,0,0
CL101435,2789269.0,4904995.0,3.0,5,0.442,48,0.41,0,0,1,0.188,0,0
CL101436,2138584.0,2324977.0,56.6,1,0.169,74,0.547,1,1,0,0.503,0,0
CL101437,5409530.0,3834023.0,11.1,5,0.116,154,0.477,0,0,-1,0.609,0,0
CL101438,3095585.0,1383765.0,7.6,2,0.196,110,0.743,0,0,0,0.698,1,0
CL101439,3497080.0,6209637.0,4.4,1,0.158,82,0.274,0,0,1,0.603,0,0
CL101440,3373430.0,13734750.0,7.7,1,0.171,173,0.462,0,0,1,0.583,0,0
CL101441,4354572.0,28191927.0,3.3,5,0.458,173,0.57,0,0,0,0.328,0,0
CL101442,2651168.0,4255904.0,0.2,1,0.478,15,0.685,0,0,0,0.551,0,0
CL101443,1266267.0,6932582.0,4.0,2,0.096,146,0.536,0,1,-2,0.303,0,0
CL101444,2957468.0,1148035.0,21.3,2,0.312,31,0.778,1,0,0,0.352,1,0
CL101445,1748592.0,11431852.0,7.9,5,0.214,143,0.864,1,1,0,0.231,0,0
CL101446,1859265.0,6874710.0,0.7,3,0.481,102,0.524,0,0,1,0.278,0,1
CL101447,3246805.0,2845492.0,17.3,2,0.279,15,0.394,0,0,-2,0.046,0,0
CL101448,4497992.0,9492633.0,2.5,2,0.463,65,0.435,1,0,0,0.387,0,0
CL101449,2447642.0,3341287.0,2.2,1,0.233,105,0.4,0,0,-2,0.444,0,0
CL101450,2826123.0,2897568.0,2.8,1,0.209,174,0.743,0,0,-2,0.503,0,0
CL101451,5672313.0,5569047.0,6.9,2,0.056,75,0.843,0,3,0,0.266,0,1
CL101452,2731541.0,1896749.0,6.3,5,0.359,102,0.673,2,0,0,0.31,0,0
CL101453,8893592.0,8163123.0,5.4,3,0.374,144,0.218,0,0,1,0.641,0,0
CL101454,3213126.0,1906552.0,10.1,1,0.561,30,0.736,0,0,-2,0.408,0,0
CL101455,1004117.0,1914490.0,3.0,1,0.241,41,0.605,0,0,1,0.126,0,0
CL101456,3529514.0,2112150.0,12.2,3,0.479,67,0.814,0,1,0,0.612,0,0
CL101457,2930194.0,6794677.0,1.5,1,0.435,17,0.18,1,0,-2,0.143,0,0
CL101458,4615249.0,2592822.0,12.2,5,0.299,26,0.587,1,2,-2,0.325,0,1
CL101459,3390848.0,1554093.0,8.7,1,0.239,118,0.614,0,0,-1,0.087,0,1
CL101460,2259766.0,2613038.0,9.2,1,0.233,73,0.464,1,0,0,0.393,0,0
CL101461,1313034.0,3904227.0,5.3,2,0.117,101,0.873,0,0,-1,0.503,1,0
CL101462,2181424.0,1746840.0,8.8,5,0.288,95,0.321,0,0,-1,0.571,0,0
CL101463,1582853.0,1783027.0,0.7,5,0.509,58,0.409,0,0,-2,0.882,0,0
CL101464,1811631.0,17503430.0,15.3,2,0.096,95,0.717,1,0,1,0.238,0,0
CL101465,3250402.0,2186044.0,0.5,4,0.445,102,0.873,0,0,-2,0.445,0,0
CL101466,5581411.0,3184705.0,1.3,3,0.146,131,0.519,1,0,-1,0.496,0,1
CL101467,2950059.0,3087691.0,6.9,5,0.316,120,0.735,0,0,0,0.903,0,0
CL101468,1331822.0,2972905.0,10.8,4,0.386,126,0.337,0,1,1,0.43,0,0
CL101469,3024636.0,6168355.0,0.6,3,0.186,113,0.59,0,0,-1,0.211,0,0
CL101470,4405286.0,7753850.0,20.3,5,0.156,156,0.556,1,0,-1,0.193,0,0
CL101471,1785321.0,3223028.0,29.1,1,0.475,132,0.334,0,0,0,0.166,0,0
CL101472,2264787.0,1680270.0,7.5,5,0.454,168,0.742,0,0,-2,0.589,0,0
CL101473,2439599.0,9743473.0,5.3,3,0.342,102,0.742,0,0,-1,0.707,0,0
CL101474,1635650.0,3735011.0,10.8,4,0.266,57,0.433,0,2,0,0.727,1,0
CL101475,3348892.0,13406165.0,3.2,1,0.618,175,0.474,0,1,0,0.398,1,0
CL101476,2279635.0,829095.0,5.4,3,0.497,162,0.739,1,0,0,0.724,0,0
CL101477,2986959.0,4578043.0,19.8,3,0.156,173,0.589,0,2,-2,0.116,0,0
CL101478,1553862.0,15294815.0,24.9,5,0.383,32,0.833,1,0,0,0.017,0,0
CL101479,1945969.0,3118040.0,20.9,2,0.768,172,0.407,0,0,-1,0.451,1,0
CL101480,3475298.0,3409767.0,2.4,2,0.628,97,0.882,1,0,0,0.429,0,0
CL101481,2009876.0,4910362.0,2.1,1,0.084,139,0.667,1,0,0,0.539,0,0
CL101482,5742941.0,2700218.0,2.8,3,0.293,36,0.34,1,0,-1,0.291,0,0
CL101483,1983120.0,3209256.0,4.7,4,0.424,141,0.329,1,0,0,0.298,0,0
CL101484,2709683.0,3151942.0,3.0,1,0.423,57,0.333,0,0,-1,0.1,0,0
CL101485,3860454.0,2573572.0,3.7,1,0.384,153,0.612,0,0,-2,0.506,0,0
CL101486,1191611.0,9437480.0,7.8,5,0.332,165,0.555,0,0,-2,0.175,0,0
CL101487,1004093.0,5513745.0,11.5,4,0.165,90,0.702,0,0,0,0.316,0,0
CL101488,1129372.0,4758484.0,10.6,3,0.112,132,0.754,0,1,-2,0.308,0,0
CL101489,4552978.0,7032126.0,13.5,3,0.149,109,0.773,1,1,-2,0.203,0,0
CL101490,1837784.0,3318259.0,0.3,3,0.11,26,0.558,2,1,1,0.206,0,0
CL101491,8702315.0,2322274.0,0.4,1,0.265,13,0.406,1,1,0,0.119,0,0
CL101492,1826434.0,2618633.0,12.5,5,0.35,72,0.594,0,0,-1,0.048,0,0
CL101493,2655851.0,3997773.0,6.1,1,0.294,179,0.251,0,0,-1,0.684,0,1
CL101494,5235930.0,1902257.0,6.9,2,0.339,47,0.545,0,0,-1,0.275,0,0
CL101495,6603078.0,2813155.0,0.4,2,0.079,125,0.394,0,0,-1,0.345,0,0
CL101496,6788576.0,2782105.0,2.4,3,0.504,161,0.808,0,1,1,0.711,0,0
CL101497,4431209.0,17666652.0,8.1,5,0.157,170,0.905,0,0,-1,0.326,0,0
CL101498,4041115.0,572822.0,15.7,3,0.334,128,0.87,0,0,1,0.209,0,0
CL101499,3256825.0,3521037.0,19.9,3,0.692,31,0.952,1,0,0,0.578,0,0
CL101500,3573945.0,13362805.0,5.6,1,0.347,168,0.597,1,0,-2,0.379,1,0
CL101501,1838402.0,4348281.0,6.3,3,0.142,116,0.677,0,0,1,0.311,0,0
CL101502,1608641.0,6765808.0,14.3,3,0.251,144,0.616,1,0,1,0.784,0,0
CL101503,2417665.0,4281776.0,6.2,5,0.247,56,0.94,1,0,-1,0.239,1,0
CL101504,2224200.0,2502665.0,5.8,5,0.521,74,0.768,0,0,-2,0.434,1,0
CL101505,1930686.0,831228.0,18.8,5,0.288,36,0.78,0,0,-1,0.41,0,0
CL101506,3430422.0,4610371.0,12.5,3,0.043,96,0.958,1,0,0,0.34,0,0
CL101507,3904548.0,2319995.0,19.2,5,0.213,80,0.299,0,0,0,0.167,0,0
CL101508,2531198.0,2280181.0,2.0,5,0.321,48,0.852,0,0,-2,0.392,0,0
CL101509,5069562.0,2815665.0,5.9,4,0.189,58,0.636,1,0,1,0.245,1,0
CL101510,1368404.0,13543306.0,14.8,4,0.247,15,0.929,1,1,-2,0.636,1,0
CL101511,2198246.0,21496190.0,0.9,2,0.516,143,0.683,1,1,-2,0.408,0,0
CL101512,1692283.0,4648455.0,12.7,1,0.054,149,0.906,0,0,1,0.292,0,0
CL101513,952392.0,2883925.0,1.6,1,0.197,64,0.536,0,1,-2,0.415,1,0
CL101514,2323673.0,1751427.0,13.2,5,0.703,135,0.838,1,0,0,0.283,0,0
CL101515,2278724.0,5542621.0,7.6,2,0.667,52,0.8,0,0,-2,0.372,0,1
CL101516,5161433.0,13908823.0,1.7,2,0.124,19,0.544,0,1,-1,0.448,0,0
CL101517,3319769.0,3358019.0,5.1,4,0.678,125,0.396,0,0,0,0.251,0,0
CL101518,1451208.0,755173.0,9.2,2,0.131,86,0.651,0,0,1,0.754,1,1
CL101519,6119839.0,6382272.0,8.0,3,0.328,174,0.226,0,0,1,0.581,0,0
CL101520,4459365.0,7958728.0,4.5,5,0.349,38,0.565,0,2,-1,0.308,0,0
CL101521,3239886.0,1315738.0,18.4,3,0.284,141,0.697,1,1,1,0.6,0,0
CL101522,2162462.0,4517815.0,5.9,1,0.543,44,0.516,0,0,1,0.364,0,0
CL101523,1498957.0,5475851.0,5.6,4,0.404,150,0.39,0,0,0,0.734,0,1
CL101524,2010505.0,3793596.0,0.5,3,0.722,35,0.374,0,2,0,0.611,1,0
CL101525,4173954.0,2295498.0,20.4,5,0.089,131,0.822,0,1,-1,0.143,0,0
CL101526,6213862.0,8130688.0,1.6,3,0.404,111,0.362,1,0,0,0.547,0,0
CL101527,5238898.0,3010553.0,6.0,3,0.496,144,0.105,0,1,-2,0.583,0,0
CL101528,1896604.0,1411791.0,13.0,2,0.173,173,0.329,1,0,-1,0.223,0,0
CL101529,1383589.0,951094.0,1.9,4,0.257,144,0.508,0,0,0,0.309,0,0
CL101530,2598495.0,9651218.0,6.0,1,0.272,102,0.728,1,1,1,0.509,0,0
CL101531,1000270.0,6148168.0,2.2,5,0.394,81,0.364,0,0,1,0.308,0,0
CL101532,2846452.0,4246397.0,11.4,5,0.135,166,0.518,0,0,1,0.181,0,0
CL101533,2249455.0,2933796.0,6.6,1,0.477,24,0.217,0,0,1,0.209,0,0
CL101534,1918361.0,2757131.0,15.5,5,0.163,178,0.585,0,0,0,0.275,0,0
CL101535,1091047.0,1880380.0,18.0,2,0.224,108,0.654,1,0,-1,0.151,0,0
CL101536,3130803.0,2951963.0,8.4,3,0.258,57,0.781,0,0,-1,0.368,0,0
CL101537,1855472.0,905225.0,10.3,2,0.343,123,0.769,0,0,-2,0.074,0,0
CL101538,1349226.0,2385109.0,6.4,2,0.346,56,0.303,0,1,-2,0.094,0,0
CL101539,576003.0,3211805.0,3.9,2,0.523,86,0.583,1,0,1,0.532,0,0
CL101540,2388659.0,6119042.0,8.4,1,0.224,66,0.309,0,1,-2,0.329,0,1
CL101541,5874466.0,3882739.0,19.1,4,0.612,78,0.69,1,1,-2,0.372,0,0
CL101542,5557337.0,6965265.0,4.3,1,0.353,92,0.826,0,0,-2,0.377,0,0
CL101543,1926956.0,10266478.0,3.0,1,0.311,77,0.446,0,0,-1,0.174,0,1
CL101544,1792092.0,8374643.0,3.9,2,0.458,102,0.494,0,0,-1,0.421,0,0
CL101545,3061413.0,5550269.0,4.6,4,0.583,81,0.306,1,1,-1,0.294,0,0
CL101546,1470050.0,4026080.0,0.6,1,0.547,73,0.647,1,0,-1,0.302,1,0
CL101547,2816191.0,2009604.0,5.5,4,0.277,62,0.595,1,0,1,0.526,0,0
CL101548,3552067.0,6702297.0,5.5,2,0.437,14,0.843,1,0,1,0.354,0,1
CL101549,4472538.0,12939862.0,7.1,1,0.168,21,0.486,0,0,-2,0.369,0,0
CL101550,2303460.0,5073159.0,3.6,4,0.689,163,0.563,1,0,0,0.314,1,1
CL101551,2187266.0,15280398.0,7.6,5,0.175,30,0.39,0,2,-2,0.439,1,0
CL101552,1561268.0,1372439.0,16.8,1,0.294,167,0.863,0,1,-1,0.39,0,0
CL101553,1601674.0,1779932.0,24.9,1,0.513,25,0.686,1,0,-1,0.564,0,0
CL101554,2162468.0,7265452.0,7.0,1,0.135,172,0.861,0,1,-2,0.826,0,1
CL101555,2910056.0,4804210.0,0.3,4,0.117,99,0.869,0,1,1,0.394,0,0
CL101556,3823942.0,10015531.0,27.9,3,0.469,134,0.486,1,0,0,0.404,0,0
CL101557,1620768.0,3949778.0,9.8,1,0.362,131,0.581,1,0,0,0.337,0,0
CL101558,5108132.0,2174735.0,3.3,5,0.152,164,0.438,2,1,1,0.592,0,0
CL101559,2114731.0,3438290.0,1.3,5,0.164,112,0.526,1,0,-2,0.22,1,0
CL101560,2396012.0,1365623.0,1.2,2,0.635,111,0.559,1,0,-1,0.451,0,1
CL101561,1666763.0,1812081.0,1.5,3,0.149,129,0.787,1,0,1,0.716,0,0
CL101562,720629.0,7886877.0,0.4,3,0.077,162,0.558,0,0,0,0.199,0,0
CL101563,3767879.0,7355443.0,18.6,4,0.181,65,0.908,0,0,1,0.229,0,0
CL101564,3500520.0,5147918.0,6.2,2,0.276,26,0.295,0,0,0,0.438,0,0
CL101565,2103969.0,1196900.0,9.6,4,0.365,18,0.692,0,0,-1,0.13,0,1
CL101566,2504239.0,3106843.0,14.1,2,0.343,164,0.597,0,0,-2,0.496,1,0
CL101567,3134467.0,1693825.0,12.5,3,0.308,134,0.915,1,0,-2,0.412,1,0
CL101568,1108731.0,9098074.0,17.1,4,0.424,172,0.537,0,0,1,0.335,0,0
CL101569,1858859.0,2653512.0,27.4,2,0.337,40,0.869,1,0,-2,0.351,0,0
CL101570,3602477.0,1867249.0,4.6,3,0.601,30,0.49,0,0,1,0.502,0,1
CL101571,1293491.0,4076940.0,24.0,3,0.494,78,0.294,1,1,-1,0.082,0,0
CL101572,2804621.0,2550734.0,10.3,1,0.359,74,0.212,0,0,0,0.521,0,0
CL101573,1228997.0,11280890.0,0.6,4,0.087,31,0.793,0,0,1,0.106,0,0
CL101574,3057827.0,2387202.0,9.2,1,0.365,164,0.518,0,0,-1,0.255,0,0
CL101575,2378973.0,1499347.0,9.3,3,0.409,79,0.735,0,1,0,0.061,0,0
CL101576,1079959.0,884662.0,18.9,4,0.123,158,0.818,0,0,1,0.136,0,0
CL101577,4335596.0,3907661.0,3.7,4,0.037,48,0.497,0,0,0,0.188,0,0
CL101578,1677314.0,2694300.0,7.0,5,0.552,78,0.763,0,0,-2,0.654,1,0
CL101579,1615046.0,1468522.0,0.1,2,0.188,111,0.894,0,1,-1,0.423,0,0
CL101580,2677207.0,9179273.0,3.2,5,0.431,87,0.595,0,0,-2,0.435,0,0
CL101581,4300830.0,6369755.0,0.5,5,0.478,17,0.745,0,0,0,0.6,0,0
CL101582,1457290.0,3914693.0,5.9,3,0.266,27,0.642,0,1,0,0.425,0,0
CL101583,2497598.0,10376232.0,13.6,2,0.394,108,0.963,1,1,-2,0.485,1,0
CL101584,3000856.0,6348793.0,1.8,5,0.19,126,0.52,1,0,-1,0.533,0,0
CL101585,3424797.0,2244517.0,6.0,5,0.058,142,0.449,0,0,-1,0.124,0,0
CL101586,2645104.0,1929065.0,1.8,4,0.141,154,0.763,0,1,-1,0.364,0,0
CL101587,2015718.0,7078603.0,1.0,3,0.863,171,0.563,1,1,-2,0.67,1,0
CL101588,1601106.0,5269557.0,5.7,5,0.388,129,0.849,1,0,-2,0.544,1,1
CL101589,2528336.0,4496561.0,0.7,2,0.506,24,0.371,0,0,0,0.708,0,0
CL101590,1416827.0,2207677.0,7.1,1,0.269,148,0.709,1,0,1,0.317,0,0
CL101591,562038.0,6110770.0,0.3,1,0.192,8,0.84,0,0,-1,0.15,1,0
CL101592,3012497.0,2352880.0,0.9,3,0.776,30,0.261,0,1,-2,0.406,0,0
CL101593,3805536.0,3717676.0,6.4,1,0.429,126,0.664,1,1,0,0.236,0,0
CL101594,743061.0,10994007.0,7.2,4,0.314,18,0.664,0,0,-2,0.3,1,1
CL101595,1461735.0,2514076.0,0.2,4,0.143,77,0.771,0,0,0,0.577,0,0
CL101596,3300476.0,1327632.0,6.8,2,0.149,122,0.339,1,0,-1,0.451,0,0
CL101597,6774985.0,1911152.0,14.6,3,0.625,126,0.696,1,0,0,0.831,0,0
CL101598,2447058.0,8008461.0,10.3,3,0.39,111,0.529,0,0,1,0.509,0,0
CL101599,1682849.0,4772171.0,1.1,1,0.262,83,0.759,0,0,-2,0.847,0,0
CL101600,2210108.0,3648351.0,7.2,5,0.061,141,0.645,1,0,-2,0.502,0,0
CL101601,4815923.0,2795815.0,8.9,5,0.363,176,0.522,0,0,-1,0.405,0,0
CL101602,1753313.0,5608265.0,0.3,5,0.335,154,0.294,0,0,1,0.128,0,0
CL101603,1624002.0,2203652.0,15.5,2,0.291,124,0.62,0,0,-1,0.273,0,0
CL101604,1902403.0,4945388.0,18.9,3,0.607,137,0.602,0,0,1,0.332,0,0
CL101605,1503544.0,2393152.0,15.2,1,0.175,98,0.507,0,1,-2,0.673,0,1
CL101606,2574936.0,2130013.0,13.9,2,0.252,53,0.573,1,1,-2,0.447,0,0
CL101607,5456615.0,2555501.0,10.9,4,0.048,95,0.504,0,0,-1,0.271,0,0
CL101608,2846326.0,3070082.0,8.0,4,0.091,122,0.557,0,0,1,0.375,0,0
CL101609,2134671.0,3858616.0,9.1,4,0.831,106,0.979,0,0,-2,0.67,1,0
CL101610,2092969.0,4708213.0,13.1,3,0.282,71,0.806,0,0,-1,0.158,1,0
CL101611,1108374.0,301989.0,8.7,4,0.233,137,0.958,2,0,0,0.274,1,0
CL101612,3766116.0,2268535.0,3.2,5,0.304,104,0.455,0,0,1,0.168,1,1
CL101613,2329307.0,3035543.0,3.8,4,0.429,154,0.869,1,0,-2,0.612,1,0
CL101614,2212780.0,11450494.0,18.2,2,0.471,115,0.677,0,3,-1,0.173,0,0
CL101615,11953728.0,1874773.0,0.1,4,0.407,161,0.743,1,1,-2,0.51,0,1
CL101616,2811915.0,4474735.0,9.6,5,0.133,161,0.684,1,1,-2,0.473,0,0
CL101617,1662951.0,11370368.0,24.8,4,0.21,121,0.383,2,1,0,0.32,1,1
CL101618,1956800.0,1592669.0,9.8,1,0.577,168,0.285,1,0,-1,0.267,0,0
CL101619,4300418.0,5260742.0,40.8,5,0.409,132,0.56,0,2,0,0.573,0,1
CL101620,2562862.0,2277092.0,9.3,3,0.041,156,0.592,0,0,0,0.156,0,0
CL101621,1179807.0,2804558.0,0.3,4,0.274,54,0.563,0,0,1,0.402,0,0
CL101622,3834749.0,2275755.0,14.0,2,0.298,98,0.302,0,0,1,0.496,0,0
CL101623,1733977.0,2392142.0,2.7,4,0.422,49,0.924,1,0,0,0.613,0,0
CL101624,6178888.0,26838246.0,4.7,2,0.455,104,0.521,0,1,1,0.248,1,0
CL101625,4155835.0,7211007.0,3.0,1,0.04,112,0.631,0,0,1,0.378,0,0
CL101626,1936396.0,8633983.0,2.5,3,0.385,134,0.731,0,1,0,0.104,0,0
CL101627,4595133.0,5634367.0,4.5,5,0.089,33,0.729,1,0,-2,0.241,0,0
CL101628,2505322.0,1297072.0,3.8,5,0.173,133,0.959,0,1,-1,0.101,0,0
CL101629,3709423.0,5264362.0,8.0,3,0.536,146,0.492,0,0,1,0.352,0,0
CL101630,3085939.0,8461616.0,13.4,1,0.397,131,0.744,0,0,0,0.206,0,0
CL101631,1586152.0,2197037.0,2.8,1,0.462,98,0.512,0,0,-2,0.444,0,0
CL101632,1755431.0,7847681.0,1.9,4,0.474,122,0.846,0,0,-1,0.153,0,0
CL101633,4053051.0,6537304.0,8.8,1,0.539,2,0.776,1,0,-1,0.442,0,0
CL101634,2048488.0,14598481.0,8.9,4,0.255,65,0.593,0,0,-2,0.41,0,0
CL101635,1979146.0,2980352.0,18.5,2,0.231,35,0.561,0,1,0,0.532,1,0
CL101636,1502196.0,1851807.0,0.1,3,0.295,179,0.783,1,0,-2,0.706,1,1
CL101637,2993038.0,3099838.0,15.3,2,0.346,68,0.744,0,0,-1,0.631,1,0
CL101638,6792044.0,10906829.0,5.9,2,0.066,35,0.854,0,0,1,0.747,0,0
CL101639,1420094.0,1110272.0,7.8,2,0.103,72,0.423,0,1,1,0.215,0,0
CL101640,2451253.0,938593.0,0.8,2,0.399,172,0.413,0,0,0,0.582,0,0
CL101641,4906691.0,4250625.0,4.5,5,0.174,29,0.134,0,1,-1,0.652,0,0
CL101642,2327207.0,2929046.0,2.1,1,0.745,164,0.736,0,0,1,0.223,1,0
CL101643,3036408.0,4014444.0,2.3,3,0.362,78,0.473,1,1,0,0.732,1,0
CL101644,1423748.0,7738499.0,5.6,3,0.2,42,0.832,1,0,0,0.14,0,0
CL101645,3000092.0,2712012.0,13.4,2,0.226,113,0.812,0,1,-2,0.384,0,0
CL101646,2205419.0,1076145.0,10.9,3,0.198,94,0.584,0,0,0,0.233,1,0
CL101647,3964400.0,16703638.0,7.2,4,0.354,114,0.611,0,0,0,0.403,0,0
CL101648,4384969.0,1986610.0,6.2,3,0.649,7,0.509,0,0,-2,0.596,0,0
CL101649,8839862.0,1902490.0,4.5,2,0.486,141,0.473,0,0,0,0.494,0,0
CL101650,3235897.0,8645971.0,28.8,3,0.599,22,0.467,0,0,-2,0.296,1,0
CL101651,2850196.0,3050627.0,6.6,1,0.278,57,0.665,0,1,-1,0.524,0,1
CL101652,2668941.0,3819489.0,2.3,2,0.598,173,0.537,0,0,1,0.152,0,0
CL101653,2029737.0,5598186.0,2.1,5,0.357,2,0.748,3,0,-1,0.651,1,0
CL101654,2868334.0,8524954.0,7.6,1,0.135,57,0.757,0,2,1,0.443,0,0
CL101655,2089216.0,3161564.0,5.9,3,0.218,118,0.636,0,0,1,0.331,1,0
CL101656,2634570.0,11570466.0,0.1,5,0.39,84,0.215,1,0,1,0.646,0,1
CL101657,4679954.0,895323.0,14.2,1,0.254,75,0.25,1,0,-2,0.42,0,1
CL101658,1464067.0,6796043.0,9.7,4,0.316,34,0.604,0,0,1,0.141,0,0
CL101659,4282037.0,2218475.0,8.7,1,0.822,44,0.488,0,0,0,0.575,0,0
CL101660,4678825.0,10434101.0,0.6,5,0.306,69,0.908,0,0,-1,0.308,0,0
CL101661,2282920.0,4410202.0,3.6,4,0.402,53,0.732,0,1,-1,0.156,0,1
CL101662,838251.0,2492922.0,21.9,3,0.65,94,0.218,1,0,0,0.584,0,0
CL101663,1787072.0,6350149.0,15.9,2,0.305,33,0.479,1,0,0,0.248,1,0
CL101664,4631991.0,7461237.0,2.7,3,0.44,76,0.758,0,0,-2,0.571,0,1
CL101665,2394215.0,6257716.0,1.4,2,0.351,69,0.532,0,1,-2,0.705,0,0
CL101666,1469377.0,1941968.0,4.8,2,0.434,129,0.464,3,0,-1,0.361,0,0
CL101667,1881561.0,2845325.0,3.5,5,0.566,163,0.42,0,1,0,0.327,1,0
CL101668,3686950.0,3981420.0,9.2,4,0.43,25,0.397,0,0,0,0.198,0,0
CL101669,3183102.0,3879118.0,27.2,4,0.233,132,0.584,0,0,0,0.293,0,0
CL101670,2149045.0,6748439.0,3.6,1,0.51,73,0.702,1,0,-2,0.211,0,0
CL101671,2015923.0,974392.0,0.5,3,0.202,118,0.733,0,0,-2,0.577,1,0
CL101672,1990947.0,5045609.0,18.2,5,0.281,113,0.163,0,0,-2,0.534,0,0
CL101673,1526968.0,3259268.0,0.3,3,0.17,115,0.922,0,2,-1,0.4,0,1
CL101674,5431293.0,2220071.0,24.4,1,0.258,125,0.531,0,0,1,0.251,1,0
CL101675,2061284.0,2374409.0,8.7,1,0.211,94,0.204,1,0,0,0.701,1,0
CL101676,4450733.0,3436017.0,22.7,5,0.324,127,0.67,1,0,1,0.444,0,0
CL101677,5181774.0,321014.0,1.8,1,0.328,138,0.717,0,0,1,0.519,0,0
CL101678,3989416.0,2443880.0,0.3,5,0.708,148,0.522,0,0,-2,0.425,0,0
CL101679,1951658.0,2162833.0,5.4,1,0.768,40,0.316,0,1,0,0.393,1,0
CL101680,2963451.0,5797563.0,4.8,4,0.302,75,0.619,1,0,-2,0.843,0,0
CL101681,2392626.0,2271910.0,3.2,5,0.563,15,0.63,0,0,1,0.799,0,1
CL101682,1541319.0,3434632.0,25.3,4,0.71,116,0.431,0,0,0,0.265,0,0
CL101683,2848148.0,11752701.0,13.8,4,0.31,156,0.678,0,0,-1,0.726,0,0
CL101684,1343085.0,8008757.0,8.7,5,0.503,108,0.641,0,1,-1,0.296,1,0
CL101685,4385612.0,7508828.0,1.4,3,0.232,35,0.664,0,0,1,0.555,0,1
CL101686,1919723.0,2813921.0,10.6,2,0.378,7,0.616,1,0,1,0.518,0,0
CL101687,2677997.0,5839306.0,10.4,1,0.537,170,0.634,0,0,-1,0.125,0,0
CL101688,2790256.0,3389766.0,4.4,1,0.276,38,0.395,0,0,-2,0.27,0,1
CL101689,2127690.0,3480668.0,20.7,3,0.122,64,0.559,0,0,0,0.448,0,0
CL101690,3247340.0,5318914.0,1.5,2,0.027,57,0.754,0,0,0,0.251,0,0
CL101691,1909875.0,2628975.0,2.5,3,0.057,108,0.546,3,1,1,0.685,1,0
CL101692,3743938.0,11354244.0,0.5,2,0.559,157,0.371,0,0,-2,0.384,0,0
CL101693,1235529.0,3569403.0,12.7,5,0.566,124,0.844,0,0,0,0.458,0,0
CL101694,2579716.0,6155474.0,7.8,5,0.343,83,0.888,0,0,-2,0.522,0,0
CL101695,6385016.0,11060827.0,3.0,4,0.485,134,0.297,0,0,0,0.532,0,0
CL101696,1468621.0,8220632.0,1.4,4,0.225,81,0.714,0,0,-1,0.482,1,0
CL101697,1725673.0,1489210.0,0.3,5,0.502,2,0.712,0,0,1,0.468,1,0
CL101698,3131285.0,5451640.0,1.5,4,0.366,167,0.497,2,0,1,0.341,1,0
CL101699,2649260.0,7242692.0,4.8,5,0.792,134,0.708,1,0,0,0.81,1,0
CL101700,2885807.0,7454319.0,2.3,3,0.337,14,0.744,1,0,0,0.449,0,0
CL101701,3092819.0,1831587.0,2.4,1,0.503,146,0.888,0,0,0,0.172,1,0
CL101702,3326265.0,2520771.0,16.7,5,0.235,70,0.567,1,0,-2,0.092,0,1
CL101703,4217908.0,8009915.0,5.8,5,0.077,76,0.173,0,0,0,0.29,0,0
CL101704,2972486.0,2342590.0,10.5,5,0.407,150,0.549,1,0,-2,0.579,0,1
CL101705,2146547.0,3237179.0,0.3,4,0.555,78,0.646,0,0,0,0.123,1,0
CL101706,3389818.0,12032394.0,3.6,4,0.125,13,0.994,1,0,0,0.793,1,0
CL101707,6261567.0,3861401.0,5.2,4,0.597,73,0.803,0,1,1,0.588,0,0
CL101708,2266354.0,2400669.0,1.7,4,0.378,114,0.835,0,0,-2,0.377,1,0
CL101709,1487690.0,2160106.0,1.0,3,0.27,106,0.876,0,0,-1,0.743,0,0
CL101710,4212388.0,5039934.0,16.3,5,0.318,10,0.317,1,1,-1,0.478,0,0
CL101711,2280281.0,1570330.0,22.4,3,0.46,27,0.871,0,1,-1,0.226,0,0
CL101712,817221.0,3358029.0,0.7,4,0.315,14,0.556,2,1,1,0.669,0,0
CL101713,3699510.0,5041738.0,3.4,3,0.243,9,0.84,0,0,-2,0.37,0,0
CL101714,1853036.0,9913469.0,25.4,5,0.38,137,0.982,0,0,-1,0.28,0,0
CL101715,2314567.0,6371106.0,0.7,5,0.509,105,0.422,2,0,-2,0.283,0,0
CL101716,2859022.0,2422122.0,8.3,4,0.235,35,0.299,0,0,-2,0.617,0,0
CL101717,2663762.0,9110093.0,28.7,5,0.698,154,0.803,0,0,0,0.558,0,0
CL101718,3452903.0,3237589.0,30.6,3,0.085,169,0.731,0,0,1,0.087,0,0
CL101719,1947889.0,1681182.0,5.1,2,0.282,109,0.521,1,1,-1,0.428,1,0
CL101720,3130029.0,3539766.0,1.4,5,0.181,106,0.73,0,0,-1,0.885,0,0
CL101721,2127008.0,10926684.0,1.8,3,0.342,121,0.661,0,0,1,0.33,0,0
CL101722,3503963.0,4482395.0,17.6,3,0.118,67,0.697,1,0,1,0.237,0,0
CL101723,3294232.0,4027939.0,19.4,3,0.525,30,0.097,0,0,0,0.31,0,0
CL101724,1517054.0,12560257.0,7.5,5,0.249,29,0.987,2,0,-2,0.448,0,1
CL101725,4168184.0,1466005.0,11.6,2,0.646,84,0.45,0,0,0,0.592,0,1
CL101726,1852447.0,1623477.0,10.8,4,0.151,68,0.776,0,0,0,0.748,1,0
CL101727,3627408.0,1288395.0,8.7,4,0.202,14,0.85,0,1,-1,0.365,0,0
CL101728,2909942.0,5182788.0,14.0,5,0.474,109,0.661,0,0,-1,0.23,0,0
CL101729,6071352.0,4486328.0,9.3,5,0.319,39,0.45,1,0,-2,0.284,0,0
CL101730,2165728.0,11756484.0,6.1,1,0.509,21,0.584,0,1,-2,0.357,0,0
CL101731,2033648.0,4734717.0,2.2,2,0.353,71,0.962,1,0,0,0.324,0,0
CL101732,2398347.0,3008915.0,10.9,3,0.222,6,0.342,1,0,1,0.681,0,0
CL101733,2081106.0,3997807.0,5.1,3,0.649,40,0.149,1,0,0,0.297,1,0
CL101734,3612718.0,4335707.0,2.8,4,0.37,153,0.074,0,0,1,0.457,0,1
CL101735,1079323.0,1238940.0,13.0,5,0.372,132,0.629,0,0,-2,0.273,1,0
CL101736,1429963.0,26621565.0,9.5,2,0.415,162,0.453,0,0,-2,0.4,0,1
CL101737,1419902.0,5745398.0,22.2,4,0.34,89,0.304,0,0,-1,0.058,0,0
CL101738,3894804.0,4625087.0,1.4,2,0.563,22,0.716,0,0,-1,0.708,0,0
CL101739,5696182.0,6141716.0,8.4,5,0.505,56,0.86,0,1,0,0.574,0,0
CL101740,2298519.0,6560568.0,2.2,3,0.256,46,0.711,0,0,-2,0.403,0,0
CL101741,2225716.0,3618654.0,18.7,1,0.581,120,0.815,0,0,-1,0.33,1,0
CL101742,2508075.0,2566699.0,0.8,2,0.189,155,0.589,0,0,1,0.703,0,0
CL101743,4329398.0,6074532.0,8.5,3,0.065,90,0.757,0,1,-2,0.535,0,0
CL101744,1523199.0,5230396.0,12.5,2,0.23,116,0.903,0,0,1,0.125,0,0
CL101745,2728287.0,2264981.0,3.5,2,0.336,163,0.329,3,1,0,0.289,0,0
CL101746,3943577.0,10781313.0,24.7,2,0.319,144,0.649,0,0,0,0.809,0,1
CL101747,3111287.0,4902944.0,15.2,5,0.467,104,0.688,0,1,-1,0.847,1,0
CL101748,2662539.0,6654964.0,2.8,4,0.54,148,0.544,2,0,-2,0.365,1,0
CL101749,3994876.0,10578610.0,0.1,2,0.288,15,0.907,0,0,1,0.409,0,0
CL101750,626801.0,4054436.0,2.8,5,0.217,110,0.43,0,0,-2,0.308,1,0
CL101751,3398816.0,4984613.0,2.6,1,0.45,24,0.847,0,0,-1,0.091,0,0
CL101752,1746217.0,7039298.0,17.7,4,0.084,80,0.506,0,0,1,0.484,0,0
CL101753,969643.0,2403886.0,27.3,5,0.424,44,0.809,0,0,-1,0.755,1,0
CL101754,3127052.0,4146753.0,0.6,1,0.168,142,0.657,0,0,1,0.5,0,1
CL101755,4812991.0,4359570.0,5.1,4,0.394,73,0.693,0,0,1,0.229,0,0
CL101756,2260905.0,2044695.0,6.4,5,0.547,110,0.891,0,1,0,0.265,1,0
CL101757,3899806.0,20223296.0,0.8,1,0.522,179,0.702,0,1,0,0.099,0,0
CL101758,5422888.0,1490906.0,3.8,5,0.171,150,0.649,0,0,-2,0.376,0,0
CL101759,4673680.0,1609328.0,3.1,1,0.127,160,0.644,2,1,-2,0.767,0,1
CL101760,5498480.0,10018647.0,6.1,2,0.192,80,0.715,1,0,-1,0.703,0,0
CL101761,3509779.0,6578296.0,8.7,2,0.665,115,0.834,1,0,0,0.066,1,0
CL101762,2514833.0,1947047.0,9.7,4,0.195,25,0.38,0,0,0,0.735,1,0
CL101763,1087092.0,6107953.0,1.2,1,0.107,177,0.471,2,0,-1,0.244,0,0
CL101764,2141397.0,11156081.0,13.4,2,0.474,23,0.685,0,0,1,0.518,0,0
CL101765,1588621.0,3909093.0,9.1,4,0.246,37,0.479,0,0,1,0.332,0,0
CL101766,7170395.0,24622619.0,17.6,3,0.05,3,0.551,0,0,0,0.249,0,0
CL101767,2217868.0,1194403.0,4.8,2,0.291,60,0.341,0,0,-2,0.722,0,0
CL101768,2575624.0,6489373.0,17.9,2,0.179,59,0.544,0,0,0,0.868,0,0
CL101769,3190674.0,9034579.0,16.1,5,0.247,151,0.684,0,0,-2,0.2,1,1
CL101770,2475124.0,7451610.0,4.6,3,0.22,33,0.912,0,0,-2,0.496,0,0
CL101771,5652031.0,3460595.0,3.8,1,0.165,39,0.536,0,0,0,0.304,0,0
CL101772,1773872.0,3258218.0,21.6,4,0.093,153,0.496,1,1,-1,0.776,0,1
CL101773,2669238.0,5448776.0,10.0,3,0.223,63,0.385,1,2,-2,0.219,0,0
CL101774,1670719.0,7067576.0,21.1,1,0.276,89,0.63,1,0,-2,0.135,1,0
CL101775,1251669.0,6087399.0,12.8,2,0.282,103,0.326,1,0,-2,0.209,0,0
CL101776,1783548.0,8269135.0,7.5,4,0.414,85,0.482,0,0,-2,0.242,1,0
CL101777,2377313.0,1956741.0,1.0,4,0.54,159,0.493,0,0,1,0.573,0,0
CL101778,1953921.0,3404335.0,2.8,3,0.52,49,0.956,0,1,-1,0.35,0,0
CL101779,1713056.0,2067786.0,27.7,5,0.248,103,0.44,0,0,-1,0.453,0,1
CL101780,1198812.0,3047161.0,3.1,1,0.634,109,0.451,0,1,0,0.756,1,0
CL101781,2323179.0,8126612.0,0.8,3,0.26,166,0.433,0,0,1,0.73,0,0
CL101782,1141256.0,4306296.0,9.8,5,0.234,71,0.46,1,0,-2,0.312,0,0
CL101783,3541383.0,24761521.0,10.6,5,0.135,91,0.273,0,1,-2,0.226,0,0
CL101784,2523658.0,4571649.0,2.7,5,0.093,77,0.847,1,0,-2,0.389,0,0
CL101785,1168492.0,4163157.0,2.8,4,0.202,87,0.735,0,0,-2,0.228,0,1
CL101786,2074842.0,4300871.0,5.1,1,0.225,8,0.398,0,0,1,0.388,1,0
CL101787,1662648.0,2554926.0,0.2,1,0.278,13,0.222,0,0,-1,0.801,0,0
CL101788,2840774.0,3834365.0,12.5,3,0.497,26,0.871,0,0,-2,0.388,1,0
CL101789,4733736.0,8792869.0,3.1,2,0.78,138,0.639,0,0,-2,0.453,0,0
CL101790,948288.0,4324381.0,15.4,3,0.063,91,0.532,0,0,0,0.395,0,0
CL101791,2565113.0,2291182.0,13.0,1,0.784,56,0.613,0,0,1,0.475,1,1
CL101792,2235406.0,2089511.0,8.7,4,0.511,132,0.786,0,0,-1,0.202,0,0
CL101793,3387728.0,2913480.0,3.1,3,0.146,106,0.582,2,0,0,0.393,0,0
CL101794,2694163.0,4204662.0,5.8,2,0.248,31,0.419,0,0,-1,0.609,0,0
CL101795,1662803.0,9207331.0,4.7,3,0.478,17,0.226,0,1,0,0.17,1,0
CL101796,2064654.0,1562282.0,3.3,5,0.087,136,0.625,0,1,-2,0.554,0,0
CL101797,1626575.0,3191883.0,15.1,2,0.425,37,0.568,0,0,-1,0.144,0,0
CL101798,4147447.0,4417202.0,5.3,5,0.092,125,0.957,1,1,-1,0.372,0,1
CL101799,2447691.0,1106161.0,14.3,4,0.154,148,0.459,1,1,-1,0.718,0,0
CL101800,6265665.0,2227702.0,0.9,1,0.618,47,0.637,0,0,1,0.312,0,0
CL101801,2349398.0,2480766.0,1.2,3,0.254,51,0.547,0,1,-1,0.45,0,0
CL101802,1699418.0,2287158.0,30.3,3,0.209,114,0.749,0,1,-2,0.476,0,0
CL101803,1136135.0,4566797.0,7.1,5,0.458,58,0.265,1,0,-2,0.368,0,0
CL101804,983065.0,3568330.0,5.7,5,0.145,44,0.699,0,0,-2,0.255,0,1
CL101805,1096827.0,2706860.0,5.9,1,0.103,98,0.831,0,0,0,0.624,1,0
CL101806,2767800.0,5387402.0,1.9,3,0.398,11,0.792,0,0,-2,0.326,1,0
CL101807,3123181.0,13338329.0,10.1,1,0.631,12,0.768,0,0,-1,0.127,0,0
CL101808,1098443.0,12578248.0,0.7,5,0.444,138,0.571,0,0,-2,0.422,0,0
CL101809,3788646.0,1039302.0,6.8,5,0.062,54,0.786,0,0,-2,0.388,0,0
CL101810,1902101.0,5980116.0,6.8,2,0.314,34,0.728,0,0,0,0.373,0,0
CL101811,2606181.0,3524974.0,19.6,5,0.928,158,0.83,0,1,-1,0.342,0,0
CL101812,5422732.0,4450864.0,6.0,5,0.418,143,0.735,1,0,0,0.536,0,0
CL101813,3792059.0,3021312.0,1.2,1,0.586,136,0.869,0,1,-2,0.634,0,0
CL101814,2117475.0,4335346.0,6.8,2,0.176,100,0.544,0,0,0,0.563,0,0
CL101815,1550990.0,4439202.0,0.8,2,0.29,168,0.957,0,0,1,0.361,0,0
CL101816,825787.0,2662387.0,1.8,3,0.274,22,0.873,1,1,1,0.495,1,0
CL101817,1690311.0,2131940.0,0.3,4,0.293,5,0.758,0,0,0,0.401,0,0
CL101818,2179127.0,2916553.0,5.8,3,0.112,20,0.672,1,0,-1,0.293,0,0
CL101819,1478310.0,4704272.0,0.7,3,0.298,118,0.88,0,0,-1,0.736,0,0
CL101820,2267915.0,6072600.0,5.1,3,0.299,49,0.414,0,1,-1,0.266,0,0
CL101821,2516617.0,7256036.0,21.6,2,0.533,119,0.749,0,0,-1,0.633,0,0
CL101822,2164223.0,2825136.0,10.2,1,0.25,147,0.439,0,1,0,0.729,0,1
CL101823,1749777.0,4870422.0,0.6,5,0.211,142,0.538,0,1,-2,0.339,0,0
CL101824,2634825.0,7832183.0,2.0,2,0.049,7,0.628,1,1,0,0.81,0,0
CL101825,3020613.0,9028677.0,9.0,5,0.368,80,0.155,1,0,-1,0.317,0,0
CL101826,1403950.0,3831692.0,18.0,5,0.346,10,0.407,1,1,-1,0.58,1,0
CL101827,4903531.0,3420673.0,0.3,4,0.623,107,0.828,1,0,-1,0.85,0,1
CL101828,2305264.0,4564351.0,13.4,3,0.091,150,0.946,0,0,1,0.376,0,0
CL101829,2444680.0,1785492.0,6.6,4,0.513,133,0.448,0,1,-1,0.458,0,0
CL101830,3450767.0,3486725.0,6.3,3,0.284,24,0.979,0,1,0,0.788,0,0
CL101831,2721267.0,6724112.0,25.3,2,0.235,143,0.499,0,1,0,0.447,0,1
CL101832,3900317.0,6257949.0,11.0,5,0.208,88,0.566,0,1,-2,0.319,0,1
CL101833,2795613.0,3304556.0,15.2,4,0.23,154,0.395,1,0,1,0.28,0,1
CL101834,1782953.0,4650116.0,3.5,2,0.15,55,0.82,1,0,-1,0.527,0,0
CL101835,2901539.0,2241699.0,6.5,2,0.366,98,0.642,0,1,0,0.445,1,0
CL101836,1367011.0,6533442.0,7.6,3,0.426,146,0.76,0,0,-2,0.517,0,0
CL101837,2556833.0,3781098.0,3.1,5,0.053,171,0.772,0,0,-2,0.434,0,0
CL101838,2381843.0,3291434.0,6.8,3,0.386,134,0.498,0,0,1,0.194,0,0
CL101839,2182413.0,3099630.0,2.2,3,0.304,173,0.261,0,0,-2,0.258,0,0
CL101840,2271001.0,3820815.0,1.2,2,0.216,25,0.603,0,0,-2,0.46,0,1
CL101841,945128.0,2918224.0,3.7,3,0.309,144,0.316,0,0,-1,0.73,0,0
CL101842,1840665.0,6329300.0,10.8,1,0.232,29,0.78,0,0,1,0.328,0,0
CL101843,2536821.0,3027663.0,19.8,5,0.493,64,0.333,0,0,-2,0.364,0,0
CL101844,2623260.0,12177187.0,4.9,3,0.182,129,0.724,1,1,1,0.2,0,0
CL101845,1448679.0,11135484.0,8.2,3,0.286,124,0.845,0,0,-1,0.751,0,0
CL101846,4560095.0,2139151.0,0.9,4,0.26,173,0.299,0,0,-2,0.244,1,0
CL101847,1570513.0,4192438.0,18.8,5,0.845,109,0.09,0,0,-2,0.115,0,0
CL101848,3932275.0,2532051.0,6.7,5,0.256,26,0.768,0,0,0,0.164,1,0
CL101849,2998423.0,3176678.0,12.1,3,0.141,85,0.638,0,1,-1,0.312,0,0
CL101850,1753083.0,16219086.0,12.7,1,0.549,50,0.703,0,0,-1,0.328,0,0
CL101851,5883459.0,3219382.0,2.4,4,0.364,155,0.613,0,1,-2,0.584,0,0
CL101852,1333319.0,5137917.0,6.0,1,0.249,100,0.479,0,1,-1,0.675,0,0
CL101853,3834605.0,5832317.0,25.8,3,0.503,163,0.372,0,0,0,0.217,0,0
CL101854,3993950.0,1981886.0,0.8,5,0.187,80,0.816,0,1,-2,0.652,0,1
CL101855,1731831.0,2194431.0,9.2,5,0.335,29,0.358,1,1,0,0.273,0,0
CL101856,4858463.0,1716477.0,26.2,1,0.126,135,0.504,0,0,1,0.647,0,0
CL101857,2137135.0,2147512.0,2.9,2,0.429,62,0.878,0,1,-2,0.496,0,0
CL101858,2797808.0,543062.0,15.8,3,0.341,71,0.647,0,0,1,0.304,0,0
CL101859,2758399.0,5845646.0,21.7,5,0.135,127,0.37,0,0,-1,0.203,0,0
CL101860,2264457.0,16817586.0,11.0,2,0.486,34,0.573,0,0,-2,0.434,0,1
CL101861,3632400.0,4428071.0,2.1,5,0.406,176,0.69,0,0,1,0.524,0,0
CL101862,3601080.0,1481568.0,3.3,5,0.658,133,0.725,1,0,-2,0.311,0,1
CL101863,1010276.0,2546057.0,0.3,2,0.069,117,0.699,1,0,1,0.292,0,0
CL101864,4649034.0,2895841.0,14.2,1,0.18,8,0.614,0,0,-1,0.368,0,0
CL101865,1054686.0,1958502.0,15.2,3,0.543,43,0.237,0,0,1,0.581,0,0
CL101866,4058293.0,7290829.0,8.0,2,0.168,74,0.36,0,0,0,0.429,0,0
CL101867,4253925.0,7040446.0,3.5,2,0.156,1,0.854,0,0,-1,0.316,0,0
CL101868,1403552.0,1778327.0,0.6,5,0.206,38,0.792,1,0,-2,0.178,0,0
CL101869,1972067.0,6632927.0,11.2,2,0.152,7,0.833,0,1,-2,0.63,0,0
CL101870,1393247.0,11626167.0,10.4,3,0.517,81,0.651,1,0,-2,0.423,0,1
CL101871,2175001.0,15123959.0,19.5,1,0.142,174,0.748,0,0,0,0.132,1,0
CL101872,2076061.0,29670042.0,10.5,1,0.036,24,0.828,0,1,1,0.285,0,0
CL101873,3576268.0,2123561.0,14.1,1,0.159,35,0.814,0,1,1,0.841,0,0
CL101874,4662929.0,28830785.0,11.0,3,0.551,42,0.204,0,0,-1,0.667,0,0
CL101875,4866288.0,3115984.0,8.0,5,0.255,44,0.817,0,0,-1,0.1,0,0
CL101876,1828334.0,2637321.0,4.5,3,0.116,4,0.404,0,0,-1,0.539,0,0
CL101877,2181207.0,5020051.0,18.6,2,0.409,108,0.739,0,0,-1,0.108,0,0
CL101878,1043698.0,2656598.0,8.4,4,0.158,119,0.704,0,0,-1,0.373,1,0
CL101879,1618588.0,5279442.0,4.1,4,0.536,77,0.373,0,1,1,0.118,0,0
CL101880,3923230.0,1584764.0,0.7,4,0.393,24,0.815,0,1,-1,0.247,0,1
CL101881,5431856.0,3378266.0,2.7,1,0.423,71,0.83,1,0,-1,0.294,0,0
CL101882,1306452.0,9819763.0,6.3,3,0.329,147,0.834,1,0,1,0.258,0,0
CL101883,1800847.0,3836446.0,2.6,3,0.175,123,0.587,0,0,1,0.588,0,0
CL101884,2389984.0,4408817.0,2.0,1,0.372,91,0.409,1,0,-1,0.588,0,0
CL101885,2785897.0,5568749.0,6.0,2,0.311,178,0.629,1,2,-1,0.159,0,0
CL101886,1615570.0,9060756.0,1.5,4,0.28,146,0.775,0,1,-2,0.694,1,0
CL101887,2993730.0,1253365.0,12.9,4,0.834,94,0.671,0,0,-1,0.547,0,0
CL101888,1910891.0,6011392.0,5.3,1,0.359,156,0.624,0,0,-2,0.552,0,0
CL101889,2404311.0,3309483.0,6.8,4,0.803,157,0.805,1,0,1,0.599,0,0
CL101890,3182387.0,4486783.0,1.3,5,0.474,73,0.465,2,1,-1,0.624,0,0
CL101891,2429537.0,8385085.0,3.1,3,0.509,103,0.674,0,0,-1,0.291,1,0
CL101892,1947013.0,1730757.0,4.2,4,0.252,103,0.627,0,0,-2,0.07,0,0
CL101893,2292595.0,1965287.0,13.2,4,0.349,85,0.681,0,0,-1,0.473,0,0
CL101894,2317080.0,1030134.0,11.8,5,0.362,173,0.662,0,1,0,0.39,0,0
CL101895,2012714.0,2718494.0,2.0,2,0.168,102,0.763,1,0,-1,0.125,1,0
CL101896,2127806.0,10132946.0,7.7,2,0.679,135,0.691,0,1,-2,0.433,1,0
CL101897,5386054.0,3669584.0,2.2,5,0.343,45,0.892,1,0,-2,0.723,0,0
CL101898,3205760.0,1562680.0,35.5,2,0.264,89,0.775,0,0,-2,0.492,1,1
CL101899,2089133.0,2842018.0,24.3,1,0.168,154,0.607,0,0,1,0.256,0,0
CL101900,3431394.0,1409149.0,6.6,5,0.626,70,0.718,0,0,-1,0.432,0,0
CL101901,2049467.0,1816405.0,9.6,3,0.676,49,0.695,2,1,0,0.491,1,0
CL101902,4353812.0,5241788.0,12.9,3,0.611,119,0.91,0,0,0,0.345,0,0
CL101903,2913370.0,1755543.0,10.2,3,0.231,84,0.676,0,0,1,0.445,0,0
CL101904,2295242.0,8700091.0,9.6,4,0.159,146,0.671,0,0,-1,0.313,0,0
CL101905,3029349.0,3798876.0,25.5,5,0.191,40,0.796,0,0,-2,0.675,1,0
CL101906,1104123.0,4239332.0,7.3,5,0.626,18,0.394,0,2,1,0.312,1,0
CL101907,1378651.0,3285860.0,8.1,2,0.408,47,0.747,0,0,-2,0.32,1,1
CL101908,1333127.0,6858460.0,15.1,5,0.658,1,0.315,0,0,0,0.319,0,0
CL101909,2601169.0,6908146.0,8.9,5,0.427,161,0.821,1,0,-1,0.6,0,0
CL101910,5758903.0,5048179.0,10.6,2,0.325,39,0.66,2,2,0,0.214,0,0
CL101911,7390087.0,5928918.0,2.1,5,0.367,112,0.076,0,1,1,0.248,0,0
CL101912,3331808.0,3441910.0,3.7,5,0.152,23,0.555,1,0,-1,0.359,0,0
CL101913,3110899.0,5835918.0,1.3,1,0.573,14,0.289,0,0,0,0.388,0,1
CL101914,984089.0,3151804.0,5.6,2,0.382,172,0.892,0,0,-2,0.098,0,0
CL101915,1846243.0,3999029.0,4.9,1,0.705,37,0.196,0,0,0,0.339,0,1
CL101916,1633292.0,3294449.0,46.9,4,0.43,71,0.572,0,0,-1,0.797,1,0
CL101917,1775471.0,2899205.0,7.6,2,0.289,76,0.453,0,0,1,0.356,1,0
CL101918,2226470.0,2464801.0,12.4,5,0.441,165,0.594,0,0,-2,0.603,1,0
CL101919,1912563.0,5539324.0,3.3,5,0.323,156,0.748,0,0,0,0.507,0,0
CL101920,900180.0,9993287.0,14.2,1,0.5,123,0.787,0,1,1,0.368,0,0
CL101921,3519942.0,9063550.0,7.6,1,0.318,7,0.724,1,1,0,0.451,0,1
CL101922,1416399.0,1656809.0,9.6,4,0.478,109,0.589,1,0,0,0.241,0,0
CL101923,2729485.0,9844684.0,2.8,4,0.314,121,0.78,1,1,-1,0.429,1,0
CL101924,6831408.0,3195612.0,6.4,5,0.056,145,0.875,0,1,1,0.522,0,0
CL101925,1529280.0,6079987.0,8.0,3,0.098,165,0.415,0,0,-1,0.659,0,0
CL101926,683414.0,2117294.0,7.1,4,0.508,14,0.653,0,0,0,0.393,0,0
CL101927,2099055.0,4410003.0,19.7,5,0.099,179,0.522,0,0,0,0.284,0,0
CL101928,4199516.0,4973360.0,18.3,4,0.768,55,0.654,0,0,0,0.186,0,0
CL101929,6447311.0,1412366.0,28.3,2,0.452,57,0.349,0,0,-2,0.146,0,1
CL101930,1309591.0,6112137.0,8.8,1,0.091,4,0.696,0,0,1,0.577,1,0
CL101931,3104458.0,10243506.0,28.6,5,0.417,49,0.577,0,1,1,0.223,0,0
CL101932,1919058.0,3533313.0,14.3,4,0.065,81,0.882,0,1,1,0.135,0,0
CL101933,2296796.0,10346074.0,2.5,1,0.368,35,0.392,2,1,-2,0.795,0,0
CL101934,9085331.0,3496296.0,4.5,3,0.063,110,0.909,0,0,0,0.361,0,0
CL101935,1142255.0,7236941.0,2.2,4,0.394,160,0.712,0,0,1,0.601,0,0
CL101936,2749336.0,844923.0,0.0,5,0.137,102,0.821,0,1,-2,0.524,0,0
CL101937,3059759.0,21706980.0,1.7,2,0.575,121,0.87,0,0,-2,0.392,0,0
CL101938,4167776.0,11373774.0,0.0,1,0.071,10,0.539,1,0,-1,0.582,0,1
CL101939,2543347.0,3271510.0,10.2,1,0.294,113,0.78,1,0,-2,0.071,0,0
CL101940,2825018.0,1004035.0,4.4,2,0.526,2,0.514,1,1,0,0.016,0,1
CL101941,1991056.0,4884707.0,3.0,5,0.162,63,0.49,0,0,-2,0.579,0,0
CL101942,2770570.0,1453162.0,11.5,3,0.605,120,0.46,1,0,-2,0.781,0,0
CL101943,2039885.0,5451479.0,14.3,2,0.232,144,0.859,0,0,-1,0.601,0,0
CL101944,3304468.0,5325920.0,29.6,3,0.527,16,0.714,0,0,-2,0.7,0,0
CL101945,2013117.0,2065779.0,8.2,5,0.388,131,0.822,0,0,-2,0.172,0,0
CL101946,2924255.0,8750986.0,5.0,4,0.126,18,0.498,3,1,0,0.133,1,0
CL101947,2386572.0,7017393.0,2.9,4,0.514,42,0.743,0,0,1,0.761,0,0
CL101948,4252532.0,7905556.0,2.0,5,0.106,160,0.637,1,0,-2,0.149,0,1
CL101949,2360309.0,4017621.0,1.9,3,0.274,124,0.975,2,1,1,0.229,1,0
CL101950,997975.0,1482341.0,4.2,2,0.208,50,0.959,0,0,-1,0.428,0,0
CL101951,4551470.0,7916903.0,38.4,5,0.284,177,0.592,0,1,-1,0.662,0,0
CL101952,1539755.0,3304316.0,0.0,5,0.192,3,0.443,1,1,-1,0.282,0,0
CL101953,1746487.0,1509296.0,1.8,4,0.462,72,0.31,0,3,1,0.375,0,0
CL101954,1797971.0,10287371.0,1.7,2,0.519,116,0.791,0,0,1,0.36,0,0
CL101955,4814867.0,17358368.0,10.1,4,0.043,125,0.383,0,1,0,0.527,0,0
CL101956,832479.0,3879149.0,3.5,3,0.305,127,0.657,1,0,1,0.21,1,0
CL101957,11627392.0,18099318.0,4.9,3,0.522,5,0.882,0,0,-2,0.372,0,0
CL101958,4106281.0,4256340.0,1.3,1,0.14,84,0.391,0,0,-2,0.496,0,1
CL101959,2707725.0,3059252.0,4.2,5,0.189,172,0.333,0,0,1,0.459,0,0
CL101960,2356182.0,2568106.0,0.9,2,0.127,153,0.621,1,0,-2,0.871,0,0
CL101961,2793420.0,12559120.0,6.1,2,0.342,23,0.345,1,0,-1,0.883,0,0
CL101962,3142601.0,2312638.0,0.8,4,0.193,138,0.513,1,0,-1,0.9,0,0
CL101963,3343764.0,6680401.0,12.5,4,0.125,138,0.907,1,0,-1,0.838,0,0
CL101964,3197252.0,2699522.0,6.7,2,0.454,161,0.879,0,1,0,0.246,1,0
CL101965,2532684.0,2892944.0,10.3,4,0.321,73,0.323,1,0,1,0.191,0,1
CL101966,2194206.0,8212556.0,4.3,1,0.096,146,0.715,0,0,1,0.753,0,0
CL101967,2245331.0,3060149.0,3.8,5,0.231,97,0.432,1,1,-1,0.667,0,0
CL101968,2196874.0,3007571.0,0.8,1,0.184,74,0.2,0,0,-1,0.224,0,0
CL101969,4268978.0,8823801.0,5.9,3,0.176,27,0.876,0,1,0,0.451,0,1
CL101970,3258503.0,12215035.0,5.8,2,0.034,163,0.723,0,0,0,0.182,0,0
CL101971,556713.0,6269975.0,5.1,1,0.17,62,0.65,0,0,1,0.219,1,0
CL101972,3361677.0,2524772.0,10.8,1,0.489,146,0.891,0,0,1,0.491,0,0
CL101973,2669410.0,2792853.0,14.3,4,0.184,7,0.1,0,1,1,0.535,0,0
CL101974,2399199.0,4222512.0,11.1,4,0.707,10,0.709,0,1,1,0.705,0,0
CL101975,1994175.0,4998513.0,1.2,4,0.49,27,0.853,0,1,0,0.383,0,0
CL101976,4248414.0,1999672.0,7.8,3,0.255,68,0.843,1,0,-2,0.489,0,0
CL101977,3889391.0,6623447.0,0.7,1,0.047,48,0.552,0,0,-1,0.331,0,0
CL101978,1645510.0,4239091.0,9.5,5,0.144,107,0.626,0,0,-2,0.632,0,0
CL101979,2968378.0,1201407.0,3.8,4,0.26,67,0.837,0,1,-1,0.304,0,0
CL101980,1489829.0,2083900.0,1.1,3,0.274,89,0.43,0,0,0,0.286,0,0
CL101981,1214923.0,2805549.0,15.8,3,0.144,154,0.644,0,0,-2,0.472,0,1
CL101982,1770268.0,3794259.0,7.6,4,0.481,168,0.51,1,0,-1,0.197,0,1
CL101983,3727308.0,14984024.0,3.5,2,0.455,71,0.881,0,0,1,0.151,0,0
CL101984,3900294.0,4717171.0,0.2,1,0.369,46,0.567,0,1,0,0.059,0,0
CL101985,3129997.0,2216544.0,6.2,4,0.441,98,0.402,0,0,1,0.44,0,1
CL101986,3480018.0,4659607.0,20.5,5,0.408,92,0.835,1,0,-1,0.305,0,0
CL101987,3134841.0,3120609.0,7.3,1,0.08,11,0.821,0,0,0,0.227,0,0
CL101988,1757247.0,5011926.0,28.5,3,0.042,179,0.757,0,0,0,0.83,0,0
CL101989,3005520.0,5994766.0,1.2,5,0.344,32,0.892,0,0,-1,0.785,0,0
CL101990,3613563.0,9308713.0,6.7,1,0.125,72,0.648,1,0,-2,0.351,0,0
CL101991,3531191.0,3925481.0,12.8,5,0.226,148,0.755,0,0,0,0.222,1,0
CL101992,4388319.0,12575643.0,6.0,3,0.177,133,0.802,0,0,-1,0.333,0,0
CL101993,3450922.0,7539119.0,0.8,4,0.577,126,0.805,0,0,0,0.758,0,0
CL101994,2886987.0,2433381.0,7.0,5,0.322,169,0.697,0,0,0,0.505,0,0
CL101995,4135319.0,18753650.0,7.6,4,0.255,13,0.513,0,0,-2,0.466,0,0
CL101996,2389846.0,5019777.0,10.4,3,0.203,122,0.651,1,0,-2,0.633,0,0
CL101997,1558232.0,2225323.0,11.5,3,0.193,98,0.661,1,0,0,0.515,0,0
CL101998,2232129.0,12699068.0,11.8,5,0.213,131,0.446,3,0,-1,0.349,0,0
CL101999,1668689.0,17097526.0,8.7,5,0.277,143,0.638,0,0,-1,0.372,0,0
CL102000,1727889.0,3901542.0,1.9,3,0.7,97,0.136,0,0,-2,0.275,1,0
CL102001,2252927.0,2806489.0,4.1,5,0.34,56,0.454,0,1,1,0.511,0,1
CL102002,1629510.0,3538939.0,12.0,5,0.275,124,0.355,1,0,0,0.433,0,1
CL102003,2076136.0,6585048.0,24.5,5,0.773,171,0.623,0,0,-1,0.536,0,0
CL102004,939584.0,9766802.0,0.7,5,0.299,46,0.624,0,0,-1,0.617,1,0
CL102005,2694294.0,5952615.0,6.1,1,0.62,117,0.358,0,1,1,0.123,0,0
CL102006,2423208.0,4287465.0,3.0,3,0.091,176,0.616,0,1,-1,0.417,0,0
CL102007,1609535.0,11394123.0,2.0,3,0.318,105,0.369,0,0,1,0.61,0,0
CL102008,3367304.0,3207539.0,5.6,2,0.672,97,0.165,0,0,-1,0.432,0,0
CL102009,3870077.0,8216407.0,7.5,4,0.672,164,0.807,1,0,1,0.155,0,0
CL102010,1084056.0,3263648.0,0.1,2,0.053,151,0.848,1,0,-1,0.65,0,0
CL102011,1653885.0,5398956.0,12.1,5,0.147,55,0.437,0,1,0,0.704,0,0
CL102012,1648587.0,3687673.0,13.7,5,0.673,54,0.159,1,1,0,0.744,0,0
CL102013,1513671.0,3839695.0,26.9,1,0.521,125,0.747,0,0,0,0.631,0,0
CL102014,3666461.0,3065832.0,1.6,1,0.181,65,0.268,1,0,-1,0.279,0,1
CL102015,2198063.0,10235758.0,7.2,1,0.209,51,0.446,0,0,1,0.746,0,0
CL102016,2121730.0,2390353.0,4.4,1,0.423,160,0.788,0,0,0,0.326,0,0
CL102017,889192.0,2378159.0,3.3,1,0.425,128,0.589,0,0,-2,0.895,1,0
CL102018,3327424.0,17622649.0,6.7,1,0.294,148,0.485,1,0,0,0.251,1,0
CL102019,1303249.0,7916766.0,12.2,1,0.499,91,0.814,0,0,-1,0.323,0,0
CL102020,2495417.0,751946.0,0.2,1,0.119,164,0.554,1,1,0,0.321,0,0
CL102021,2782022.0,2688029.0,27.9,1,0.412,32,0.772,0,0,1,0.321,0,0
CL102022,4781808.0,1123105.0,13.3,3,0.287,103,0.381,0,0,1,0.179,0,0
CL102023,1258700.0,2052392.0,11.1,1,0.297,57,0.521,1,1,1,0.401,0,0
CL102024,535119.0,443760.0,11.4,4,0.424,29,0.137,0,0,-2,0.475,0,0
CL102025,2654919.0,3627692.0,3.9,1,0.33,174,0.795,0,1,-2,0.581,0,0
CL102026,5958061.0,1795225.0,11.1,5,0.486,87,0.535,0,0,-1,0.328,1,0
CL102027,4499484.0,4163779.0,3.9,5,0.301,122,0.754,0,0,0,0.047,0,0
CL102028,2689403.0,1280057.0,18.3,1,0.592,163,0.657,1,0,1,0.456,0,0
CL102029,1893963.0,4231378.0,1.6,1,0.466,79,0.784,0,1,-2,0.313,0,0
CL102030,3625712.0,2986338.0,2.8,5,0.245,107,0.386,1,0,-1,0.415,0,1
CL102031,1488422.0,11425601.0,6.4,4,0.195,52,0.665,1,0,-2,0.16,0,0
CL102032,3073043.0,10723518.0,3.1,2,0.093,143,0.627,1,1,1,0.65,0,0
CL102033,3118102.0,6918724.0,4.4,3,0.254,89,0.512,1,1,1,0.228,0,0
CL102034,4114817.0,3176754.0,5.4,5,0.322,179,0.731,0,0,1,0.433,0,0
CL102035,9624572.0,16026694.0,15.5,1,0.555,31,0.556,1,1,-1,0.31,0,1
CL102036,2946734.0,1346306.0,5.9,3,0.473,84,0.592,1,0,1,0.437,0,0
CL102037,1877625.0,1494809.0,3.6,1,0.208,144,0.782,1,0,-2,0.375,0,1
CL102038,2390978.0,3765352.0,2.3,2,0.694,164,0.859,1,0,1,0.33,0,0
CL102039,999951.0,19342720.0,4.2,2,0.039,39,0.597,0,0,-1,0.511,0,1
CL102040,1711094.0,3465484.0,5.8,5,0.612,139,0.438,0,0,1,0.516,0,0
CL102041,1973578.0,3512113.0,11.0,3,0.27,148,0.864,0,0,0,0.804,0,0
CL102042,1863479.0,1455213.0,1.0,3,0.083,56,0.786,0,0,0,0.414,0,0
CL102043,2613439.0,7741846.0,2.0,2,0.247,170,0.879,1,1,-1,0.08,0,0
CL102044,1605250.0,7781218.0,3.8,1,0.252,47,0.563,0,0,-2,0.588,0,0
CL102045,4241872.0,6936810.0,3.6,5,0.687,6,0.489,1,1,-2,0.501,0,0
CL102046,2421998.0,2570332.0,4.0,4,0.299,109,0.714,0,0,0,0.385,0,0
CL102047,2410512.0,2434630.0,12.6,2,0.152,35,0.779,0,1,0,0.272,1,0
CL102048,2055547.0,1614950.0,3.1,2,0.257,136,0.804,0,1,-1,0.112,0,0
CL102049,2617147.0,4234224.0,5.6,5,0.318,71,0.609,0,0,1,0.146,0,0
CL102050,3658446.0,1874242.0,7.8,1,0.291,37,0.507,1,1,-2,0.337,0,0
CL102051,1569763.0,1751194.0,2.1,3,0.824,178,0.281,2,0,-1,0.035,0,1
CL102052,1742692.0,2968052.0,10.1,2,0.126,123,0.723,0,1,0,0.6,0,0
CL102053,2080538.0,2835108.0,6.3,5,0.518,144,0.46,0,0,-1,0.201,0,0
CL102054,1235597.0,2739854.0,4.7,5,0.443,9,0.329,0,1,-1,0.051,0,0
CL102055,1607790.0,5534497.0,13.3,5,0.457,75,0.369,0,1,-1,0.389,1,0
CL102056,1908617.0,4219948.0,2.2,3,0.158,60,0.848,1,0,-2,0.097,0,0
CL102057,3749731.0,3263435.0,17.2,2,0.061,51,0.638,0,1,-1,0.329,1,0
CL102058,2761489.0,4538509.0,6.6,5,0.632,46,0.397,0,0,-1,0.012,0,0
CL102059,2667881.0,1994554.0,7.5,3,0.503,71,0.715,0,1,1,0.497,0,0
CL102060,3705946.0,4298149.0,16.6,1,0.353,140,0.448,1,0,0,0.261,1,1
CL102061,2260992.0,4436701.0,13.6,4,0.217,64,0.742,1,1,-2,0.393,0,0
CL102062,2943861.0,1394250.0,7.4,2,0.427,115,0.491,0,2,1,0.131,0,0
CL102063,2299930.0,8016285.0,11.2,3,0.111,21,0.976,0,0,1,0.385,1,0
CL102064,2765359.0,2154343.0,4.5,4,0.697,5,0.694,1,0,0,0.277,0,0
CL102065,1809608.0,4253347.0,6.3,4,0.808,6,0.481,0,0,1,0.821,0,0
CL102066,715396.0,9021203.0,0.5,3,0.492,43,0.603,1,0,0,0.387,0,0
CL102067,2264491.0,7632864.0,0.8,3,0.459,26,0.426,2,0,1,0.316,1,1
CL102068,4932587.0,4089909.0,14.1,3,0.537,93,0.398,0,1,-2,0.584,0,0
CL102069,3848168.0,3097949.0,0.5,5,0.446,54,0.662,0,1,0,0.431,0,0
CL102070,3924301.0,7750426.0,1.5,1,0.22,128,0.728,1,1,0,0.238,0,0
CL102071,4493154.0,6403060.0,12.7,5,0.273,131,0.485,0,0,0,0.287,0,1
CL102072,2531516.0,2589938.0,0.0,4,0.405,139,0.786,0,0,1,0.519,1,0
CL102073,2672855.0,2288883.0,2.7,4,0.292,25,0.52,0,0,1,0.361,0,0
CL102074,1778310.0,935982.0,7.0,4,0.295,140,0.245,1,1,0,0.337,0,0
CL102075,2067733.0,4447365.0,7.2,3,0.073,65,0.292,0,0,-2,0.107,0,0
CL102076,3294897.0,3768214.0,12.0,2,0.149,4,0.626,0,0,-2,0.203,0,0
CL102077,4421291.0,8844744.0,5.6,5,0.143,127,0.815,0,1,-1,0.724,0,0
CL102078,2258648.0,5133707.0,5.7,2,0.373,162,0.144,0,0,0,0.322,0,0
CL102079,1933622.0,10159913.0,10.3,1,0.161,109,0.538,1,1,-1,0.178,0,1
CL102080,2422387.0,2450604.0,5.5,1,0.154,16,0.692,1,1,1,0.187,0,0
CL102081,3270990.0,8856881.0,7.5,5,0.356,142,0.669,0,0,-1,0.247,0,0
CL102082,1176521.0,2757289.0,18.2,4,0.258,102,0.692,0,0,0,0.26,0,0
CL102083,768280.0,6881294.0,4.1,1,0.368,113,0.817,1,1,-2,0.434,1,0
CL102084,1838998.0,1438151.0,3.9,2,0.465,74,0.649,0,2,-1,0.209,1,0
CL102085,1315390.0,4707157.0,0.0,2,0.3,53,0.628,0,0,1,0.634,0,0
CL102086,1878398.0,995219.0,7.6,3,0.453,118,0.365,1,0,0,0.422,1,1
CL102087,2249256.0,3311804.0,0.2,4,0.124,63,0.31,0,1,-1,0.695,0,1
CL102088,1930666.0,5434335.0,5.6,3,0.444,141,0.711,0,0,1,0.199,0,0
CL102089,5006431.0,2772672.0,13.0,5,0.209,45,0.574,0,0,-1,0.278,0,0
CL102090,2851547.0,1913977.0,6.4,1,0.129,161,0.692,0,0,-1,0.323,0,1
CL102091,2814337.0,7219404.0,2.5,3,0.522,62,0.508,1,0,-2,0.482,1,0
CL102092,3305517.0,3713837.0,12.3,3,0.153,167,0.579,0,1,-1,0.5,0,0
CL102093,1370359.0,2834286.0,2.5,5,0.259,141,0.893,1,0,0,0.496,0,0
CL102094,4071638.0,4111618.0,10.6,2,0.069,81,0.907,1,0,-2,0.337,0,0
CL102095,2331723.0,25283647.0,7.5,2,0.641,73,0.518,0,0,0,0.667,0,0
CL102096,3386272.0,8952577.0,1.5,5,0.072,141,0.782,1,0,0,0.087,1,0
CL102097,1417027.0,9009603.0,18.8,2,0.343,16,0.168,0,1,0,0.472,0,0
CL102098,1113613.0,5416078.0,1.8,5,0.282,158,0.435,1,0,-1,0.524,1,0
CL102099,3645284.0,4486304.0,36.5,2,0.603,167,0.962,0,1,-2,0.551,1,0
CL102100,2923245.0,746195.0,0.1,5,0.502,97,0.549,0,0,1,0.14,0,0
CL102101,1542591.0,2482344.0,2.4,2,0.298,104,0.722,1,0,-1,0.348,1,0
CL102102,1567776.0,2852191.0,1.8,3,0.487,64,0.917,2,1,0,0.187,0,0
CL102103,4251224.0,1074725.0,0.1,3,0.383,70,0.83,1,1,-1,0.634,0,0
CL102104,1336138.0,1775884.0,10.5,2,0.519,140,0.784,0,0,1,0.709,0,0
CL102105,5505931.0,997906.0,9.5,5,0.344,130,0.735,0,0,-1,0.349,0,0
CL102106,1543695.0,3887098.0,12.6,3,0.619,161,0.742,0,0,1,0.208,0,0
CL102107,3332375.0,7082491.0,2.4,1,0.261,143,0.609,0,0,-2,0.125,1,0
CL102108,2054803.0,8664477.0,4.7,2,0.071,81,0.621,0,0,0,0.238,0,0
CL102109,3274231.0,5337933.0,8.6,1,0.308,163,0.666,0,0,1,0.026,0,0
CL102110,1844914.0,2034219.0,4.6,1,0.329,95,0.505,0,0,0,0.903,1,0
CL102111,2232435.0,1032563.0,9.6,4,0.4,123,0.418,0,0,0,0.403,1,1
CL102112,2471806.0,1167286.0,8.0,1,0.079,38,0.489,0,0,-1,0.549,0,0
CL102113,1467259.0,1642471.0,1.0,1,0.289,42,0.917,0,0,1,0.606,0,0
CL102114,3507493.0,2143173.0,12.2,4,0.131,109,0.881,1,0,-1,0.532,1,0
CL102115,1873639.0,3570357.0,10.2,4,0.196,81,0.683,0,1,-2,0.305,0,0
CL102116,2160176.0,1963197.0,8.5,4,0.412,7,0.799,0,1,-2,0.485,0,0
CL102117,1473020.0,5062055.0,1.3,5,0.699,56,0.295,2,0,1,0.741,1,1
CL102118,672551.0,3393623.0,2.5,4,0.187,133,0.834,0,1,0,0.207,0,0
CL102119,2201140.0,4022371.0,4.0,5,0.212,168,0.647,0,0,-1,0.351,0,0
CL102120,8091363.0,8869912.0,2.6,2,0.413,61,0.488,1,0,1,0.312,0,0
CL102121,3585119.0,1747746.0,2.1,5,0.485,65,0.728,0,0,1,0.453,0,0
CL102122,2398538.0,5352601.0,13.1,2,0.406,93,0.47,1,0,-1,0.191,0,0
CL102123,2123454.0,3953923.0,8.1,4,0.183,85,0.619,0,0,0,0.156,1,0
CL102124,2449104.0,3161508.0,6.7,4,0.592,170,0.536,0,0,-2,0.359,1,0
CL102125,3183716.0,7419924.0,2.0,2,0.654,163,0.813,0,0,1,0.392,0,0
CL102126,1341895.0,7387574.0,20.0,3,0.529,25,0.575,1,0,1,0.554,1,0
CL102127,4227667.0,2058435.0,1.7,5,0.81,6,0.623,3,1,-2,0.538,0,1
CL102128,3463155.0,3514780.0,12.7,1,0.444,8,0.805,1,0,-2,0.257,0,0
CL102129,3468015.0,4861454.0,27.2,4,0.567,163,0.476,0,0,-1,0.655,0,0
CL102130,3015384.0,3298226.0,10.4,5,0.092,53,0.886,0,0,-1,0.644,0,1
CL102131,2445618.0,6013485.0,39.5,5,0.329,19,0.899,0,1,0,0.383,0,1
CL102132,3390306.0,4861387.0,8.4,4,0.354,9,0.626,0,1,-2,0.308,0,0
CL102133,3255665.0,14400779.0,2.0,2,0.224,161,0.402,0,0,-2,0.122,0,0
CL102134,2028850.0,1367924.0,1.8,4,0.193,8,0.629,0,0,-2,0.785,0,0
CL102135,1817912.0,3664838.0,3.1,5,0.697,38,0.83,0,0,-2,0.576,1,0
CL102136,2548277.0,2113907.0,0.1,3,0.106,160,0.861,0,0,0,0.578,0,0
CL102137,5254052.0,6094366.0,9.2,2,0.283,23,0.797,0,1,0,0.552,0,0
CL102138,1303347.0,1287200.0,2.5,4,0.11,162,0.516,0,0,0,0.099,1,0
CL102139,1162679.0,5088120.0,13.5,1,0.195,87,0.211,0,0,-1,0.155,0,0
CL102140,2629700.0,2568843.0,3.6,4,0.412,174,0.57,0,0,1,0.756,0,0
CL102141,2484157.0,2388286.0,5.2,5,0.27,160,0.474,0,1,-2,0.169,0,0
CL102142,2641007.0,1450547.0,27.0,5,0.163,129,0.737,0,1,-1,0.389,0,1
CL102143,2735915.0,2883302.0,2.2,1,0.152,7,0.648,0,0,0,0.393,1,0
CL102144,2166013.0,8530430.0,10.2,2,0.205,107,0.594,1,0,0,0.336,0,0
CL102145,5100921.0,3923003.0,11.3,5,0.451,112,0.282,0,0,-1,0.454,1,0
CL102146,1087670.0,6195763.0,2.0,2,0.766,24,0.881,1,0,-1,0.193,0,0
CL102147,1600380.0,12803758.0,5.6,2,0.425,130,0.623,0,0,-1,0.39,0,0
CL102148,2299892.0,4802412.0,3.4,4,0.347,146,0.219,0,0,-1,0.114,1,0
CL102149,1064915.0,2700211.0,11.8,2,0.154,83,0.663,0,0,1,0.356,0,0
CL102150,2217903.0,5537627.0,7.8,5,0.165,106,0.683,1,0,0,0.543,0,0
CL102151,5557923.0,2727764.0,5.2,5,0.069,100,0.832,0,0,1,0.88,0,1
CL102152,2447171.0,2804972.0,12.1,3,0.161,56,0.379,0,0,-1,0.073,0,1
CL102153,2717847.0,1377905.0,2.1,2,0.504,92,0.433,0,0,-1,0.212,0,0
CL102154,1289697.0,7635968.0,11.2,3,0.558,32,0.762,0,1,-1,0.86,0,0
CL102155,1779458.0,3047397.0,16.0,4,0.343,77,0.549,0,0,-1,0.13,0,0
CL102156,2007502.0,4535604.0,16.9,3,0.4,70,0.588,0,1,1,0.177,0,0
CL102157,2066036.0,1933470.0,12.2,2,0.43,93,0.905,0,0,-1,0.622,0,1
CL102158,4596574.0,5417599.0,4.2,5,0.466,10,0.745,1,0,0,0.398,0,0
CL102159,3200589.0,2342293.0,32.1,4,0.389,123,0.865,1,0,-1,0.374,0,0
CL102160,1389245.0,3615728.0,3.8,2,0.555,168,0.861,1,1,0,0.254,0,0
CL102161,2739408.0,7381432.0,8.1,4,0.183,74,0.849,2,0,0,0.391,0,1
CL102162,3106822.0,6944993.0,1.4,1,0.16,34,0.81,0,0,-2,0.551,0,0
CL102163,4282616.0,3931686.0,31.5,2,0.406,84,0.323,0,1,-2,0.591,0,0
CL102164,5337513.0,1158120.0,9.7,1,0.241,111,0.493,1,0,0,0.733,0,0
CL102165,1457820.0,32442096.0,11.2,3,0.123,33,0.496,1,0,0,0.395,0,0
CL102166,1614557.0,13552767.0,0.5,2,0.223,88,0.287,0,0,0,0.238,0,0
CL102167,1291366.0,6621764.0,11.5,1,0.191,97,0.725,0,0,-1,0.398,0,1
CL102168,2154329.0,2356663.0,11.9,5,0.471,57,0.789,1,0,1,0.601,0,0
CL102169,3057717.0,3687597.0,8.9,3,0.139,150,0.337,0,0,0,0.535,0,0
CL102170,3967581.0,2729436.0,2.8,2,0.154,176,0.322,1,1,1,0.453,0,0
CL102171,2331505.0,9671550.0,5.4,2,0.472,32,0.723,0,0,1,0.149,0,0
CL102172,2063835.0,4798203.0,0.9,5,0.178,125,0.696,0,0,1,0.19,0,0
CL102173,2612659.0,2306139.0,5.1,5,0.172,108,0.914,1,1,-2,0.674,0,0
CL102174,1595071.0,2871863.0,2.2,1,0.635,173,0.661,0,0,1,0.531,0,0
CL102175,6884406.0,8752340.0,3.4,1,0.535,2,0.937,1,0,0,0.667,1,0
CL102176,1084001.0,12238148.0,1.4,1,0.058,59,0.589,0,0,0,0.518,0,0
CL102177,2656102.0,11638535.0,2.1,4,0.224,33,0.627,1,2,-2,0.544,0,0
CL102178,6661153.0,6782948.0,0.6,3,0.096,96,0.759,0,1,-1,0.283,0,0
CL102179,2429995.0,3345620.0,20.2,2,0.721,105,0.954,1,0,0,0.144,0,0
CL102180,2202229.0,412892.0,6.0,3,0.217,14,0.521,1,0,-2,0.208,1,0
CL102181,2025399.0,4916031.0,4.0,5,0.677,59,0.495,0,1,-1,0.692,0,0
CL102182,2212877.0,3987679.0,6.1,3,0.555,15,0.822,1,1,1,0.108,0,0
CL102183,4811042.0,4403840.0,7.9,3,0.532,159,0.307,1,0,-1,0.167,0,0
CL102184,801363.0,4146305.0,20.4,1,0.441,29,0.355,2,0,1,0.155,0,1
CL102185,5213265.0,1577917.0,1.6,5,0.451,112,0.581,0,0,-2,0.622,0,0
CL102186,1188285.0,5898366.0,2.8,3,0.256,109,0.562,0,0,-2,0.263,0,0
CL102187,2119464.0,6215467.0,29.8,2,0.239,123,0.457,1,0,0,0.328,0,0
CL102188,1953978.0,6437412.0,3.7,1,0.305,47,0.811,1,0,-2,0.28,0,1
CL102189,3250361.0,7745355.0,0.2,3,0.329,58,0.192,1,0,1,0.607,1,0
CL102190,1089182.0,6094127.0,1.3,5,0.518,93,0.627,0,0,-2,0.722,0,0
CL102191,3051325.0,2996572.0,0.2,2,0.818,85,0.244,2,1,1,0.573,0,0
CL102192,6663496.0,3799630.0,36.8,5,0.216,159,0.079,1,0,1,0.378,0,0
CL102193,1224953.0,4255775.0,2.6,5,0.362,53,0.403,0,0,1,0.388,0,0
CL102194,2662705.0,4305439.0,20.6,5,0.329,86,0.182,1,0,1,0.453,0,0
CL102195,1739327.0,8030460.0,43.9,4,0.708,64,0.687,0,0,-1,0.39,0,0
CL102196,2996464.0,6265495.0,7.3,2,0.175,82,0.587,0,1,1,0.193,0,0
CL102197,2445045.0,17092330.0,0.3,5,0.103,2,0.709,0,0,-2,0.756,1,1
CL102198,1757243.0,18709244.0,0.7,4,0.389,60,0.386,0,1,1,0.409,0,0
CL102199,3090786.0,4221726.0,5.3,1,0.349,84,0.671,1,0,-1,0.078,0,0
CL102200,5969502.0,272213.0,4.2,4,0.168,176,0.758,0,1,1,0.47,0,0
CL102201,2201277.0,9490318.0,7.5,1,0.557,48,0.552,2,0,0,0.683,0,0
CL102202,3470742.0,2735259.0,4.6,4,0.392,118,0.824,1,1,-2,0.638,0,0
CL102203,1268523.0,2278348.0,21.8,5,0.123,132,0.985,0,0,1,0.513,0,0
CL102204,1501210.0,3020969.0,6.1,4,0.178,26,0.384,1,1,1,0.41,1,0
CL102205,3066978.0,2920747.0,9.5,4,0.229,84,0.888,0,0,-2,0.331,1,1
CL102206,5086284.0,6129286.0,18.1,5,0.318,150,0.599,1,0,0,0.124,1,0
CL102207,2893006.0,1340288.0,1.3,1,0.122,171,0.815,0,0,-2,0.442,0,0
CL102208,2070853.0,1877770.0,2.1,5,0.138,20,0.732,0,0,-2,0.38,0,0
CL102209,2420890.0,5076898.0,0.9,2,0.542,93,0.853,1,0,-2,0.724,0,0
CL102210,1296004.0,6175256.0,1.2,4,0.253,48,0.197,0,1,-2,0.099,1,0
CL102211,3276406.0,6256173.0,5.7,2,0.492,121,0.814,1,0,-2,0.225,0,0
CL102212,3764654.0,2301507.0,3.1,5,0.263,95,0.674,2,0,-2,0.101,0,0
CL102213,1931785.0,2013156.0,4.4,5,0.513,61,0.649,0,0,-1,0.355,0,0
CL102214,1914523.0,2800632.0,32.4,3,0.139,151,0.788,0,0,-2,0.052,0,0
CL102215,2766073.0,4722793.0,1.4,2,0.496,61,0.124,0,0,-2,0.308,1,0
CL102216,1946688.0,11294587.0,6.2,3,0.333,80,0.916,0,0,0,0.326,0,0
CL102217,2342979.0,952451.0,0.8,2,0.402,19,0.792,1,1,-2,0.36,0,0
CL102218,6919547.0,3421159.0,3.1,3,0.06,13,0.898,0,0,1,0.466,0,0
CL102219,2140365.0,1570846.0,6.0,3,0.233,130,0.536,0,0,1,0.847,0,0
CL102220,2024493.0,1255984.0,23.4,2,0.3,179,0.584,0,1,0,0.123,0,0
CL102221,1751931.0,7856640.0,4.0,5,0.558,75,0.469,0,2,0,0.421,1,0
CL102222,3513404.0,5845819.0,0.5,1,0.171,1,0.809,0,0,0,0.109,0,0
CL102223,2211956.0,5468984.0,3.9,5,0.076,169,0.348,0,0,0,0.323,0,0
CL102224,1750328.0,7608055.0,1.3,1,0.164,138,0.622,0,1,-1,0.199,1,0
CL102225,4688635.0,2853899.0,2.1,2,0.126,3,0.215,0,0,1,0.517,0,0
CL102226,4924836.0,2949522.0,7.7,4,0.582,8,0.837,1,0,-1,0.413,0,0
CL102227,1793695.0,18439606.0,0.6,5,0.725,80,0.9,1,3,-2,0.023,0,1
CL102228,952390.0,3359828.0,5.0,3,0.675,164,0.48,0,0,0,0.37,0,0
CL102229,4007815.0,6679759.0,7.5,5,0.683,107,0.503,0,0,-1,0.644,0,0
CL102230,1719742.0,4010663.0,4.4,2,0.121,40,0.8,1,0,-1,0.082,0,0
CL102231,3595929.0,1094950.0,0.2,4,0.304,167,0.565,0,1,1,0.647,0,0
CL102232,904329.0,954325.0,33.9,4,0.175,175,0.532,0,1,-1,0.046,0,0
CL102233,3784024.0,2662327.0,3.7,5,0.535,119,0.334,0,0,-2,0.106,0,1
CL102234,1321680.0,8362524.0,12.1,5,0.149,8,0.538,0,0,-2,0.207,1,0
CL102235,3489894.0,6933007.0,3.2,5,0.395,74,0.689,0,0,1,0.377,1,1
CL102236,2439092.0,7571139.0,5.2,2,0.094,165,0.941,0,1,1,0.83,0,1
CL102237,1503085.0,2000820.0,3.9,1,0.247,27,0.789,0,1,1,0.549,0,0
CL102238,1975796.0,12374033.0,3.4,1,0.04,95,0.522,1,1,1,0.436,0,0
CL102239,3413195.0,2032089.0,0.2,3,0.073,131,0.92,0,0,-1,0.522,1,0
CL102240,2553428.0,4634214.0,3.6,2,0.1,167,0.213,2,0,-2,0.164,0,0
CL102241,3243639.0,3963957.0,17.6,4,0.223,6,0.473,0,0,0,0.37,0,0
CL102242,6505902.0,3535228.0,9.4,3,0.561,10,0.92,0,0,-2,0.109,0,0
CL102243,1107792.0,10190989.0,1.3,4,0.32,157,0.502,0,0,0,0.542,0,0
CL102244,5436284.0,2437352.0,7.2,4,0.17,29,0.537,0,2,-2,0.056,0,0
CL102245,2551464.0,1552344.0,17.8,5,0.066,148,0.428,0,0,1,0.491,0,0
CL102246,1545114.0,4049066.0,9.6,4,0.137,79,0.365,0,0,0,0.341,0,0
CL102247,1245245.0,3018049.0,1.3,4,0.288,66,0.768,0,0,-2,0.63,0,0
CL102248,2203241.0,42464035.0,16.2,2,0.026,12,0.955,0,1,1,0.138,0,0
CL102249,3839394.0,6411189.0,2.9,5,0.282,13,0.755,0,0,-2,0.195,0,0
CL102250,2272124.0,2998017.0,4.8,5,0.139,108,0.497,0,0,0,0.315,0,0
CL102251,5155514.0,1906390.0,6.0,3,0.374,167,0.335,1,0,0,0.085,0,0
CL102252,1172223.0,1070673.0,15.2,5,0.359,167,0.419,1,0,1,0.169,1,0
CL102253,2407154.0,1948064.0,21.5,1,0.151,102,0.577,0,1,0,0.521,0,1
CL102254,1294718.0,4327321.0,21.2,2,0.497,173,0.901,1,0,1,0.07,1,0
CL102255,2904628.0,10844082.0,0.1,3,0.303,169,0.799,1,0,-1,0.287,1,1
CL102256,3773237.0,8755410.0,20.4,1,0.475,91,0.769,1,0,-2,0.623,0,0
CL102257,1962283.0,4687296.0,0.4,4,0.314,171,0.505,0,1,-2,0.756,0,1
CL102258,658614.0,3184426.0,2.5,1,0.276,62,0.687,1,1,1,0.362,1,0
CL102259,2675038.0,4819442.0,5.8,3,0.067,131,0.673,0,0,-1,0.439,1,0
CL102260,3012766.0,2777199.0,5.2,5,0.676,9,0.706,0,0,-2,0.531,0,0
CL102261,2964288.0,13294418.0,7.4,2,0.129,172,0.797,0,0,0,0.124,1,0
CL102262,4492371.0,3497528.0,5.2,3,0.43,125,0.524,1,0,1,0.562,0,0
CL102263,1417596.0,3758624.0,21.8,1,0.299,162,0.447,0,0,0,0.413,0,0
CL102264,3402796.0,846550.0,2.2,1,0.413,19,0.749,1,0,-1,0.348,0,0
CL102265,4396212.0,3482272.0,2.6,3,0.541,90,0.338,1,0,1,0.605,0,0
CL102266,995207.0,7170880.0,20.3,3,0.577,87,0.847,1,0,-2,0.438,0,0
CL102267,2841452.0,1890958.0,0.6,3,0.281,18,0.712,0,0,1,0.779,0,0
CL102268,1882121.0,2360764.0,7.5,5,0.37,174,0.901,0,2,-2,0.739,0,1
CL102269,2325019.0,6954488.0,9.2,3,0.121,104,0.43,0,1,-1,0.848,0,1
CL102270,2881548.0,1420245.0,5.6,4,0.285,169,0.304,1,0,0,0.457,0,0
CL102271,1898141.0,8372480.0,9.5,2,0.215,126,0.712,0,1,1,0.821,0,0
CL102272,1727431.0,2751067.0,1.5,2,0.249,49,0.148,0,0,0,0.203,0,0
CL102273,2463457.0,3041928.0,15.3,4,0.454,102,0.609,1,1,-2,0.373,0,0
CL102274,1406165.0,1818068.0,1.2,1,0.572,74,0.602,1,0,1,0.176,0,0
CL102275,1407165.0,5202409.0,4.1,1,0.149,171,0.522,1,1,0,0.125,0,1
CL102276,3401362.0,22340470.0,0.6,1,0.346,138,0.652,0,0,1,0.262,0,0
CL102277,1363551.0,6900111.0,6.3,1,0.019,85,0.916,0,0,-2,0.731,0,0
CL102278,3379223.0,2180359.0,8.9,5,0.337,166,0.504,0,1,0,0.59,1,0
CL102279,3051963.0,8841211.0,22.7,4,0.336,38,0.44,0,0,0,0.523,1,1
CL102280,1021821.0,3198922.0,10.8,2,0.369,175,0.586,0,0,-2,0.569,0,0
CL102281,1725828.0,10450282.0,6.2,4,0.393,135,0.817,0,0,-2,0.709,0,0
CL102282,4399734.0,7022806.0,21.6,2,0.749,12,0.523,0,1,1,0.449,0,0
CL102283,1482762.0,508795.0,5.2,1,0.222,52,0.302,0,0,0,0.692,0,1
CL102284,1919927.0,1977105.0,6.6,5,0.127,105,0.778,1,0,-2,0.27,0,0
CL102285,3051154.0,7733481.0,7.3,3,0.42,161,0.369,0,0,0,0.198,0,0
CL102286,3582944.0,4439978.0,4.2,3,0.462,92,0.547,2,0,-2,0.504,0,0
CL102287,2135541.0,1950060.0,14.6,1,0.214,24,0.469,0,0,1,0.8,1,0
CL102288,1796310.0,2562483.0,1.6,1,0.15,176,0.579,0,1,-1,0.414,0,0
CL102289,4931654.0,1051401.0,6.5,4,0.592,31,0.801,1,0,-2,0.242,0,0
CL102290,5777316.0,3753273.0,10.2,5,0.486,82,0.737,0,0,0,0.287,0,0
CL102291,3950801.0,18764603.0,18.7,5,0.155,23,0.798,1,0,1,0.74,1,0
CL102292,2527292.0,7014243.0,17.2,4,0.501,71,0.414,0,0,0,0.637,0,0
CL102293,1616651.0,18500196.0,5.7,5,0.293,72,0.573,1,1,0,0.288,0,1
CL102294,1598822.0,7405089.0,8.2,5,0.241,118,0.767,0,1,-1,0.422,1,0
CL102295,3144788.0,8196645.0,4.0,3,0.343,143,0.492,0,0,0,0.465,0,0
CL102296,2985265.0,15900404.0,5.1,5,0.193,38,0.601,2,0,-2,0.222,0,0
CL102297,4880700.0,5199559.0,18.9,1,0.49,156,0.961,1,0,-2,0.503,0,0
CL102298,3352527.0,3502336.0,21.4,3,0.709,91,0.609,0,1,0,0.405,1,0
CL102299,1142192.0,8226410.0,18.1,1,0.243,127,0.882,0,1,-2,0.232,0,0
CL102300,4097853.0,11047207.0,1.2,1,0.635,21,0.617,0,1,0,0.05,0,0
CL102301,1470289.0,2853408.0,15.2,4,0.397,27,0.686,0,0,-1,0.524,0,0
CL102302,1998714.0,2409432.0,23.7,5,0.549,175,0.656,0,0,0,0.459,0,0
CL102303,2744474.0,4400370.0,3.6,5,0.559,56,0.529,0,0,1,0.109,0,0
CL102304,6568748.0,7145899.0,5.8,5,0.725,125,0.44,0,0,-1,0.09,0,0
CL102305,11466718.0,6980728.0,12.1,5,0.069,106,0.716,0,0,1,0.518,0,0
CL102306,3280025.0,1473399.0,6.6,3,0.542,142,0.718,1,0,0,0.447,0,0
CL102307,2209776.0,15220051.0,40.3,2,0.363,21,0.146,0,1,1,0.365,0,0
CL102308,3163700.0,2548931.0,4.9,1,0.647,14,0.72,0,1,-1,0.492,1,0
CL102309,3774686.0,3316613.0,10.0,2,0.62,107,0.748,0,1,1,0.721,0,0
CL102310,2062988.0,2122578.0,12.6,2,0.386,70,0.434,0,1,-1,0.359,0,0
CL102311,5942293.0,26398828.0,5.5,2,0.113,28,0.893,1,0,1,0.551,0,0
CL102312,2716990.0,4730065.0,15.6,3,0.19,113,0.865,0,0,1,0.32,0,0
CL102313,3106078.0,2200769.0,6.3,2,0.752,165,0.326,0,0,1,0.278,0,1
CL102314,3378567.0,7309946.0,4.2,3,0.378,102,0.853,0,0,1,0.32,1,0
CL102315,2990028.0,6840662.0,0.9,4,0.479,67,0.48,0,1,-1,0.329,1,0
CL102316,3683855.0,3501112.0,4.0,4,0.489,124,0.707,1,0,1,0.459,1,0
CL102317,1778665.0,7191603.0,10.6,4,0.261,33,0.702,0,0,-2,0.587,0,0
CL102318,1831872.0,2240693.0,20.3,3,0.526,12,0.632,1,0,-2,0.574,1,1
CL102319,1397119.0,2827652.0,2.3,3,0.5,140,0.394,0,0,-2,0.064,0,0
CL102320,3016931.0,977593.0,3.5,1,0.09,179,0.604,1,0,1,0.566,1,0
CL102321,3574973.0,1580472.0,1.3,2,0.505,163,0.409,0,0,-1,0.271,0,0
CL102322,3044619.0,14151647.0,9.4,5,0.191,103,0.459,0,0,-2,0.07,0,0
CL102323,5594230.0,12597388.0,25.8,5,0.152,12,0.661,0,1,-2,0.662,0,0
CL102324,2414981.0,4180963.0,8.2,2,0.166,19,0.335,1,0,1,0.466,1,0
CL102325,3383329.0,12788438.0,7.7,5,0.357,95,0.706,0,0,-2,0.53,0,0
CL102326,1403037.0,3569542.0,6.5,5,0.527,59,0.73,0,2,1,0.283,0,0
CL102327,1995590.0,3367270.0,0.7,5,0.2,117,0.694,0,2,-2,0.123,0,0
CL102328,3428965.0,4153897.0,10.5,3,0.59,13,0.713,0,0,0,0.056,0,0
CL102329,3702619.0,3658467.0,7.4,3,0.347,19,0.724,0,1,-1,0.363,0,0
CL102330,2090715.0,3434434.0,8.7,3,0.564,164,0.595,0,0,1,0.237,0,0
CL102331,2336583.0,8889476.0,18.3,2,0.233,132,0.416,0,0,1,0.516,0,0
CL102332,1133775.0,4435252.0,12.3,4,0.27,13,0.58,0,0,0,0.391,0,0
CL102333,2025821.0,6574685.0,12.1,5,0.35,84,0.883,0,0,-1,0.401,0,0
CL102334,3779838.0,8219060.0,21.0,1,0.678,134,0.624,0,0,1,0.36,0,0
CL102335,3228740.0,5239466.0,36.8,3,0.083,44,0.747,2,1,1,0.361,0,0
CL102336,3110621.0,2024453.0,7.0,1,0.302,76,0.677,0,0,0,0.581,0,0
CL102337,2482774.0,1548804.0,0.9,5,0.202,109,0.679,0,1,-2,0.252,0,0
CL102338,2430315.0,4431047.0,4.9,4,0.276,81,0.493,0,0,-2,0.097,0,1
CL102339,1740772.0,3541711.0,12.4,1,0.103,136,0.748,0,1,1,0.213,0,0
CL102340,3434611.0,4244667.0,0.2,5,0.058,161,0.204,0,0,0,0.558,0,0
CL102341,2989111.0,3948168.0,0.5,5,0.234,121,0.895,0,0,0,0.541,0,0
CL102342,3097201.0,24361183.0,0.6,3,0.325,52,0.511,0,0,1,0.363,0,0
CL102343,1861666.0,1573545.0,10.5,4,0.04,103,0.49,0,0,-2,0.144,1,0
CL102344,825157.0,991563.0,5.6,5,0.359,117,0.511,0,0,1,0.417,1,0
CL102345,4191530.0,5038726.0,3.7,4,0.665,90,0.912,3,1,-2,0.507,0,1
CL102346,1906122.0,3067901.0,0.9,3,0.463,83,0.672,1,0,0,0.476,0,0
CL102347,1573184.0,4981529.0,10.5,1,0.453,13,0.521,0,2,-1,0.284,0,0
CL102348,3425436.0,6008695.0,3.1,2,0.139,120,0.865,0,0,0,0.839,0,0
CL102349,1990694.0,9809612.0,2.5,2,0.247,138,0.57,1,1,0,0.23,0,1
CL102350,4114254.0,1390177.0,8.5,2,0.203,162,0.897,0,0,1,0.469,0,0
CL102351,3296932.0,2704148.0,6.5,4,0.111,95,0.202,0,0,0,0.366,0,1
CL102352,3408506.0,5390415.0,3.6,2,0.401,155,0.614,0,0,0,0.371,1,0
CL102353,1223250.0,6847023.0,8.2,1,0.034,172,0.24,0,0,1,0.409,0,0
CL102354,4439143.0,18539510.0,2.5,5,0.573,69,0.829,0,1,0,0.546,0,0
CL102355,2759680.0,7794998.0,12.7,4,0.252,5,0.471,0,0,1,0.601,1,0
CL102356,2013452.0,3837179.0,2.1,1,0.135,165,0.66,0,0,-2,0.025,0,0
CL102357,2601748.0,2140810.0,1.4,4,0.163,71,0.406,0,0,0,0.832,0,0
CL102358,996378.0,2689853.0,12.2,4,0.208,104,0.44,0,1,-2,0.608,0,1
CL102359,2970754.0,2636883.0,9.8,4,0.25,56,0.652,1,0,-2,0.905,0,0
CL102360,1447450.0,6316422.0,1.6,3,0.325,51,0.584,0,0,0,0.404,0,0
CL102361,1231403.0,4779747.0,1.0,5,0.321,56,0.473,0,0,0,0.331,0,0
CL102362,1131235.0,1580806.0,14.6,2,0.171,170,0.129,1,0,0,0.418,1,0
CL102363,4224216.0,2942791.0,12.0,3,0.263,141,0.413,0,1,-1,0.151,1,1
CL102364,1768016.0,7379993.0,3.2,5,0.319,34,0.654,1,0,-1,0.604,0,0
CL102365,5214031.0,5107209.0,8.6,2,0.157,100,0.63,0,0,1,0.224,0,0
CL102366,1852598.0,5944941.0,1.1,3,0.312,162,0.644,0,0,-2,0.215,1,1
CL102367,1031290.0,5220194.0,5.7,3,0.188,53,0.575,1,0,0,0.511,1,0
CL102368,1385730.0,12465826.0,0.2,1,0.211,3,0.728,1,0,-2,0.446,1,0
CL102369,4492437.0,4710149.0,4.0,3,0.141,74,0.73,0,0,0,0.119,0,0
CL102370,2240144.0,3047353.0,0.6,4,0.01,107,0.419,0,0,0,0.623,0,0
CL102371,1841068.0,2103202.0,5.2,3,0.087,99,0.415,0,2,1,0.205,1,0
CL102372,2623472.0,4755092.0,4.4,4,0.237,37,0.417,0,2,0,0.338,0,0
CL102373,3112359.0,723248.0,4.7,5,0.439,134,0.76,1,1,-2,0.45,0,0
CL102374,4234176.0,3509548.0,0.4,5,0.214,149,0.386,0,1,-1,0.346,1,0
CL102375,4996507.0,3457001.0,3.6,4,0.291,45,0.231,0,1,-2,0.7,0,0
CL102376,2023048.0,1536274.0,11.3,1,0.189,133,0.146,0,1,-2,0.586,0,1
CL102377,1247904.0,2084863.0,3.7,1,0.284,3,0.486,0,0,-1,0.243,1,1
CL102378,1969455.0,7037477.0,10.0,5,0.246,20,0.628,0,0,1,0.105,0,0
CL102379,2758342.0,4692604.0,3.7,3,0.023,61,0.754,0,0,0,0.428,0,0
CL102380,1495723.0,4287661.0,4.4,5,0.224,163,0.443,0,1,-2,0.344,0,0
CL102381,1500673.0,4947749.0,6.6,5,0.127,160,0.211,0,0,1,0.302,0,0
CL102382,2875951.0,4260254.0,24.1,4,0.522,147,0.711,1,0,0,0.328,1,0
CL102383,2363547.0,9530462.0,0.9,1,0.47,143,0.62,0,0,0,0.65,0,0
CL102384,2461788.0,4353107.0,0.3,4,0.252,74,0.683,0,0,1,0.473,0,0
CL102385,1657386.0,1438700.0,7.5,5,0.632,57,0.749,0,0,1,0.6,1,1
CL102386,2158231.0,12498147.0,23.8,2,0.226,154,0.44,1,0,-1,0.553,0,0
CL102387,1525577.0,5174422.0,36.6,3,0.316,70,0.615,1,1,-2,0.727,1,0
CL102388,3779488.0,2643257.0,5.3,5,0.686,111,0.905,0,1,-1,0.108,0,0
CL102389,4063782.0,1660483.0,5.1,4,0.177,90,0.782,2,0,-2,0.507,0,0
CL102390,962131.0,5267887.0,8.3,2,0.208,130,0.544,0,0,-1,0.437,0,0
CL102391,1521557.0,3678367.0,6.5,2,0.173,49,0.771,1,0,0,0.633,0,0
CL102392,1145939.0,12017840.0,8.0,5,0.423,176,0.29,0,0,1,0.144,0,0
CL102393,1749758.0,3134139.0,16.6,1,0.308,160,0.729,0,0,-1,0.191,0,0
CL102394,2322793.0,2221812.0,11.0,2,0.29,131,0.402,0,0,1,0.709,0,0
CL102395,1173120.0,7474871.0,5.5,3,0.131,148,0.611,2,0,0,0.2,1,0
CL102396,1527389.0,7630755.0,5.0,4,0.451,94,0.977,0,0,-2,0.379,0,0
CL102397,1465961.0,4493111.0,8.2,4,0.422,165,0.431,0,0,-2,0.184,0,1
CL102398,2686188.0,6410513.0,4.9,4,0.316,109,0.853,1,0,-1,0.385,0,0
CL102399,2507188.0,3888830.0,4.9,5,0.674,148,0.305,0,1,-1,0.568,0,1
CL102400,1688129.0,4702974.0,0.1,4,0.223,60,0.792,0,0,1,0.397,0,0
CL102401,2645605.0,9024861.0,1.5,4,0.495,98,0.853,1,0,0,0.045,0,0
CL102402,1842548.0,6185527.0,5.4,3,0.255,81,0.45,0,1,-2,0.758,0,0
CL102403,2114169.0,3546628.0,13.8,1,0.349,42,0.847,0,0,0,0.358,0,0
CL102404,5591321.0,10289698.0,2.6,5,0.25,151,0.732,1,0,1,0.426,0,0
CL102405,4733761.0,762686.0,5.9,5,0.594,169,0.296,0,0,-1,0.232,0,0
CL102406,1264528.0,16792641.0,3.4,4,0.594,73,0.374,0,0,-1,0.742,0,0
CL102407,3666933.0,1209634.0,0.9,3,0.322,27,0.503,0,1,1,0.592,0,0
CL102408,3633469.0,2574163.0,25.4,2,0.14,81,0.788,0,0,1,0.454,0,0
CL102409,1363913.0,3880047.0,15.4,4,0.531,174,0.671,0,0,-1,0.433,0,0
CL102410,3646903.0,3603671.0,0.7,4,0.1,17,0.774,0,1,-1,0.132,0,0
CL102411,5225003.0,8076650.0,10.2,5,0.37,113,0.457,0,0,-2,0.229,0,0
CL102412,1381565.0,1904089.0,3.4,5,0.142,130,0.655,0,0,0,0.386,1,0
CL102413,1530720.0,4792375.0,42.1,4,0.537,15,0.081,0,0,-2,0.555,0,0
CL102414,4028202.0,2663766.0,2.9,5,0.194,118,0.941,0,0,-2,0.393,0,0
CL102415,2773852.0,4909088.0,2.2,3,0.542,169,0.611,1,1,-2,0.399,0,0
CL102416,3190659.0,3815794.0,6.7,2,0.119,73,0.19,0,0,1,0.48,0,0
CL102417,2871355.0,4261173.0,14.4,2,0.238,14,0.703,0,1,-1,0.425,0,0
CL102418,2944201.0,2717037.0,1.7,2,0.458,8,0.754,0,0,-1,0.333,1,0
CL102419,1247640.0,2793917.0,9.9,4,0.483,76,0.664,1,0,0,0.386,0,0
CL102420,4088378.0,4882123.0,0.5,4,0.202,135,0.649,0,0,-2,0.745,1,0
CL102421,4346124.0,7729856.0,20.1,4,0.481,67,0.593,0,1,-1,0.309,0,0
CL102422,2159322.0,2626610.0,0.7,3,0.465,154,0.401,2,0,-2,0.329,0,0
CL102423,2369671.0,2173529.0,19.6,2,0.593,3,0.844,0,0,-2,0.316,0,1
CL102424,1126297.0,6134396.0,5.4,5,0.226,174,0.234,0,0,-2,0.517,0,0
CL102425,3131828.0,3902966.0,4.8,5,0.081,132,0.71,0,0,-1,0.621,0,0
CL102426,3223663.0,7140895.0,29.0,1,0.188,124,0.555,0,0,-2,0.204,0,1
CL102427,2347601.0,2117913.0,37.2,1,0.21,174,0.951,0,1,0,0.402,1,0
CL102428,4248925.0,1148989.0,8.4,5,0.255,14,0.673,0,0,-1,0.083,0,0
CL102429,2049203.0,2749411.0,1.1,2,0.28,131,0.575,0,0,0,0.724,0,0
CL102430,3211674.0,2335072.0,5.6,4,0.21,141,0.549,1,0,-1,0.364,0,0
CL102431,1454493.0,3778540.0,6.0,5,0.316,136,0.826,0,0,-2,0.649,1,0
CL102432,2393396.0,2556650.0,5.8,5,0.244,130,0.787,0,0,1,0.163,0,0
CL102433,2219567.0,6707332.0,6.7,1,0.195,102,0.473,0,0,-2,0.387,1,1
CL102434,2710528.0,3263448.0,0.2,2,0.67,116,0.468,0,0,1,0.222,0,0
CL102435,2013201.0,4436304.0,9.9,5,0.29,46,0.384,0,0,-2,0.131,0,0
CL102436,2267671.0,4458595.0,10.0,4,0.508,31,0.747,0,0,-1,0.841,0,0
CL102437,3660183.0,4576608.0,1.0,4,0.42,91,0.36,0,0,0,0.574,0,0
CL102438,1946645.0,3925914.0,6.8,3,0.159,35,0.774,1,0,0,0.483,0,0
CL102439,1084589.0,5708235.0,6.7,4,0.27,62,0.696,1,0,1,0.23,1,1
CL102440,5808262.0,2287663.0,9.2,5,0.335,174,0.845,0,0,-2,0.417,0,0
CL102441,4831787.0,10634272.0,0.7,5,0.264,152,0.424,0,0,0,0.474,0,1
CL102442,1269164.0,3383509.0,7.9,4,0.152,65,0.839,0,0,0,0.363,1,0
CL102443,3418984.0,1594253.0,2.6,1,0.154,90,0.626,1,1,0,0.102,0,0
CL102444,1883256.0,4554614.0,5.7,2,0.551,44,0.256,2,1,-2,0.808,1,0
CL102445,2762768.0,2200453.0,11.9,5,0.299,99,0.817,0,0,-1,0.29,0,0
CL102446,2805555.0,6361242.0,9.8,4,0.274,51,0.765,0,1,-2,0.878,0,0
CL102447,2153912.0,18750367.0,1.0,4,0.341,108,0.482,0,0,-2,0.882,0,1
CL102448,1636577.0,2302255.0,7.2,5,0.513,88,0.665,1,0,1,0.586,0,0
CL102449,1714667.0,5038710.0,27.8,3,0.205,174,0.527,0,0,0,0.169,0,0
CL102450,1531723.0,1168400.0,1.4,2,0.573,33,0.285,0,0,-2,0.08,0,0
CL102451,1597721.0,5486130.0,15.3,5,0.722,154,0.932,0,0,0,0.128,1,0
CL102452,2341754.0,2147898.0,9.7,4,0.42,101,0.166,0,1,-2,0.539,0,0
CL102453,1693182.0,2578235.0,11.9,3,0.047,167,0.721,0,0,-2,0.118,0,0
CL102454,3405921.0,1847048.0,2.6,5,0.619,58,0.723,0,0,-1,0.595,0,0
CL102455,5094250.0,6665835.0,2.7,2,0.55,115,0.504,1,0,0,0.662,0,0
CL102456,1812057.0,8081702.0,18.9,3,0.026,26,0.592,0,0,-2,0.022,0,0
CL102457,2729700.0,4058685.0,3.6,4,0.314,117,0.997,1,1,1,0.466,0,0
CL102458,3109096.0,2180144.0,0.5,1,0.383,75,0.697,0,1,-2,0.436,0,0
CL102459,3066358.0,12147891.0,7.3,2,0.465,93,0.902,0,1,-1,0.446,0,0
CL102460,2515489.0,2361276.0,1.1,3,0.301,57,0.595,0,0,0,0.241,0,0
CL102461,3510753.0,879033.0,12.7,5,0.036,70,0.925,0,0,-2,0.516,0,0
CL102462,3082108.0,5503376.0,8.2,5,0.092,73,0.424,0,0,1,0.58,0,0
CL102463,1304289.0,1842544.0,16.6,3,0.239,8,0.76,1,0,1,0.241,0,1
CL102464,3739932.0,7976627.0,12.3,5,0.096,91,0.795,0,1,0,0.371,0,0
CL102465,3773998.0,3057792.0,1.0,3,0.134,126,0.75,0,1,-2,0.133,0,0
CL102466,1653421.0,6092684.0,3.8,2,0.294,34,0.665,0,0,1,0.687,1,0
CL102467,2468124.0,10649785.0,11.9,5,0.261,69,0.713,0,0,0,0.455,1,0
CL102468,3408097.0,1713072.0,4.3,2,0.106,10,0.507,0,0,1,0.284,1,0
CL102469,2181107.0,2686753.0,28.7,4,0.374,22,0.517,0,1,0,0.233,0,1
CL102470,4141170.0,3786794.0,10.6,4,0.527,140,0.872,0,1,1,0.496,0,0
CL102471,7896548.0,11713891.0,0.1,4,0.42,157,0.463,2,1,1,0.176,0,0
CL102472,1634761.0,2518394.0,17.0,4,0.425,159,0.438,0,1,1,0.175,0,0
CL102473,1214056.0,2633561.0,0.9,5,0.605,6,0.473,1,0,-2,0.202,0,0
CL102474,2819047.0,5579995.0,1.2,3,0.039,110,0.647,0,0,-1,0.65,0,0
CL102475,3473875.0,2665600.0,10.6,5,0.36,7,0.323,0,0,-2,0.221,0,0
CL102476,2157729.0,4442679.0,16.0,5,0.126,97,0.428,1,0,-1,0.832,0,0
CL102477,5008416.0,1347719.0,6.1,2,0.296,110,0.338,0,1,-1,0.686,0,0
CL102478,1240093.0,18812479.0,2.7,3,0.389,13,0.565,0,0,-2,0.027,0,0
CL102479,3424477.0,1554405.0,3.5,1,0.416,63,0.782,0,0,-2,0.642,0,0
CL102480,1788825.0,3187582.0,3.4,1,0.55,24,0.422,0,1,1,0.465,1,0
CL102481,5721199.0,3903028.0,3.2,3,0.358,94,0.857,0,0,-1,0.501,0,0
CL102482,6558403.0,15231584.0,2.2,1,0.589,97,0.816,0,0,-2,0.27,0,1
CL102483,1650637.0,1579483.0,7.5,3,0.165,84,0.672,0,0,-2,0.741,1,0
CL102484,1839899.0,16007900.0,18.5,2,0.046,19,0.633,0,0,-1,0.585,0,0
CL102485,3722083.0,6783636.0,2.9,2,0.524,83,0.811,0,2,-2,0.397,0,1
CL102486,1995559.0,5346575.0,1.7,5,0.185,88,0.528,0,0,1,0.138,0,1
CL102487,2367380.0,2004202.0,14.6,1,0.451,69,0.682,0,0,-2,0.674,0,1
CL102488,2452686.0,5955340.0,10.8,3,0.114,150,0.937,0,0,0,0.144,0,0
CL102489,927421.0,2406200.0,21.4,2,0.387,60,0.839,0,0,-1,0.621,0,0
CL102490,2405050.0,9690561.0,1.4,5,0.36,22,0.54,1,0,0,0.012,0,0
CL102491,1715364.0,2023333.0,1.2,1,0.312,92,0.503,1,0,0,0.089,0,0
CL102492,1892555.0,3688716.0,6.2,1,0.482,145,0.881,1,0,-2,0.24,0,0
CL102493,4984362.0,2706884.0,7.6,1,0.55,95,0.652,0,0,1,0.427,0,0
CL102494,1292058.0,2000152.0,5.2,2,0.303,175,0.549,1,0,-1,0.639,1,1
CL102495,3636756.0,6708754.0,7.3,2,0.428,135,0.696,1,0,-1,0.156,0,1
CL102496,2106458.0,5808431.0,1.6,1,0.278,145,0.496,1,0,-2,0.576,0,0
CL102497,2105619.0,9307277.0,5.2,2,0.173,135,0.934,0,0,0,0.082,0,0
CL102498,3595472.0,1148638.0,8.6,1,0.123,29,0.38,0,0,-1,0.132,0,0
CL102499,2870583.0,8409895.0,4.5,4,0.473,4,0.838,0,0,0,0.125,0,0
CL102500,3221335.0,23064708.0,9.1,2,0.463,104,0.684,0,1,-2,0.575,0,0
CL102501,3929773.0,2910546.0,4.8,3,0.183,118,0.821,0,0,1,0.172,0,0
CL102502,2052042.0,15045719.0,3.2,2,0.235,16,0.52,0,0,-2,0.06,0,1
CL102503,1783131.0,3321035.0,2.9,1,0.246,80,0.851,0,0,0,0.284,0,0
CL102504,1407639.0,1527760.0,4.2,3,0.298,86,0.898,0,0,0,0.439,1,1
CL102505,1602851.0,3223755.0,0.2,5,0.219,75,0.216,1,0,-1,0.364,0,0
CL102506,10580754.0,8316423.0,8.8,3,0.13,41,0.722,0,1,-1,0.097,0,1
CL102507,4512400.0,2220574.0,14.9,3,0.082,60,0.81,0,0,-2,0.294,1,0
CL102508,1232386.0,2622826.0,3.5,2,0.403,58,0.478,0,0,0,0.303,0,0
CL102509,1250146.0,6049448.0,0.4,3,0.199,112,0.687,1,1,0,0.142,0,1
CL102510,3081518.0,4001349.0,34.6,3,0.334,40,0.064,0,0,-2,0.567,0,0
CL102511,3183948.0,6011808.0,2.4,1,0.148,58,0.659,2,0,0,0.583,0,0
CL102512,3186526.0,4716043.0,1.1,2,0.135,173,0.663,2,1,0,0.24,0,0
CL102513,2131896.0,5585797.0,3.7,1,0.132,77,0.6,0,2,1,0.178,1,0
CL102514,2274505.0,2950217.0,10.7,2,0.087,48,0.917,1,0,1,0.532,1,0
CL102515,2853166.0,4695953.0,2.8,5,0.479,90,0.69,1,0,0,0.368,0,0
CL102516,2528019.0,2086167.0,6.8,3,0.238,11,0.229,0,0,-2,0.366,0,0
CL102517,798388.0,9839383.0,4.3,2,0.247,56,0.509,1,0,0,0.376,1,0
CL102518,2158880.0,2561254.0,1.0,3,0.298,23,0.837,1,0,-1,0.741,0,0
CL102519,1582152.0,8799392.0,3.2,3,0.436,33,0.376,1,0,-1,0.724,1,0
CL102520,2643477.0,3390456.0,10.3,4,0.515,116,0.228,1,1,-2,0.534,0,0
CL102521,10773818.0,4599229.0,7.6,1,0.219,28,0.838,0,0,-2,0.573,0,0
CL102522,2910225.0,2823604.0,1.0,2,0.337,115,0.653,0,0,1,0.696,0,0
CL102523,2070364.0,1960683.0,1.4,5,0.02,132,0.231,0,0,-1,0.198,0,1
CL102524,3839684.0,1177222.0,8.2,4,0.046,179,0.632,1,0,0,0.084,0,0
CL102525,3082785.0,1907441.0,13.4,1,0.606,138,0.452,0,0,0,0.398,0,0
CL102526,2987798.0,3182774.0,3.4,5,0.429,52,0.556,1,0,-2,0.559,0,0
CL102527,3280234.0,4631148.0,7.2,5,0.043,9,0.167,1,0,0,0.753,0,0
CL102528,6771761.0,8099116.0,1.5,3,0.378,18,0.7,0,1,-1,0.259,0,0
CL102529,1375814.0,2922558.0,3.0,1,0.452,82,0.82,0,0,0,0.211,0,0
CL102530,3068858.0,2153548.0,0.2,4,0.321,168,0.67,0,1,1,0.358,1,0
CL102531,1523940.0,1454394.0,11.7,2,0.351,66,0.809,1,0,0,0.162,0,1
CL102532,3197105.0,5587511.0,4.1,2,0.178,22,0.324,0,1,-1,0.36,0,0
CL102533,1529814.0,10514188.0,13.5,4,0.029,80,0.619,0,0,-2,0.348,0,0
CL102534,1965617.0,9688316.0,9.9,3,0.231,101,0.67,0,0,1,0.108,0,0
CL102535,2089541.0,6562964.0,14.1,3,0.495,96,0.651,0,1,1,0.283,1,0
CL102536,3944798.0,6243056.0,2.7,5,0.04,74,0.376,1,1,1,0.199,0,0
CL102537,3833264.0,13102802.0,1.6,1,0.349,105,0.393,0,0,0,0.333,0,0
CL102538,1299047.0,5037684.0,28.6,5,0.286,162,0.637,0,0,0,0.745,0,0
CL102539,2489188.0,6276297.0,10.1,2,0.596,176,0.77,1,2,0,0.008,0,0
CL102540,1698422.0,3189744.0,14.4,4,0.171,16,0.111,1,0,1,0.228,0,0
CL102541,1290767.0,1538886.0,0.1,1,0.422,49,0.971,0,0,0,0.399,0,0
CL102542,2172722.0,2473898.0,3.5,4,0.316,98,0.803,0,0,1,0.531,0,1
CL102543,2075595.0,3967270.0,10.9,1,0.511,101,0.857,0,0,1,0.13,0,0
CL102544,8148613.0,4166345.0,0.6,2,0.317,63,0.591,0,0,0,0.344,0,0
CL102545,3007080.0,15377256.0,6.7,2,0.124,168,0.627,0,0,-2,0.245,0,0
CL102546,1216139.0,4226539.0,4.5,1,0.561,56,0.538,1,0,1,0.69,0,0
CL102547,1825954.0,9112798.0,0.1,3,0.269,98,0.754,1,2,0,0.112,0,1
CL102548,4035705.0,2944489.0,2.2,1,0.259,108,0.225,1,0,-1,0.216,0,0
CL102549,6880634.0,3210146.0,2.7,2,0.255,77,0.489,0,0,-2,0.447,0,1
CL102550,1095814.0,1574888.0,0.9,4,0.386,176,0.536,0,1,-1,0.52,0,0
CL102551,946038.0,2374673.0,8.0,5,0.658,37,0.462,1,0,0,0.431,0,0
CL102552,6171686.0,5774065.0,2.2,4,0.118,140,0.461,0,1,-2,0.442,0,1
CL102553,2942609.0,4013973.0,2.6,2,0.498,93,0.149,0,0,0,0.07,0,0
CL102554,1568850.0,7725654.0,18.3,4,0.465,98,0.533,1,1,-1,0.529,1,0
CL102555,3163895.0,4532924.0,5.0,3,0.163,32,0.61,1,0,-1,0.08,0,0
CL102556,648311.0,3119809.0,4.0,3,0.113,108,0.651,0,1,0,0.273,1,0
CL102557,2425838.0,17962698.0,10.3,1,0.428,151,0.584,0,1,0,0.699,0,0
CL102558,2853083.0,3738771.0,19.2,4,0.173,74,0.471,0,0,-2,0.385,1,0
CL102559,3844427.0,9012298.0,0.2,4,0.422,72,0.523,0,0,-2,0.589,0,0
CL102560,1458694.0,3015130.0,4.8,2,0.291,21,0.707,1,0,0,0.164,1,1
CL102561,2527759.0,6561433.0,7.5,1,0.174,140,0.74,0,0,-2,0.483,0,0
CL102562,1524669.0,7645371.0,3.1,1,0.196,177,0.355,1,1,1,0.492,0,0
CL102563,2751597.0,4620181.0,11.8,4,0.468,103,0.641,1,0,-2,0.63,0,0
CL102564,1547772.0,768243.0,28.5,5,0.184,175,0.294,0,0,1,0.469,0,0
CL102565,1974744.0,4044129.0,23.0,4,0.22,98,0.73,1,0,-2,0.058,0,0
CL102566,1471941.0,9448079.0,2.5,4,0.325,62,0.676,0,1,-1,0.556,0,0
CL102567,3353678.0,5776084.0,2.1,4,0.736,38,0.526,0,0,-1,0.076,0,0
CL102568,3719968.0,5455240.0,25.3,3,0.246,98,0.694,1,0,0,0.473,0,0
CL102569,2153682.0,1195913.0,4.9,1,0.587,110,0.376,1,0,-2,0.191,0,0
CL102570,2468494.0,2411312.0,1.9,3,0.659,154,0.753,0,3,0,0.354,0,0
CL102571,1173738.0,5325144.0,9.8,5,0.265,40,0.693,0,0,-1,0.584,1,0
CL102572,2084755.0,5321513.0,2.7,2,0.393,144,0.929,1,0,-2,0.486,1,0
CL102573,2361713.0,9344203.0,2.5,5,0.038,19,0.736,0,0,1,0.61,0,0
CL102574,8978977.0,3607744.0,16.9,1,0.392,178,0.254,0,0,-2,0.035,0,1
CL102575,1388891.0,5304557.0,1.4,2,0.104,29,0.56,1,0,-1,0.265,1,0
CL102576,5035829.0,4038815.0,0.5,5,0.42,109,0.543,1,0,-2,0.333,0,0
CL102577,3986521.0,2000965.0,2.5,1,0.388,166,0.847,1,2,-2,0.313,0,0
CL102578,2786559.0,823193.0,7.5,5,0.12,164,0.217,0,0,0,0.655,0,0
CL102579,5834565.0,5398905.0,1.1,2,0.62,85,0.317,0,0,0,0.706,0,0
CL102580,2916961.0,4509799.0,5.1,2,0.178,10,0.223,2,1,-1,0.36,0,1
CL102581,2941939.0,2590282.0,7.9,5,0.85,175,0.632,0,0,0,0.547,1,0
CL102582,2358272.0,1285398.0,15.1,3,0.097,172,0.375,0,0,0,0.034,0,0
CL102583,4465021.0,6204700.0,2.1,5,0.158,116,0.589,0,0,-2,0.338,0,0
CL102584,4190098.0,3314628.0,13.6,5,0.253,108,0.679,0,0,0,0.375,0,0
CL102585,1771189.0,5896163.0,2.1,5,0.38,7,0.829,2,2,0,0.252,0,0
CL102586,1252155.0,14721712.0,9.0,3,0.395,19,0.366,0,2,-2,0.811,0,0
CL102587,2188025.0,891801.0,4.5,4,0.338,110,0.897,0,0,0,0.184,0,0
CL102588,1623315.0,2446770.0,1.0,2,0.438,33,0.825,0,0,0,0.195,0,0
CL102589,2346036.0,3448456.0,10.0,1,0.495,152,0.684,0,0,1,0.831,1,0
CL102590,4496092.0,11054834.0,2.0,2,0.432,23,0.664,0,0,-1,0.506,0,0
CL102591,1926758.0,1269988.0,1.6,2,0.199,86,0.421,0,0,-2,0.677,0,0
CL102592,2370445.0,15480670.0,3.5,4,0.454,100,0.65,0,0,0,0.627,0,0
CL102593,2493035.0,4391139.0,8.5,2,0.414,110,0.38,0,0,0,0.281,0,0
CL102594,3701377.0,3733287.0,2.1,2,0.131,149,0.387,0,0,0,0.568,1,0
CL102595,787450.0,3475880.0,1.6,3,0.199,82,0.321,0,0,0,0.166,1,0
CL102596,1788074.0,2942046.0,0.1,3,0.459,102,0.599,0,1,-2,0.663,0,0
CL102597,2691588.0,8315915.0,5.1,3,0.673,91,0.802,1,0,0,0.302,0,0
CL102598,4412886.0,1889902.0,4.5,3,0.088,37,0.549,0,0,-1,0.359,1,0
CL102599,1893711.0,5084920.0,2.1,3,0.249,49,0.628,2,0,-1,0.539,0,0
CL102600,947634.0,3051283.0,0.4,1,0.27,153,0.612,1,2,0,0.206,0,0
CL102601,3301395.0,2341978.0,4.5,4,0.178,39,0.372,1,1,0,0.33,0,0
CL102602,1762632.0,24402170.0,12.4,5,0.316,30,0.261,0,0,-2,0.632,0,0
CL102603,1335968.0,5353898.0,10.1,3,0.501,43,0.424,1,1,1,0.451,0,0
CL102604,1772368.0,6133560.0,15.8,4,0.414,32,0.545,0,0,-2,0.375,0,0
CL102605,2208308.0,8854565.0,0.1,5,0.08,126,0.523,0,1,-2,0.38,0,0
CL102606,1789824.0,1476308.0,27.2,2,0.215,95,0.12,1,0,-1,0.647,0,0
CL102607,803889.0,13613933.0,3.3,2,0.62,177,0.9,0,0,-1,0.082,0,0
CL102608,3792489.0,689506.0,37.2,4,0.42,2,0.502,0,0,1,0.091,1,0
CL102609,4581044.0,2331130.0,2.3,1,0.268,47,0.653,0,0,0,0.454,0,0
CL102610,3354325.0,2895527.0,5.1,1,0.478,99,0.756,0,0,1,0.61,0,0
CL102611,1371146.0,5999618.0,3.5,4,0.249,23,0.609,1,0,0,0.421,0,1
CL102612,2189654.0,4653373.0,3.5,1,0.439,134,0.621,1,0,-1,0.083,0,0
CL102613,2413864.0,3552740.0,14.8,1,0.071,85,0.718,0,2,-1,0.501,0,0
CL102614,3267047.0,3959395.0,11.0,2,0.448,41,0.563,1,0,0,0.537,0,1
CL102615,3382651.0,2013498.0,38.8,1,0.674,42,0.477,1,0,-1,0.487,1,0
CL102616,1677664.0,1399936.0,7.6,1,0.115,72,0.369,0,0,1,0.532,1,1
CL102617,2523097.0,6639572.0,5.0,4,0.143,167,0.526,0,0,1,0.402,0,0
CL102618,3043870.0,6488840.0,0.8,1,0.161,138,0.196,1,0,1,0.317,0,1
CL102619,5014835.0,12105205.0,45.4,3,0.239,112,0.646,0,0,0,0.131,0,0
CL102620,3444376.0,2296710.0,6.4,3,0.429,50,0.717,0,0,-2,0.609,0,0
CL102621,3593109.0,6484794.0,9.6,4,0.192,75,0.873,1,1,1,0.672,0,0
CL102622,2525408.0,3273615.0,4.2,3,0.214,136,0.699,0,0,0,0.359,0,0
CL102623,4902371.0,9187298.0,6.3,2,0.254,1,0.42,0,0,-2,0.054,1,0
CL102624,2972403.0,8165054.0,22.9,4,0.511,1,0.313,0,1,-2,0.533,0,1
CL102625,1574512.0,4628978.0,1.5,1,0.109,27,0.578,0,0,1,0.521,0,0
CL102626,4885025.0,3148161.0,2.8,3,0.394,109,0.714,0,0,-1,0.566,0,0
CL102627,3433023.0,7823578.0,1.3,2,0.462,125,0.534,3,1,-1,0.047,0,0
CL102628,1940542.0,6279703.0,12.6,4,0.366,176,0.416,1,0,1,0.376,1,0
CL102629,1905497.0,2472874.0,0.5,4,0.332,23,0.858,0,0,-2,0.474,0,0
CL102630,2808856.0,1576221.0,0.7,1,0.275,172,0.701,1,0,1,0.585,0,0
CL102631,3052869.0,3262574.0,2.8,5,0.267,168,0.633,0,0,-2,0.318,0,0
CL102632,2672824.0,11533768.0,5.8,3,0.071,139,0.478,0,0,-1,0.159,0,0
CL102633,2829624.0,8908719.0,4.2,2,0.589,109,0.659,0,1,1,0.711,0,0
CL102634,5665913.0,1832828.0,0.4,4,0.315,139,0.468,0,0,0,0.341,0,0
CL102635,4138200.0,1763075.0,25.3,3,0.385,100,0.575,1,0,-1,0.306,1,0
CL102636,2663943.0,9745135.0,24.4,2,0.578,102,0.917,0,0,-1,0.576,0,1
CL102637,3877322.0,1803167.0,2.6,2,0.151,31,0.685,1,1,-2,0.242,0,0
CL102638,1445171.0,5703022.0,10.5,4,0.669,55,0.877,0,0,-1,0.219,1,0
CL102639,2954865.0,2594100.0,6.9,3,0.046,152,0.472,2,2,-2,0.586,0,0
CL102640,5984319.0,12384193.0,2.2,2,0.427,62,0.581,0,0,-2,0.072,0,0
CL102641,2171605.0,2328425.0,2.4,4,0.401,147,0.885,0,0,0,0.075,0,0
CL102642,1585140.0,8889249.0,5.4,3,0.008,96,0.85,1,0,-1,0.406,0,0
CL102643,1747952.0,4544376.0,4.3,3,0.268,40,0.493,0,1,-1,0.407,0,0
CL102644,1404488.0,4763706.0,2.8,4,0.305,102,0.22,0,1,1,0.579,0,0
CL102645,1635762.0,1005287.0,13.2,3,0.439,17,0.774,1,0,1,0.471,0,0
CL102646,2012214.0,854234.0,5.3,5,0.056,178,0.827,1,0,0,0.4,1,1
CL102647,1199261.0,3421549.0,8.5,2,0.245,99,0.703,0,1,-1,0.201,0,0
CL102648,2440734.0,4746102.0,1.7,2,0.186,12,0.807,0,1,0,0.39,1,0
CL102649,3802383.0,1816390.0,6.1,3,0.417,143,0.791,0,0,1,0.469,0,0
CL102650,1538198.0,1863402.0,3.1,4,0.335,167,0.82,1,1,-1,0.323,0,0
CL102651,5176512.0,5915170.0,6.0,1,0.061,13,0.742,0,0,-1,0.209,0,0
CL102652,3126410.0,5920895.0,12.1,3,0.486,94,0.553,0,0,-2,0.333,0,0
CL102653,4054307.0,3625785.0,11.7,1,0.124,106,0.427,0,0,0,0.427,1,0
CL102654,1742938.0,6893856.0,3.5,3,0.304,19,0.43,1,2,-1,0.574,1,0
CL102655,3712673.0,1755139.0,9.5,1,0.284,57,0.365,1,0,1,0.748,0,0
CL102656,1402873.0,3112216.0,22.7,3,0.387,92,0.772,2,0,1,0.472,0,0
CL102657,3779581.0,12654385.0,7.9,4,0.4,60,0.637,0,0,-1,0.188,0,0
CL102658,2639024.0,4188384.0,1.3,1,0.333,153,0.384,0,0,0,0.621,0,0
CL102659,3193492.0,4361902.0,9.1,5,0.303,104,0.838,2,1,-2,0.603,0,0
CL102660,1345401.0,20058481.0,0.9,4,0.311,132,0.756,0,0,-1,0.467,1,1
CL102661,1547986.0,1499227.0,16.5,3,0.424,127,0.279,0,0,-1,0.214,1,0
CL102662,3264490.0,6972618.0,5.8,1,0.543,101,0.806,0,0,-1,0.473,0,0
CL102663,1507293.0,12797884.0,3.9,2,0.48,135,0.763,0,0,-2,0.389,1,0
CL102664,3052902.0,3180661.0,0.5,4,0.092,68,0.74,1,1,-2,0.51,1,0
CL102665,1222528.0,7288013.0,3.8,1,0.523,87,0.125,0,0,1,0.315,1,0
CL102666,3700902.0,2007873.0,18.7,4,0.084,108,0.593,0,0,0,0.403,0,0
CL102667,1307645.0,2468910.0,0.2,1,0.316,173,0.58,0,0,-1,0.217,0,0
CL102668,3191974.0,5227671.0,5.1,2,0.413,137,0.468,1,1,-2,0.233,0,0
CL102669,3311181.0,6983052.0,21.4,5,0.619,121,0.76,0,0,-1,0.064,0,0
CL102670,1709334.0,8750799.0,4.0,2,0.179,9,0.561,0,0,0,0.562,0,0
CL102671,3239771.0,11979891.0,4.5,3,0.465,131,0.838,0,1,0,0.234,1,0
CL102672,2758565.0,3808658.0,6.9,4,0.525,77,0.482,1,0,1,0.801,0,0
CL102673,1849783.0,9207494.0,5.0,5,0.17,63,0.342,1,0,0,0.515,0,0
CL102674,1462595.0,3142052.0,1.5,4,0.085,119,0.849,1,1,0,0.195,0,0
CL102675,907716.0,7507882.0,0.1,1,0.497,93,0.749,0,0,-2,0.612,0,0
CL102676,2884393.0,4616937.0,7.5,3,0.487,130,0.616,0,2,1,0.573,0,0
CL102677,1107481.0,5454626.0,20.3,3,0.389,159,0.053,0,0,1,0.361,1,1
CL102678,2539994.0,5370629.0,0.9,4,0.167,38,0.764,0,1,0,0.382,0,0
CL102679,2122862.0,1298482.0,1.9,3,0.686,7,0.705,0,0,0,0.355,0,0
CL102680,3400970.0,1817758.0,3.7,4,0.439,104,0.826,1,1,-2,0.447,0,1
CL102681,2082287.0,4289922.0,13.2,1,0.348,138,0.523,0,2,-1,0.53,0,0
CL102682,2053952.0,1225555.0,2.5,1,0.127,77,0.673,0,1,-1,0.402,0,0
CL102683,3491826.0,7144460.0,17.1,4,0.02,1,0.531,2,1,-2,0.429,0,1
CL102684,2863425.0,7349106.0,0.5,2,0.458,37,0.727,1,0,1,0.623,0,0
CL102685,2836490.0,5020396.0,22.6,2,0.053,153,0.252,3,0,0,0.164,0,1
CL102686,3062168.0,1821564.0,6.6,1,0.254,94,0.466,1,0,1,0.487,0,0
CL102687,1123786.0,10491723.0,8.6,5,0.318,66,0.574,0,0,0,0.741,0,0
CL102688,3535603.0,16618838.0,3.7,2,0.181,100,0.694,0,1,-2,0.134,0,0
CL102689,3289461.0,4425765.0,12.2,4,0.211,76,0.703,0,1,-1,0.227,0,0
CL102690,1456663.0,5707974.0,1.5,1,0.42,5,0.697,0,0,0,0.353,1,0
CL102691,2143520.0,4598391.0,0.4,3,0.325,56,0.851,0,0,-1,0.433,0,0
CL102692,2374616.0,5787775.0,4.0,3,0.231,42,0.587,0,0,1,0.519,1,0
CL102693,2264244.0,3672227.0,15.4,2,0.192,49,0.431,0,0,-1,0.655,0,0
CL102694,2861710.0,3897341.0,11.2,5,0.547,46,0.728,1,0,1,0.369,1,0
CL102695,4953889.0,7526964.0,5.8,2,0.067,71,0.759,1,2,-2,0.363,0,0
CL102696,4159408.0,20623400.0,6.8,5,0.176,2,0.689,0,0,1,0.245,0,0
CL102697,1256563.0,1498462.0,1.1,2,0.041,67,0.712,0,0,0,0.278,0,0
CL102698,3305291.0,3712928.0,14.7,3,0.33,132,0.577,0,1,-2,0.574,0,0
CL102699,4706554.0,1747467.0,12.4,5,0.384,62,0.177,1,0,1,0.247,0,1
CL102700,2938484.0,12169184.0,8.5,3,0.639,112,0.43,0,0,1,0.721,1,0
CL102701,4178614.0,2646063.0,5.0,4,0.332,80,0.493,1,0,0,0.215,0,0
CL102702,6623505.0,1453899.0,26.7,4,0.311,27,0.261,1,1,-1,0.187,0,0
CL102703,4040402.0,6241499.0,16.9,1,0.296,86,0.763,0,1,1,0.661,0,0
CL102704,2743251.0,13538090.0,8.3,3,0.136,67,0.426,1,0,-2,0.728,0,0
CL102705,4083823.0,6353513.0,3.7,3,0.268,113,0.796,0,0,0,0.478,0,0
CL102706,2603700.0,4608249.0,7.7,1,0.725,122,0.542,1,1,-2,0.061,0,0
CL102707,2450865.0,5316888.0,6.9,4,0.384,145,0.8,0,0,-2,0.546,0,0
CL102708,2031516.0,10749701.0,4.0,4,0.475,71,0.544,2,0,1,0.108,0,0
CL102709,5291999.0,2165281.0,2.9,5,0.418,57,0.543,1,0,-2,0.279,0,0
CL102710,1608457.0,3692104.0,4.2,5,0.678,30,0.613,0,0,0,0.179,0,0
CL102711,5210487.0,2908409.0,6.8,4,0.418,144,0.818,0,0,-1,0.709,1,0
CL102712,3109374.0,1762942.0,4.5,2,0.082,114,0.937,0,0,1,0.742,0,0
CL102713,1203022.0,3172839.0,2.4,3,0.423,122,0.137,0,1,1,0.736,1,0
CL102714,2910469.0,8670220.0,11.4,5,0.406,104,0.299,0,0,1,0.181,0,0
CL102715,847450.0,5936448.0,6.1,2,0.322,103,0.553,0,1,0,0.223,0,1
CL102716,3310977.0,6268310.0,0.6,5,0.29,155,0.92,1,0,-1,0.662,0,0
CL102717,3770114.0,4423903.0,3.7,1,0.13,74,0.343,2,0,1,0.809,0,0
CL102718,1800945.0,5759301.0,17.3,3,0.172,98,0.628,0,0,-2,0.389,1,0
CL102719,2576066.0,2279774.0,11.3,5,0.323,175,0.502,0,0,1,0.781,0,0
CL102720,6433818.0,3215017.0,3.1,4,0.378,14,0.072,0,0,-1,0.208,1,0
CL102721,1880647.0,4567164.0,22.3,1,0.469,130,0.592,1,0,-2,0.254,0,1
CL102722,1426231.0,4848894.0,0.6,1,0.396,167,0.466,0,0,1,0.659,1,0
CL102723,5080050.0,4995917.0,26.0,4,0.336,55,0.675,0,0,0,0.743,0,0
CL102724,6460993.0,3624277.0,2.3,1,0.224,26,0.378,0,0,-2,0.418,0,1
CL102725,2426227.0,3065753.0,0.1,3,0.39,44,0.607,0,0,-1,0.314,0,0
CL102726,4015737.0,36413127.0,4.6,5,0.143,69,0.694,2,1,-1,0.459,0,1
CL102727,4736163.0,7532602.0,3.6,1,0.298,38,0.719,1,0,-2,0.51,0,1
CL102728,1670708.0,5331820.0,6.2,3,0.245,80,0.309,0,1,1,0.257,0,0
CL102729,1899967.0,3391402.0,12.7,4,0.609,12,0.257,0,0,-1,0.362,1,0
CL102730,4481361.0,2911406.0,14.8,5,0.513,105,0.515,0,0,1,0.733,0,0
CL102731,5623738.0,3643443.0,4.1,4,0.117,108,0.387,2,0,0,0.518,0,1
CL102732,3208905.0,4901149.0,4.5,5,0.461,17,0.705,0,0,-1,0.514,1,0
CL102733,1559838.0,1070563.0,1.3,1,0.45,25,0.581,0,0,-2,0.502,1,0
CL102734,6540542.0,1330982.0,0.4,1,0.304,88,0.531,0,0,-2,0.665,0,1
CL102735,1857077.0,2556583.0,8.2,5,0.743,139,0.802,2,0,-1,0.547,1,0
CL102736,2048116.0,4615809.0,0.5,3,0.33,146,0.718,0,0,-2,0.267,0,0
CL102737,2873867.0,3377035.0,10.6,3,0.837,164,0.587,0,0,-2,0.633,0,0
CL102738,5267573.0,11236577.0,6.2,3,0.358,3,0.878,0,0,-2,0.073,0,0
CL102739,3711653.0,1414550.0,1.8,2,0.592,83,0.652,0,0,-2,0.225,0,0
CL102740,2979997.0,2359731.0,6.2,3,0.66,70,0.444,0,1,-2,0.293,0,0
CL102741,3053027.0,11571598.0,1.6,1,0.7,87,0.751,0,0,0,0.493,0,0
CL102742,2475016.0,4376604.0,4.6,2,0.208,71,0.703,1,0,-2,0.41,1,0
CL102743,3201307.0,7417776.0,12.9,3,0.154,111,0.325,1,0,-2,0.749,0,0
CL102744,683663.0,16782930.0,5.0,1,0.527,108,0.803,0,0,0,0.366,0,0
CL102745,2087956.0,2456718.0,1.3,2,0.547,9,0.449,0,0,-1,0.617,0,0
CL102746,2732318.0,3724637.0,10.3,1,0.392,128,0.396,0,0,-2,0.642,0,1
CL102747,1362038.0,3299565.0,1.7,5,0.082,122,0.553,0,0,-2,0.177,1,0
CL102748,2937771.0,1016407.0,10.7,1,0.511,47,0.507,2,0,-2,0.161,0,1
CL102749,2186394.0,3213021.0,5.2,2,0.355,178,0.666,1,0,1,0.402,0,0
CL102750,5825398.0,7398172.0,4.8,3,0.268,64,0.817,1,0,0,0.809,0,0
CL102751,5317479.0,5829330.0,15.3,2,0.604,109,0.589,2,1,-2,0.571,0,1
CL102752,1918583.0,6158589.0,9.9,3,0.659,112,0.666,1,0,1,0.24,0,1
CL102753,2245820.0,3069864.0,0.3,3,0.175,47,0.648,0,0,0,0.074,0,0
CL102754,2333842.0,2522427.0,2.8,4,0.082,75,0.734,0,0,-2,0.211,0,0
CL102755,1932201.0,9708176.0,16.4,5,0.602,125,0.54,0,0,1,0.528,1,0
CL102756,2669796.0,2818958.0,0.1,4,0.467,42,0.848,0,1,1,0.28,0,0
CL102757,1657563.0,4905450.0,6.3,2,0.555,49,0.458,0,0,1,0.345,1,0
CL102758,1376001.0,4476420.0,10.4,4,0.226,30,0.5,1,1,-1,0.417,0,0
CL102759,3306351.0,11108286.0,7.8,3,0.259,8,0.681,0,0,0,0.204,0,0
CL102760,3317642.0,7881184.0,11.4,2,0.575,165,0.626,1,0,-1,0.093,0,0
CL102761,1619847.0,1612537.0,10.3,4,0.514,85,0.713,0,0,0,0.307,0,0
CL102762,3789246.0,1738812.0,9.4,1,0.267,8,0.298,0,0,1,0.667,0,0
CL102763,1765971.0,5987813.0,13.8,5,0.434,128,0.677,0,2,0,0.538,0,0
CL102764,2748546.0,3816955.0,8.3,1,0.63,11,0.847,2,0,0,0.376,0,1
CL102765,3649760.0,2903361.0,4.1,2,0.257,121,0.59,0,2,0,0.372,0,0
CL102766,2381387.0,8128927.0,5.1,4,0.568,121,0.649,0,0,1,0.446,0,0
CL102767,3040007.0,4552657.0,10.1,3,0.533,162,0.576,0,0,-1,0.164,0,0
CL102768,1870629.0,4142128.0,16.7,4,0.501,167,0.988,0,0,-2,0.352,0,0
CL102769,2195163.0,6892056.0,2.5,2,0.205,144,0.625,0,0,-1,0.524,1,0
CL102770,2184877.0,3070723.0,3.3,2,0.379,71,0.32,0,0,-2,0.272,0,0
CL102771,1667291.0,11970589.0,21.4,2,0.134,132,0.731,0,0,-1,0.148,0,0
CL102772,2216883.0,2299878.0,6.9,2,0.18,96,0.84,2,0,-1,0.247,0,1
CL102773,1116479.0,6323923.0,1.6,4,0.57,101,0.714,0,0,0,0.885,0,1
CL102774,1894420.0,10893567.0,8.7,1,0.794,174,0.739,0,1,0,0.584,0,0
CL102775,2100240.0,1522544.0,37.5,3,0.164,22,0.47,0,0,0,0.227,1,0
CL102776,2130591.0,3139787.0,13.9,3,0.272,13,0.656,1,0,1,0.56,0,0
CL102777,2146290.0,8882070.0,11.0,5,0.822,82,0.357,0,0,1,0.481,1,0
CL102778,2348102.0,8976056.0,1.9,2,0.55,170,0.321,0,0,-1,0.725,0,1
CL102779,3077785.0,3541118.0,16.7,2,0.583,162,0.926,1,0,0,0.13,0,0
CL102780,3749971.0,2387435.0,6.0,2,0.563,13,0.594,2,1,0,0.655,0,0
CL102781,1749984.0,7796263.0,17.6,1,0.171,157,0.49,1,0,1,0.231,0,0
CL102782,1326958.0,9142865.0,3.2,2,0.376,126,0.894,2,1,-1,0.435,1,1
CL102783,1438308.0,1766897.0,0.5,5,0.49,175,0.535,1,0,1,0.346,1,0
CL102784,1898166.0,1719012.0,5.2,5,0.26,95,0.778,0,1,-1,0.151,0,0
CL102785,2031001.0,4674719.0,2.5,1,0.23,11,0.755,1,0,-2,0.688,1,0
CL102786,1647883.0,6203055.0,10.0,2,0.167,63,0.761,1,0,0,0.527,0,0
CL102787,1266720.0,3238600.0,25.2,4,0.627,102,0.172,0,0,0,0.324,0,1
CL102788,1927896.0,6423705.0,9.4,4,0.283,51,0.655,1,0,0,0.339,0,0
CL102789,2651705.0,2428792.0,17.4,3,0.595,47,0.798,1,0,-2,0.06,0,0
CL102790,3260903.0,908649.0,4.8,1,0.569,4,0.375,1,0,0,0.296,0,0
CL102791,1832677.0,2967615.0,11.8,4,0.641,7,0.339,1,0,-1,0.385,1,0
CL102792,1969915.0,4173487.0,14.8,3,0.125,87,0.841,0,2,-2,0.445,0,0
CL102793,1523698.0,3291691.0,9.9,5,0.543,31,0.607,0,0,-2,0.729,0,0
CL102794,2383976.0,1774409.0,5.7,3,0.434,118,0.759,2,0,-1,0.229,1,0
CL102795,1584510.0,1120231.0,7.9,2,0.25,86,0.485,0,0,1,0.526,0,0
CL102796,3225388.0,2786057.0,9.6,2,0.228,30,0.635,0,0,1,0.311,0,0
CL102797,991592.0,7484607.0,2.3,5,0.334,157,0.815,1,0,0,0.597,0,0
CL102798,2023188.0,9619840.0,13.3,1,0.69,43,0.591,2,2,0,0.747,0,1
CL102799,2815228.0,9169555.0,24.0,2,0.554,85,0.622,0,1,-1,0.298,1,0
CL102800,2654899.0,2255457.0,5.0,2,0.596,150,0.885,1,0,1,0.462,1,0
CL102801,9309229.0,1780501.0,9.7,3,0.176,176,0.912,0,0,-1,0.116,0,0
CL102802,2884609.0,5652702.0,10.7,3,0.184,104,0.37,0,0,0,0.502,0,1
CL102803,1465889.0,6228026.0,8.7,3,0.201,176,0.803,1,0,-1,0.255,0,0
CL102804,2308868.0,5283603.0,6.3,4,0.439,112,0.203,0,0,-1,0.589,0,1
CL102805,996373.0,974964.0,17.1,5,0.514,150,0.715,2,0,0,0.355,1,0
CL102806,2326092.0,2176396.0,4.8,1,0.353,155,0.772,0,0,-2,0.294,0,0
CL102807,1596736.0,3910664.0,0.5,3,0.121,63,0.371,1,0,-1,0.89,1,0
CL102808,3827396.0,5615565.0,14.9,1,0.819,4,0.812,0,0,0,0.251,0,0
CL102809,1839915.0,6831912.0,9.0,3,0.073,90,0.891,1,0,1,0.095,0,0
CL102810,2284407.0,4417027.0,15.1,2,0.231,122,0.627,1,0,1,0.834,1,0
CL102811,1762460.0,5033110.0,1.2,1,0.457,3,0.962,0,0,0,0.392,0,0
CL102812,5777177.0,4237169.0,0.2,4,0.293,81,0.806,0,0,1,0.433,0,0
CL102813,2062395.0,6452212.0,21.8,3,0.212,168,0.259,0,0,0,0.444,0,1
CL102814,6054295.0,4970376.0,1.3,5,0.513,83,0.372,0,0,1,0.553,0,0
CL102815,3638477.0,4180813.0,13.3,2,0.186,82,0.542,0,0,1,0.23,0,0
CL102816,3081828.0,3308951.0,13.9,3,0.416,156,0.48,0,2,-2,0.39,1,0
CL102817,2912046.0,4226581.0,9.9,1,0.546,117,0.357,0,0,1,0.358,1,0
CL102818,2948770.0,5605249.0,1.1,3,0.217,143,0.592,0,0,-1,0.616,0,0
CL102819,923719.0,4814933.0,8.8,2,0.072,51,0.693,0,1,-1,0.183,0,0
CL102820,2106542.0,5212544.0,17.6,5,0.113,154,0.514,0,0,-2,0.445,1,0
CL102821,3695325.0,10220492.0,4.4,5,0.67,35,0.654,1,0,0,0.829,0,1
CL102822,2363257.0,4807149.0,4.3,5,0.19,126,0.204,2,1,1,0.185,0,0
CL102823,1199488.0,2534992.0,4.7,2,0.578,80,0.537,0,0,-2,0.334,1,0
CL102824,2359117.0,7411362.0,0.7,3,0.242,15,0.53,0,0,-2,0.361,0,0
CL102825,5677677.0,1534417.0,17.8,2,0.221,133,0.755,0,1,-1,0.494,0,1
CL102826,4517394.0,1872923.0,16.3,2,0.674,174,0.342,2,0,-1,0.639,1,0
CL102827,2347820.0,5050981.0,49.4,3,0.165,24,0.757,0,1,1,0.447,0,0
CL102828,3897027.0,5731442.0,7.0,4,0.369,2,0.429,1,0,0,0.435,0,0
CL102829,2016243.0,1670217.0,11.1,5,0.402,164,0.411,0,0,-1,0.583,0,0
CL102830,1033089.0,3054199.0,1.8,1,0.215,45,0.444,1,0,-2,0.324,0,1
CL102831,1525400.0,2612299.0,8.8,1,0.409,95,0.572,1,0,-2,0.504,0,0
CL102832,5290611.0,2840034.0,8.4,3,0.043,94,0.753,0,0,1,0.21,0,0
CL102833,2111699.0,7729219.0,18.5,1,0.451,123,0.377,1,0,1,0.103,0,0
CL102834,2144266.0,6547238.0,14.2,4,0.281,37,0.527,0,0,1,0.162,0,0
CL102835,2084586.0,3939697.0,22.3,2,0.224,118,0.812,0,0,0,0.255,0,0
CL102836,6274901.0,2724585.0,16.3,5,0.548,85,0.19,0,1,-2,0.683,0,0
CL102837,5460110.0,1552295.0,16.2,1,0.095,140,0.769,0,0,1,0.16,0,0
CL102838,7343970.0,10789991.0,0.5,1,0.593,122,0.337,0,3,-2,0.473,0,0
CL102839,2236622.0,6043415.0,15.0,3,0.098,163,0.652,1,1,-2,0.047,0,0
CL102840,2807520.0,2434694.0,7.5,3,0.358,150,0.566,0,0,1,0.306,1,0
CL102841,1134473.0,6607525.0,3.8,2,0.611,117,0.452,1,0,0,0.49,1,0
CL102842,5068053.0,3801261.0,0.5,5,0.392,72,0.452,0,0,1,0.822,0,0
CL102843,1350669.0,3265826.0,9.1,1,0.273,155,0.382,0,0,0,0.179,0,0
CL102844,2698989.0,5414808.0,3.2,2,0.062,100,0.623,1,0,1,0.796,0,1
CL102845,1399113.0,2376053.0,5.0,5,0.637,7,0.681,0,0,1,0.434,0,0
CL102846,1804089.0,3138861.0,9.2,2,0.45,3,0.613,0,0,-1,0.122,0,0
CL102847,1593381.0,4347114.0,19.4,1,0.506,4,0.764,1,1,1,0.565,1,0
CL102848,1787024.0,2814750.0,14.0,3,0.707,8,0.433,0,0,-1,0.777,1,0
CL102849,1849524.0,6377965.0,4.8,3,0.528,45,0.538,1,0,-2,0.219,0,0
CL102850,1841085.0,14773514.0,3.9,3,0.089,148,0.708,0,0,-2,0.066,0,0
CL102851,3673542.0,2354859.0,2.2,4,0.45,133,0.868,0,0,-1,0.259,1,0
CL102852,1393834.0,1244709.0,3.7,2,0.25,174,0.778,0,0,-2,0.553,0,0
CL102853,2704076.0,983410.0,0.9,1,0.236,69,0.355,0,1,-1,0.52,0,0
CL102854,4452515.0,3593626.0,28.4,2,0.185,35,0.765,0,1,1,0.563,0,0
CL102855,1873655.0,2509979.0,6.8,3,0.302,143,0.753,0,0,-1,0.564,0,0
CL102856,1691355.0,4618139.0,1.1,2,0.463,17,0.393,0,1,1,0.34,0,0
CL102857,2158098.0,4381135.0,3.5,5,0.151,76,0.434,0,0,0,0.54,1,0
CL102858,4368204.0,1299835.0,6.3,2,0.337,174,0.667,1,0,1,0.287,1,0
CL102859,2668571.0,1120831.0,6.1,4,0.221,171,0.277,1,0,-1,0.031,0,0
CL102860,1856851.0,4911811.0,0.3,4,0.242,122,0.628,1,0,0,0.079,0,0
CL102861,3084618.0,4389826.0,24.1,3,0.233,79,0.919,1,0,0,0.355,0,0
CL102862,1395626.0,2963636.0,2.6,1,0.586,91,0.59,1,1,1,0.152,0,0
CL102863,3404742.0,1251683.0,0.1,5,0.224,114,0.377,0,1,0,0.747,0,0
CL102864,2970687.0,5553694.0,0.6,1,0.154,22,0.964,1,0,1,0.116,0,1
CL102865,2076295.0,9726160.0,6.9,1,0.393,137,0.657,0,3,0,0.556,0,1
CL102866,1592327.0,4850477.0,1.2,5,0.357,47,0.646,1,0,0,0.689,0,0
CL102867,1554492.0,2206169.0,0.3,4,0.28,3,0.598,0,1,-1,0.754,0,0
CL102868,3164193.0,4119270.0,3.8,3,0.431,31,0.752,0,0,-2,0.311,0,0
CL102869,4477119.0,1534508.0,7.8,2,0.447,13,0.644,0,0,-1,0.092,0,0
CL102870,1760919.0,8373416.0,0.9,4,0.104,2,0.596,2,0,0,0.37,1,0
CL102871,3045554.0,4228217.0,3.0,3,0.351,111,0.476,1,1,-2,0.227,0,0
CL102872,852976.0,1158099.0,4.3,4,0.325,7,0.242,1,0,1,0.266,0,0
CL102873,1807926.0,3234963.0,1.4,5,0.282,29,0.586,0,0,0,0.503,1,0
CL102874,2384430.0,5522333.0,5.6,1,0.052,132,0.635,1,0,-1,0.322,0,1
CL102875,1536716.0,3162479.0,0.7,5,0.037,132,0.723,0,0,-1,0.232,0,0
CL102876,1516244.0,3291563.0,0.4,2,0.257,88,0.634,0,1,0,0.678,1,0
CL102877,1734293.0,1694534.0,5.9,5,0.259,149,0.598,0,0,0,0.527,0,0
CL102878,2802707.0,5936194.0,2.3,1,0.243,173,0.712,0,0,-1,0.202,0,0
CL102879,2205215.0,2535931.0,0.8,4,0.593,127,0.262,0,1,-2,0.362,0,0
CL102880,790866.0,882477.0,4.4,3,0.553,156,0.492,1,0,0,0.417,0,1
CL102881,838735.0,3079014.0,19.7,2,0.143,8,0.864,2,0,-1,0.805,0,0
CL102882,1787927.0,7935086.0,10.3,4,0.449,42,0.728,0,0,0,0.138,0,1
CL102883,3044488.0,3045420.0,13.5,3,0.277,145,0.597,0,0,1,0.129,0,0
CL102884,613078.0,13478272.0,16.4,1,0.281,137,0.595,2,1,-2,0.695,1,1
CL102885,1886313.0,5391195.0,28.8,5,0.361,84,0.921,0,0,-2,0.302,0,0
CL102886,1861468.0,5061284.0,11.5,4,0.262,69,0.822,0,0,1,0.707,1,0
CL102887,4848446.0,3649575.0,7.5,3,0.162,99,0.112,1,0,-2,0.658,0,0
CL102888,1997664.0,3806420.0,3.6,3,0.38,41,0.667,0,0,0,0.679,1,0
CL102889,2932877.0,3320425.0,1.6,5,0.313,157,0.662,0,2,1,0.265,0,0
CL102890,2598977.0,3231353.0,9.3,4,0.512,54,0.349,0,0,-1,0.34,0,0
CL102891,834607.0,5789793.0,42.3,4,0.518,160,0.664,0,0,1,0.098,0,0
CL102892,3555846.0,2073852.0,5.0,1,0.175,121,0.551,0,0,0,0.285,0,0
CL102893,2697129.0,1880173.0,10.3,4,0.234,43,0.918,1,0,1,0.352,0,1
CL102894,3122468.0,1818938.0,5.5,5,0.239,69,0.413,0,1,1,0.045,0,0
CL102895,17246484.0,16717359.0,4.5,4,0.041,115,0.591,0,0,0,0.624,0,0
CL102896,854220.0,5787668.0,4.2,1,0.493,100,0.727,1,3,0,0.28,0,0
CL102897,5736434.0,4941327.0,5.6,3,0.149,16,0.44,0,1,-2,0.101,1,0
CL102898,2097541.0,1904518.0,3.7,4,0.697,149,0.228,0,0,-2,0.608,0,0
CL102899,2795900.0,6176977.0,11.1,5,0.377,161,0.717,0,1,0,0.787,0,0
CL102900,2367260.0,3679914.0,16.6,4,0.346,154,0.814,0,0,1,0.369,0,0
CL102901,1958877.0,4638577.0,17.2,2,0.328,131,0.625,0,0,0,0.516,0,0
CL102902,1821341.0,2015476.0,2.1,1,0.2,23,0.578,0,0,0,0.407,0,0
CL102903,2855491.0,4466824.0,18.1,3,0.192,89,0.299,1,1,1,0.438,0,0
CL102904,1134172.0,2967756.0,3.3,2,0.451,84,0.356,0,0,-1,0.26,0,0
CL102905,3524643.0,2336284.0,3.0,5,0.156,47,0.65,0,1,0,0.366,0,0
CL102906,1966769.0,6674964.0,10.4,4,0.322,118,0.694,0,0,-2,0.651,0,0
CL102907,1376377.0,1360829.0,2.9,1,0.489,164,0.794,0,0,-2,0.68,0,1
CL102908,1933792.0,5928865.0,0.4,4,0.682,35,0.593,2,0,1,0.157,0,0
CL102909,4540622.0,6447096.0,3.7,4,0.658,171,0.498,1,1,1,0.416,0,0
CL102910,1853030.0,2157044.0,10.2,4,0.14,161,0.325,1,1,-1,0.455,0,1
CL102911,2897117.0,2248491.0,3.2,4,0.141,5,0.832,1,2,-1,0.378,0,0
CL102912,1680365.0,3415662.0,7.9,1,0.033,4,0.665,0,2,1,0.466,0,1
CL102913,3537606.0,4864261.0,8.6,2,0.177,58,0.494,0,0,-1,0.571,1,1
CL102914,3411811.0,3587627.0,10.6,5,0.277,107,0.606,1,0,-2,0.851,1,0
CL102915,6103082.0,5408562.0,18.2,2,0.231,178,0.168,0,0,-2,0.449,0,1
CL102916,2218225.0,13716167.0,4.5,1,0.344,155,0.528,1,0,0,0.262,1,0
CL102917,3383183.0,2798512.0,1.5,5,0.436,138,0.882,0,0,0,0.384,0,0
CL102918,2543455.0,1201852.0,3.1,3,0.522,123,0.419,0,0,-2,0.421,1,0
CL102919,4629391.0,7118065.0,4.5,2,0.272,62,0.368,0,0,-1,0.685,0,0
CL102920,1690583.0,12972213.0,10.0,1,0.37,122,0.575,0,0,-2,0.395,0,0
CL102921,3514833.0,5256300.0,0.1,1,0.168,148,0.622,0,0,-2,0.49,1,0
CL102922,2197105.0,1864635.0,3.0,1,0.371,32,0.756,1,0,-1,0.621,0,0
CL102923,2345258.0,3661104.0,12.1,5,0.203,48,0.354,0,1,-2,0.196,1,0
CL102924,2535436.0,1824896.0,8.9,4,0.301,177,0.726,1,0,-2,0.172,0,1
CL102925,2747275.0,6261929.0,10.5,3,0.585,26,0.833,0,1,-1,0.452,0,0
CL102926,2285020.0,1550513.0,13.4,5,0.435,122,0.529,0,0,-2,0.588,0,0
CL102927,2696207.0,3236198.0,12.2,5,0.435,163,0.725,0,0,0,0.391,0,0
CL102928,5331051.0,1976748.0,9.2,2,0.159,28,0.511,0,0,-2,0.228,0,0
CL102929,3963844.0,4363466.0,4.6,3,0.284,65,0.463,3,0,-1,0.594,0,1
CL102930,3739929.0,3089627.0,32.9,1,0.075,119,0.303,0,0,-1,0.386,0,0
CL102931,1928456.0,4518694.0,6.7,5,0.329,154,0.83,2,1,1,0.135,0,1
CL102932,1552504.0,4055747.0,1.8,3,0.183,6,0.844,0,0,1,0.343,1,0
CL102933,3904539.0,2001362.0,2.8,2,0.371,50,0.733,0,1,0,0.339,0,0
CL102934,3752840.0,6192280.0,9.5,4,0.509,49,0.488,0,0,-1,0.529,0,1
CL102935,5057260.0,3858789.0,20.7,3,0.534,46,0.207,1,0,-1,0.474,0,0
CL102936,1790508.0,1998744.0,1.6,1,0.335,90,0.933,1,1,1,0.392,0,0
CL102937,2159151.0,19166003.0,0.7,5,0.116,149,0.712,1,0,-2,0.417,0,0
CL102938,1066889.0,5573318.0,17.1,4,0.288,96,0.416,0,0,1,0.273,0,0
CL102939,1990237.0,3586609.0,19.7,2,0.64,25,0.592,0,1,0,0.067,0,1
CL102940,3985946.0,10752439.0,2.6,1,0.648,96,0.76,0,0,1,0.825,0,0
CL102941,1917921.0,14494371.0,3.8,4,0.127,125,0.511,0,1,-2,0.632,1,1
CL102942,3335856.0,3606526.0,8.6,2,0.257,105,0.698,0,0,-2,0.298,0,0
CL102943,2201718.0,5091985.0,3.2,1,0.027,63,0.705,1,0,0,0.664,0,0
CL102944,2847718.0,1999481.0,16.8,5,0.446,83,0.915,0,2,1,0.251,0,0
CL102945,1364303.0,3601875.0,0.9,2,0.709,66,0.526,0,0,-1,0.696,0,0
CL102946,2527155.0,3473441.0,0.3,4,0.142,163,0.445,0,0,0,0.104,0,0
CL102947,542765.0,4544276.0,1.9,1,0.295,80,0.561,0,0,-1,0.35,0,0
CL102948,2205692.0,5040079.0,2.7,3,0.225,33,0.704,0,0,-1,0.476,0,0
CL102949,1071707.0,5908366.0,1.0,1,0.705,50,0.165,1,0,-2,0.558,0,0
CL102950,4425958.0,4715426.0,0.5,4,0.447,152,0.648,0,0,-2,0.61,0,0
CL102951,3572241.0,1710815.0,11.3,4,0.344,95,0.662,0,0,1,0.32,1,0
CL102952,3058195.0,2070029.0,1.4,3,0.339,151,0.723,2,0,-2,0.311,0,0
CL102953,5180971.0,2723735.0,19.6,4,0.315,81,0.339,0,0,-1,0.709,0,0
CL102954,1506865.0,3276976.0,3.7,1,0.433,97,0.564,0,0,0,0.3,1,0
CL102955,5801816.0,8331399.0,8.9,2,0.286,37,0.732,0,0,0,0.152,0,0
CL102956,3859684.0,1769031.0,2.0,1,0.353,100,0.549,0,0,-1,0.177,0,0
CL102957,2151600.0,3108993.0,2.2,4,0.42,63,0.794,0,0,-2,0.175,0,0
CL102958,4272929.0,7780309.0,6.8,3,0.366,63,0.681,0,0,-1,0.128,0,0
CL102959,1392837.0,3236768.0,6.6,3,0.744,19,0.616,1,0,0,0.472,0,0
CL102960,1603570.0,5511189.0,11.7,5,0.444,149,0.391,0,0,1,0.783,1,0
CL102961,1786386.0,3621216.0,11.3,3,0.365,39,0.713,0,0,-2,0.121,0,0
CL102962,1858929.0,4779031.0,8.9,3,0.383,104,0.653,1,0,0,0.665,0,0
CL102963,1427908.0,3402664.0,4.8,4,0.339,83,0.813,1,1,0,0.495,0,1
CL102964,4463936.0,6368954.0,17.7,2,0.269,154,0.397,1,0,-2,0.149,0,0
CL102965,2127744.0,1353847.0,7.8,2,0.615,105,0.581,0,1,-2,0.353,0,0
CL102966,2888513.0,3096186.0,37.0,4,0.03,179,0.571,0,0,1,0.163,1,1
CL102967,1820869.0,4914010.0,13.7,3,0.271,60,0.63,3,0,1,0.6,1,1
CL102968,974518.0,5801266.0,0.4,1,0.455,82,0.566,0,0,0,0.232,0,0
CL102969,2771859.0,11353843.0,3.1,2,0.355,92,0.666,0,0,1,0.379,0,1
CL102970,930868.0,3036702.0,6.8,4,0.373,122,0.451,0,0,-2,0.493,0,1
CL102971,2340050.0,11247284.0,10.2,1,0.437,124,0.35,0,0,-2,0.227,0,1
CL102972,1221808.0,2517264.0,6.4,3,0.526,97,0.801,0,0,-1,0.254,0,0
CL102973,6541245.0,10120286.0,12.3,4,0.443,134,0.81,0,0,-1,0.457,0,0
CL102974,3819696.0,7076054.0,2.7,2,0.656,135,0.22,0,0,-1,0.756,0,0
CL102975,2553248.0,2106586.0,1.6,1,0.06,133,0.771,0,0,-2,0.599,0,0
CL102976,4555534.0,4950145.0,0.4,1,0.607,91,0.73,1,0,-1,0.372,0,0
CL102977,1586185.0,3852123.0,6.8,2,0.209,136,0.375,0,0,0,0.459,0,0
CL102978,3177927.0,6186680.0,9.3,1,0.303,102,0.343,0,0,-1,0.201,0,1
CL102979,2676191.0,3415075.0,3.2,2,0.455,161,0.776,0,0,1,0.186,1,0
CL102980,2763504.0,3220115.0,7.6,4,0.212,140,0.418,0,0,0,0.171,0,0
CL102981,4575272.0,10410924.0,0.4,5,0.422,101,0.241,0,2,0,0.121,1,0
CL102982,3492911.0,3726185.0,0.8,3,0.363,125,0.73,0,0,-1,0.427,0,0
CL102983,2797850.0,7120551.0,9.7,4,0.142,37,0.394,0,0,-1,0.138,1,0
CL102984,1058704.0,3410106.0,3.7,3,0.311,143,0.877,0,0,-2,0.296,1,1
CL102985,1498503.0,12821888.0,8.9,3,0.169,17,0.925,0,0,-2,0.454,1,0
CL102986,2277629.0,2483466.0,14.3,2,0.228,37,0.774,0,2,-1,0.231,0,0
CL102987,2537491.0,2597603.0,15.3,5,0.091,179,0.348,1,0,0,0.093,0,0
CL102988,1376285.0,11607500.0,1.5,3,0.452,157,0.289,0,0,-1,0.593,0,1
CL102989,8087566.0,2924218.0,5.3,3,0.202,3,0.654,0,0,-2,0.583,0,0
CL102990,5169037.0,12246516.0,10.6,4,0.422,154,0.686,0,0,-2,0.265,0,0
CL102991,3272482.0,7454202.0,11.9,5,0.158,104,0.6,0,0,1,0.609,0,0
CL102992,2510565.0,3583123.0,12.3,5,0.432,121,0.842,0,0,0,0.255,1,0
CL102993,2177952.0,1122080.0,2.1,3,0.066,45,0.772,0,0,-2,0.244,0,0
CL102994,1504605.0,3939157.0,1.7,5,0.429,134,0.673,0,0,1,0.07,0,0
CL102995,2517408.0,4287186.0,7.1,4,0.472,99,0.732,0,0,-1,0.406,0,0
CL102996,2754857.0,9038939.0,10.8,2,0.16,147,0.625,0,0,0,0.196,0,0
CL102997,1301619.0,12138746.0,3.1,3,0.429,13,0.768,0,1,-1,0.347,0,0
CL102998,2862163.0,2471928.0,0.9,1,0.194,57,0.479,2,1,1,0.538,1,1
CL102999,2240860.0,6995847.0,10.1,3,0.611,73,0.547,1,1,1,0.577,1,0
CL103000,932940.0,6822807.0,2.8,3,0.474,83,0.476,0,0,0,0.405,0,1
CL103001,1575066.0,8464478.0,1.5,2,0.493,85,0.663,0,0,1,0.291,1,0
CL103002,1969317.0,5660841.0,1.3,1,0.286,174,0.547,0,0,0,0.847,0,0
CL103003,6223505.0,1025050.0,3.0,1,0.435,12,0.455,1,0,-1,0.328,0,1
CL103004,3198769.0,3581185.0,7.2,1,0.198,157,0.389,0,0,-2,0.283,0,0
CL103005,1242032.0,1778009.0,3.6,2,0.29,97,0.887,3,0,-2,0.349,0,1
CL103006,3087950.0,3464836.0,0.2,5,0.341,65,0.964,0,0,0,0.631,0,0
CL103007,1117213.0,7928726.0,0.8,1,0.254,49,0.593,2,1,0,0.722,0,0
CL103008,4161331.0,4943606.0,2.7,5,0.298,127,0.48,0,2,1,0.306,1,0
CL103009,1913487.0,8918725.0,8.6,4,0.25,132,0.906,0,0,-2,0.506,0,0
CL103010,2310979.0,5071909.0,0.8,2,0.384,28,0.247,1,0,0,0.206,0,0
CL103011,4699179.0,1609078.0,6.6,5,0.083,50,0.38,0,2,-2,0.352,0,0
CL103012,1272404.0,683791.0,1.0,1,0.386,12,0.524,0,3,-2,0.546,0,1
CL103013,1204338.0,4431134.0,1.9,1,0.1,83,0.754,0,0,-1,0.614,0,0
CL103014,1808847.0,3437488.0,1.5,5,0.268,18,0.357,1,0,-1,0.45,0,0
CL103015,4070146.0,2015017.0,0.6,5,0.33,107,0.62,0,1,-2,0.114,0,0
CL103016,1132940.0,1214157.0,8.9,4,0.22,111,0.349,1,1,-2,0.353,0,0
CL103017,587671.0,2387315.0,5.0,2,0.25,111,0.514,0,1,1,0.642,0,0
CL103018,1932685.0,3484573.0,14.2,3,0.283,134,0.462,1,0,-1,0.524,0,0
CL103019,3191081.0,6363661.0,0.8,4,0.265,68,0.542,0,0,-2,0.09,0,0
CL103020,4413289.0,4556393.0,1.3,4,0.621,76,0.697,2,0,-2,0.407,0,0
CL103021,1921121.0,12306610.0,2.9,4,0.315,23,0.381,0,2,0,0.53,0,1
CL103022,1971463.0,1933954.0,11.6,1,0.44,156,0.17,0,0,-1,0.506,0,0
CL103023,4312164.0,7398155.0,2.9,5,0.839,40,0.647,0,0,1,0.063,0,1
CL103024,950867.0,4127197.0,4.2,2,0.305,98,0.753,0,0,1,0.467,0,0
CL103025,1994172.0,6493215.0,2.9,1,0.427,48,0.513,0,1,-1,0.147,0,1
CL103026,2663661.0,2941528.0,0.7,4,0.154,162,0.824,1,0,-1,0.332,1,0
CL103027,3031625.0,8454220.0,22.4,2,0.605,92,0.391,1,0,0,0.564,0,0
CL103028,1876834.0,4909376.0,6.4,1,0.18,162,0.807,0,0,-1,0.532,0,0
CL103029,2463813.0,2481537.0,12.4,3,0.216,57,0.557,0,0,-1,0.572,0,0
CL103030,697904.0,3959321.0,8.6,4,0.296,29,0.703,2,0,-1,0.223,0,0
CL103031,1742577.0,3376367.0,5.8,1,0.524,90,0.64,0,0,1,0.402,0,0
CL103032,3038135.0,5623275.0,0.8,1,0.647,124,0.737,0,0,-2,0.494,1,0
CL103033,1481926.0,1748303.0,8.2,4,0.242,98,0.705,0,0,0,0.189,1,0
CL103034,2494234.0,3911587.0,1.4,3,0.109,8,0.543,1,1,1,0.428,0,1
CL103035,3028071.0,5265650.0,4.3,5,0.12,93,0.456,0,0,-2,0.516,0,0
CL103036,2040541.0,4086160.0,7.9,3,0.122,107,0.609,0,0,-1,0.384,0,1
CL103037,2637209.0,10250724.0,12.2,4,0.828,104,0.747,0,0,0,0.478,0,0
CL103038,1496491.0,6864103.0,9.2,5,0.176,144,0.728,2,1,-2,0.476,0,0
CL103039,2184056.0,3971933.0,8.9,1,0.371,92,0.172,0,0,1,0.268,1,0
CL103040,3285759.0,4646767.0,1.3,3,0.256,158,0.424,1,1,0,0.604,1,0
CL103041,2619480.0,4910891.0,3.4,3,0.389,87,0.839,0,0,1,0.255,0,0
CL103042,1806198.0,5295192.0,0.4,5,0.645,93,0.91,1,0,-1,0.131,0,0
CL103043,2709049.0,1112410.0,10.2,1,0.563,84,0.833,1,0,0,0.541,0,0
CL103044,3461820.0,3233034.0,24.4,3,0.688,81,0.865,0,0,1,0.836,0,0
CL103045,868940.0,1412530.0,2.5,5,0.468,154,0.418,0,0,-1,0.394,0,0
CL103046,4323332.0,9769703.0,0.7,3,0.026,39,0.796,1,0,0,0.543,0,0
CL103047,2046973.0,3826287.0,5.2,1,0.424,33,0.524,0,0,-1,0.357,0,0
CL103048,2995869.0,3487380.0,15.5,1,0.375,78,0.72,0,0,1,0.499,0,0
CL103049,4406642.0,7480111.0,6.4,2,0.318,31,0.687,0,0,1,0.268,0,1
CL103050,1219758.0,5366183.0,0.4,5,0.313,21,0.339,0,0,-1,0.501,0,0
CL103051,1698540.0,1812026.0,29.3,4,0.177,178,0.747,0,0,0,0.506,0,1
CL103052,2096386.0,3799448.0,14.1,3,0.136,128,0.564,0,0,1,0.121,0,1
CL103053,1636587.0,3157790.0,1.1,1,0.215,134,0.673,1,1,-2,0.76,0,1
CL103054,5765880.0,1177409.0,20.4,3,0.406,90,0.564,0,1,-1,0.626,0,0
CL103055,1577913.0,2462793.0,4.8,3,0.218,141,0.846,0,0,1,0.882,0,0
CL103056,1834397.0,3511387.0,3.7,4,0.589,58,0.822,0,0,1,0.612,0,0
CL103057,2682325.0,3684091.0,4.9,1,0.124,172,0.405,1,0,-1,0.557,0,1
CL103058,1327656.0,1414714.0,14.4,2,0.432,32,0.752,2,1,-1,0.147,0,1
CL103059,1987046.0,8941071.0,8.6,5,0.196,59,0.722,1,1,-2,0.411,0,0
CL103060,2838331.0,3717373.0,0.5,3,0.245,103,0.84,0,0,-1,0.354,0,0
CL103061,2050450.0,4099138.0,25.3,4,0.25,81,0.306,0,1,-2,0.383,0,0
CL103062,2311267.0,5285349.0,1.3,4,0.436,173,0.348,2,0,-1,0.429,0,1
CL103063,1858600.0,2299832.0,10.9,5,0.303,177,0.795,0,0,0,0.396,0,0
CL103064,1135706.0,5495550.0,8.1,5,0.329,61,0.669,0,1,0,0.482,0,0
CL103065,2844212.0,3088042.0,1.7,1,0.012,40,0.539,0,1,-1,0.37,0,0
CL103066,5823818.0,2131614.0,1.5,3,0.368,82,0.722,0,0,1,0.546,0,0
CL103067,2444133.0,5964962.0,16.3,3,0.697,162,0.205,0,0,1,0.243,0,0
CL103068,2710469.0,11343684.0,4.4,5,0.23,113,0.682,2,0,-1,0.407,0,0
CL103069,3424142.0,6631759.0,8.5,2,0.342,89,0.679,0,0,0,0.381,0,0
CL103070,1283800.0,7618456.0,5.6,3,0.315,12,0.567,0,0,-2,0.528,0,0
CL103071,5673163.0,2773328.0,10.4,4,0.097,143,0.818,1,1,1,0.25,0,0
CL103072,2679563.0,1304938.0,5.2,5,0.14,107,0.362,0,0,-2,0.562,0,0
CL103073,5476235.0,11331491.0,2.7,3,0.363,9,0.496,1,0,-1,0.316,0,0
CL103074,1678622.0,16821366.0,3.6,1,0.429,148,0.633,3,0,-2,0.294,0,1
CL103075,6010575.0,11757063.0,15.7,5,0.183,89,0.985,0,0,-2,0.484,0,0
CL103076,3568221.0,3156423.0,5.0,4,0.559,111,0.523,2,1,-1,0.276,0,0
CL103077,3193155.0,1779345.0,1.9,1,0.337,49,0.669,1,0,-1,0.595,1,0
CL103078,2722367.0,1893660.0,21.8,5,0.22,14,0.231,0,0,-2,0.21,0,0
CL103079,2138758.0,1228602.0,12.7,5,0.496,133,0.645,0,0,0,0.644,0,0
CL103080,4413885.0,3703671.0,0.5,3,0.208,126,0.473,1,1,-2,0.402,0,0
CL103081,2597812.0,12286044.0,54.8,1,0.372,48,0.665,0,0,1,0.174,0,0
CL103082,905702.0,3615845.0,9.5,5,0.408,57,0.832,0,0,0,0.756,0,0
CL103083,1385272.0,4933830.0,1.4,4,0.378,93,0.561,0,0,-2,0.212,1,1
CL103084,2206851.0,10458419.0,2.2,1,0.38,60,0.656,0,0,1,0.788,1,0
CL103085,2827771.0,3009045.0,9.4,3,0.356,81,0.669,0,1,0,0.77,0,0
CL103086,2354186.0,16599316.0,12.1,2,0.245,43,0.422,1,1,1,0.124,0,0
CL103087,4454767.0,16102194.0,2.2,5,0.216,82,0.717,1,0,-1,0.559,1,0
CL103088,912962.0,3642650.0,2.4,2,0.395,91,0.369,1,0,-2,0.203,0,0
CL103089,2602008.0,2665030.0,2.9,5,0.163,64,0.551,0,0,-1,0.454,0,0
CL103090,975798.0,6504902.0,7.3,3,0.698,2,0.728,1,0,0,0.231,0,0
CL103091,3540775.0,3130592.0,1.5,3,0.033,1,0.799,0,1,1,0.334,0,0
CL103092,2310029.0,1776954.0,0.9,3,0.647,118,0.458,1,0,1,0.202,0,0
CL103093,2987074.0,9789951.0,9.1,3,0.216,64,0.766,1,0,-1,0.469,0,0
CL103094,1572313.0,9355857.0,12.1,1,0.277,72,0.696,0,0,-1,0.616,0,0
CL103095,4591570.0,4451974.0,5.6,1,0.305,85,0.44,0,0,0,0.293,0,0
CL103096,4076961.0,1649520.0,3.6,5,0.357,24,0.319,1,0,0,0.772,0,0
CL103097,3242231.0,1688467.0,4.5,1,0.242,130,0.404,0,0,-2,0.738,0,0
CL103098,2269889.0,4304022.0,3.9,5,0.339,59,0.602,1,0,0,0.301,0,0
CL103099,3236259.0,2813923.0,25.7,1,0.399,102,0.674,0,0,0,0.206,1,0
CL103100,1700705.0,3144719.0,11.7,1,0.744,162,0.491,0,1,0,0.346,0,0
CL103101,3714586.0,8165057.0,1.9,1,0.188,56,0.398,0,0,0,0.42,0,0
CL103102,5524705.0,6670634.0,3.9,4,0.207,114,0.697,0,0,-1,0.272,0,0
CL103103,4136271.0,10477073.0,6.3,3,0.484,5,0.871,1,0,-1,0.568,0,1
CL103104,1681503.0,1995816.0,7.6,4,0.361,109,0.686,0,0,1,0.162,0,0
CL103105,2901414.0,3140102.0,5.1,1,0.462,124,0.612,0,0,0,0.7,0,0
CL103106,1268606.0,6792212.0,13.3,1,0.595,119,0.635,0,1,-1,0.185,0,0
CL103107,3224199.0,5463799.0,11.7,4,0.816,36,0.103,1,0,-2,0.607,0,1
CL103108,3033725.0,11671567.0,5.6,5,0.466,72,0.598,0,0,1,0.738,1,0
CL103109,950831.0,5359470.0,15.4,3,0.709,94,0.619,0,0,-1,0.609,1,1
CL103110,1354724.0,14558366.0,11.1,5,0.525,138,0.752,0,0,0,0.359,0,0
CL103111,2102065.0,5826998.0,12.1,3,0.153,85,0.774,0,0,0,0.333,1,0
CL103112,2083522.0,8398110.0,25.1,2,0.074,174,0.571,0,0,1,0.281,0,0
CL103113,1322800.0,3183652.0,2.5,3,0.157,52,0.499,0,1,-1,0.662,0,1
CL103114,2941674.0,4032919.0,2.5,5,0.274,132,0.277,1,0,1,0.153,0,0
CL103115,2746222.0,7554554.0,17.6,3,0.133,11,0.731,0,0,-2,0.315,0,0
CL103116,2197576.0,12348989.0,11.8,2,0.389,105,0.455,0,1,1,0.587,0,0
CL103117,1659628.0,6652251.0,20.9,2,0.153,178,0.191,0,0,1,0.539,0,0
CL103118,4091219.0,3766963.0,0.5,1,0.664,151,0.73,0,0,-2,0.464,0,0
CL103119,5541100.0,10471151.0,7.9,2,0.762,126,0.675,0,0,0,0.387,0,0
CL103120,1901625.0,860798.0,1.2,4,0.352,113,0.655,1,0,-2,0.275,1,0
CL103121,1783194.0,1475394.0,5.6,5,0.333,30,0.775,0,0,0,0.478,0,0
CL103122,3095945.0,6434238.0,1.4,4,0.276,123,0.765,3,0,0,0.264,1,1
CL103123,2024808.0,4032414.0,1.1,4,0.039,88,0.876,0,0,-2,0.697,0,0
CL103124,2258703.0,6100367.0,0.1,5,0.156,25,0.569,0,1,0,0.251,0,0
CL103125,3505440.0,4176922.0,8.0,4,0.247,30,0.587,0,0,-1,0.389,1,0
CL103126,932218.0,5954525.0,3.6,4,0.064,167,0.402,0,2,-1,0.592,0,0
CL103127,4681603.0,2257837.0,0.9,4,0.129,74,0.666,0,0,1,0.03,0,0
CL103128,2511373.0,5952610.0,3.1,2,0.145,124,0.836,1,0,-1,0.491,0,0
CL103129,1971398.0,8009110.0,1.5,5,0.34,139,0.467,1,1,1,0.128,1,0
CL103130,2316071.0,9382768.0,22.7,5,0.614,73,0.706,1,0,-1,0.503,0,0
CL103131,2376679.0,16345906.0,3.1,5,0.08,164,0.757,0,0,-1,0.345,1,0
CL103132,1019068.0,4736784.0,3.3,4,0.183,112,0.59,0,0,-1,0.476,0,0
CL103133,5113881.0,4836674.0,14.7,2,0.646,5,0.407,0,0,-1,0.232,0,0
CL103134,2472308.0,1374746.0,8.3,5,0.06,76,0.707,1,1,0,0.228,0,0
CL103135,3022217.0,2752478.0,9.9,3,0.281,142,0.468,0,0,1,0.25,1,0
CL103136,3897223.0,3488012.0,8.1,5,0.206,148,0.564,0,1,1,0.641,0,1
CL103137,1453404.0,8328748.0,23.4,1,0.044,20,0.551,0,0,0,0.193,1,0
CL103138,3068612.0,2603323.0,1.9,3,0.708,172,0.634,0,0,-1,0.681,1,0
CL103139,2118417.0,6972177.0,36.1,5,0.451,100,0.026,1,0,-2,0.111,0,0
CL103140,3698306.0,3988257.0,14.2,4,0.785,25,0.663,0,0,-2,0.666,1,1
CL103141,836002.0,3527085.0,7.1,5,0.292,169,0.412,0,1,-2,0.457,0,0
CL103142,2304681.0,4752711.0,8.7,2,0.473,110,0.581,0,0,1,0.046,0,0
CL103143,1791546.0,3036422.0,8.4,2,0.591,127,0.791,0,0,0,0.216,0,0
CL103144,3006032.0,2956965.0,0.5,5,0.347,69,0.579,1,0,-2,0.242,0,0
CL103145,3063357.0,1210628.0,2.0,4,0.405,91,0.52,1,0,-1,0.221,0,0
CL103146,1700082.0,3356576.0,26.1,4,0.198,2,0.525,1,0,1,0.567,0,0
CL103147,1696220.0,2853401.0,6.1,4,0.147,140,0.542,0,0,-2,0.367,1,0
CL103148,2291386.0,2782369.0,3.8,5,0.355,28,0.771,0,0,1,0.141,0,0
CL103149,1546769.0,5345743.0,11.5,5,0.175,44,0.898,0,0,0,0.339,0,0
CL103150,3689464.0,6331466.0,5.9,1,0.631,141,0.717,1,0,-2,0.555,0,0
CL103151,2013523.0,4697477.0,0.1,2,0.413,85,0.749,0,0,-2,0.386,0,0
CL103152,566089.0,8014722.0,10.7,3,0.609,43,0.779,0,0,-1,0.288,0,0
CL103153,2007878.0,5973797.0,10.5,3,0.119,55,0.669,1,0,1,0.126,0,0
CL103154,1440827.0,3247710.0,1.4,2,0.691,136,0.445,1,0,-2,0.136,0,0
CL103155,1071277.0,2887786.0,25.1,1,0.515,124,0.857,0,0,-1,0.529,1,1
CL103156,1304443.0,4970224.0,2.0,2,0.435,64,0.626,0,2,0,0.351,0,0
CL103157,2557918.0,5966297.0,4.9,1,0.405,117,0.347,0,0,-2,0.66,0,1
CL103158,4705866.0,10622564.0,1.0,1,0.56,12,0.296,0,0,0,0.789,0,0
CL103159,2832279.0,9191789.0,7.4,4,0.187,41,0.402,0,0,0,0.43,0,0
CL103160,1788250.0,2733160.0,3.8,2,0.586,44,0.526,0,0,0,0.505,0,1
CL103161,3041776.0,3717625.0,3.5,3,0.241,11,0.518,1,0,-1,0.199,1,0
CL103162,1925035.0,6386599.0,14.0,5,0.689,19,0.524,1,0,-2,0.293,0,1
CL103163,1711190.0,8432454.0,0.1,5,0.491,125,0.436,1,0,0,0.514,0,0
CL103164,1359760.0,7704219.0,12.8,2,0.107,60,0.764,0,0,0,0.316,1,0
CL103165,1008612.0,3818184.0,6.8,5,0.231,155,0.651,2,0,-2,0.724,0,0
CL103166,1992774.0,1659761.0,34.2,1,0.115,121,0.487,0,0,0,0.381,1,0
CL103167,2620896.0,1984236.0,7.1,5,0.785,155,0.937,0,2,-1,0.17,1,0
CL103168,2307530.0,4832350.0,0.5,1,0.549,14,0.727,1,1,1,0.33,0,0
CL103169,1966993.0,5073583.0,0.4,1,0.553,152,0.852,0,0,1,0.515,0,0
CL103170,1509255.0,1850422.0,17.2,3,0.369,64,0.959,0,1,0,0.625,0,0
CL103171,3282524.0,4119320.0,14.7,5,0.266,152,0.86,0,1,-2,0.31,0,0
CL103172,1253480.0,6211153.0,3.4,3,0.298,130,0.415,0,0,-2,0.451,0,0
CL103173,3569778.0,1783595.0,7.7,5,0.2,95,0.798,0,0,-2,0.517,1,0
CL103174,1467237.0,8653704.0,5.4,1,0.247,12,0.854,1,1,1,0.359,0,0
CL103175,1662416.0,3065521.0,27.3,5,0.226,58,0.65,0,0,0,0.773,0,1
CL103176,1163109.0,9629378.0,24.0,3,0.334,94,0.726,0,0,-2,0.325,0,0
CL103177,1884737.0,2748548.0,33.0,4,0.585,42,0.763,0,1,0,0.365,0,0
CL103178,3943804.0,1946147.0,16.1,3,0.271,1,0.736,1,1,-1,0.412,0,1
CL103179,3133979.0,2897341.0,19.2,4,0.218,150,0.637,0,1,1,0.567,0,0
CL103180,3949940.0,3735515.0,2.0,2,0.357,106,0.479,0,0,0,0.249,0,0
CL103181,3144204.0,3042117.0,14.2,3,0.585,72,0.307,1,0,-1,0.549,0,1
CL103182,1394665.0,3432499.0,9.9,5,0.586,141,0.305,0,0,1,0.736,0,0
CL103183,2052574.0,5044331.0,26.3,4,0.459,38,0.492,0,2,-2,0.311,0,0
CL103184,1639498.0,3541902.0,6.8,5,0.142,76,0.719,0,1,-1,0.397,1,0
CL103185,4710419.0,3812216.0,0.7,4,0.157,52,0.493,1,0,1,0.42,0,0
CL103186,1331219.0,1206871.0,7.3,3,0.247,111,0.419,1,0,0,0.383,0,0
CL103187,3786107.0,5252363.0,9.3,3,0.292,80,0.914,0,0,1,0.307,0,0
CL103188,3784699.0,3751093.0,2.0,5,0.497,84,0.803,1,0,1,0.757,1,0
CL103189,6045411.0,12325799.0,4.0,3,0.329,108,0.841,0,0,-1,0.332,0,1
CL103190,1973179.0,2068438.0,7.3,5,0.446,160,0.488,1,2,-1,0.279,1,0
CL103191,3457862.0,1126013.0,3.7,1,0.19,155,0.824,0,0,-2,0.386,0,0
CL103192,7578501.0,6154216.0,3.8,4,0.138,98,0.762,0,0,-1,0.115,0,0
CL103193,1778319.0,5088883.0,1.1,5,0.436,86,0.663,0,0,0,0.418,0,0
CL103194,1124085.0,1971089.0,22.6,4,0.578,62,0.482,0,0,-1,0.367,0,0
CL103195,945997.0,1368431.0,11.1,1,0.45,3,0.663,0,0,0,0.614,0,0
CL103196,3458536.0,11712623.0,0.0,4,0.515,81,0.413,0,1,0,0.724,1,0
CL103197,944513.0,10744207.0,11.6,5,0.235,126,0.875,2,0,1,0.057,0,0
CL103198,2010392.0,699961.0,10.8,3,0.058,91,0.566,1,0,-1,0.303,1,0
CL103199,3013632.0,2897167.0,0.1,4,0.46,103,0.41,0,1,0,0.157,0,0
CL103200,2656680.0,12799727.0,3.7,4,0.537,110,0.696,3,0,1,0.138,0,0
CL103201,2995802.0,2861213.0,7.5,1,0.279,95,0.704,1,0,1,0.75,0,0
CL103202,2706441.0,2832220.0,4.8,2,0.343,31,0.518,0,0,0,0.433,0,0
CL103203,4590194.0,3275786.0,12.0,3,0.462,170,0.813,1,0,-1,0.316,0,0
CL103204,1504305.0,1821867.0,4.4,5,0.288,58,0.602,0,1,-2,0.18,0,0
CL103205,1726320.0,1210637.0,1.3,1,0.482,43,0.527,1,0,0,0.234,1,0
CL103206,1645690.0,8341746.0,30.0,5,0.322,160,0.554,2,0,-2,0.179,0,0
CL103207,3667776.0,1099036.0,2.2,5,0.58,158,0.657,0,0,-1,0.616,0,0
CL103208,3798813.0,4747316.0,10.1,4,0.291,83,0.905,0,0,-2,0.096,0,0
CL103209,3034668.0,7426800.0,1.2,1,0.173,127,0.725,0,1,1,0.19,0,0
CL103210,4376443.0,1445754.0,3.2,1,0.563,156,0.2,0,0,-2,0.33,0,0
CL103211,1343756.0,2090705.0,4.7,3,0.443,45,0.822,2,0,-2,0.625,0,0
CL103212,5573936.0,9334478.0,1.7,2,0.238,138,0.619,1,0,0,0.117,0,0
CL103213,5186758.0,5798004.0,4.8,5,0.158,144,0.263,0,0,-2,0.491,0,0
CL103214,3498382.0,2591895.0,1.4,3,0.222,159,0.617,0,1,0,0.304,0,0
CL103215,5902576.0,9263331.0,6.5,3,0.665,10,0.565,1,0,0,0.365,0,1
CL103216,1057786.0,9291170.0,8.7,5,0.119,74,0.559,1,0,0,0.131,0,1
CL103217,1863144.0,4820253.0,0.5,4,0.334,92,0.743,1,0,0,0.073,0,1
CL103218,1676717.0,2126287.0,16.4,4,0.115,12,0.582,1,0,-1,0.477,1,0
CL103219,3473731.0,2989408.0,1.6,5,0.188,156,0.823,0,1,-2,0.65,1,0
CL103220,1432497.0,4879097.0,2.0,1,0.458,18,0.822,0,1,0,0.348,0,0
CL103221,3536852.0,3498985.0,8.7,2,0.571,156,0.626,0,1,1,0.367,0,1
CL103222,4805483.0,7704152.0,5.1,4,0.116,28,0.747,0,1,0,0.622,0,0
CL103223,3428390.0,1368407.0,5.5,2,0.669,14,0.748,0,1,0,0.791,0,0
CL103224,2790902.0,1402849.0,1.1,3,0.145,8,0.399,0,0,-2,0.368,0,0
CL103225,1477797.0,4531709.0,13.1,3,0.144,100,0.279,1,0,1,0.198,0,1
CL103226,1585760.0,2830373.0,7.7,5,0.13,3,0.64,0,0,1,0.014,0,0
CL103227,4523558.0,2574243.0,1.2,5,0.216,137,0.303,0,0,-1,0.322,0,0
CL103228,3575711.0,1158180.0,3.7,5,0.107,47,0.323,0,0,-2,0.637,0,0
CL103229,2374958.0,4047792.0,13.3,4,0.32,63,0.314,1,0,1,0.48,0,0
CL103230,1965083.0,3848028.0,6.7,2,0.421,168,0.402,0,0,0,0.306,1,0
CL103231,879489.0,6308669.0,0.9,3,0.188,77,0.135,0,0,-2,0.193,0,0
CL103232,1417739.0,4190096.0,3.7,2,0.066,86,0.18,0,0,1,0.145,1,0
CL103233,6297791.0,3638846.0,2.2,4,0.309,121,0.333,1,0,-2,0.535,0,0
CL103234,1276678.0,9101051.0,5.8,2,0.094,152,0.396,0,1,-2,0.307,0,0
CL103235,2662404.0,1593228.0,14.8,2,0.164,13,0.81,0,0,-1,0.579,0,0
CL103236,4007676.0,5812216.0,4.6,5,0.565,134,0.723,0,0,0,0.366,0,0
CL103237,1293081.0,1239473.0,4.5,2,0.306,179,0.468,0,0,-1,0.039,1,0
CL103238,2656062.0,2220286.0,18.9,2,0.632,60,0.981,0,0,1,0.071,0,0
CL103239,3870746.0,1708523.0,6.9,2,0.614,75,0.568,0,1,1,0.206,0,0
CL103240,2436930.0,6902262.0,6.7,1,0.641,157,0.596,0,0,-1,0.53,0,0
CL103241,10162363.0,3814091.0,2.4,3,0.562,16,0.481,0,2,-2,0.476,0,0
CL103242,1051471.0,3955224.0,7.5,3,0.335,85,0.701,1,1,1,0.796,1,1
CL103243,4111770.0,1840020.0,6.9,2,0.425,55,0.545,0,0,0,0.48,0,0
CL103244,2221291.0,3237185.0,4.0,5,0.393,157,0.654,0,0,0,0.805,0,0
CL103245,3562454.0,2339796.0,37.4,5,0.244,78,0.926,0,0,0,0.238,1,0
CL103246,3019656.0,5222144.0,17.1,5,0.46,55,0.436,0,0,1,0.635,0,0
CL103247,1678518.0,1995163.0,11.1,3,0.714,169,0.543,0,0,1,0.231,0,0
CL103248,2715531.0,10128422.0,6.2,4,0.117,9,0.496,1,0,0,0.298,0,1
CL103249,956513.0,1235633.0,5.0,2,0.349,6,0.392,0,0,-1,0.51,0,0
CL103250,3274330.0,2270331.0,1.6,3,0.501,102,0.55,1,0,1,0.523,0,0
CL103251,2811080.0,12916813.0,2.9,5,0.201,157,0.114,0,0,0,0.787,1,0
CL103252,3332822.0,2944362.0,11.9,3,0.553,146,0.67,0,0,0,0.588,0,0
CL103253,4110516.0,1590541.0,4.8,3,0.023,24,0.621,0,0,1,0.283,0,0
CL103254,2910426.0,4654523.0,17.1,3,0.533,51,0.308,2,1,-1,0.041,1,0
CL103255,2607871.0,2862556.0,1.3,5,0.6,17,0.825,1,0,0,0.392,0,0
CL103256,1558861.0,2224162.0,5.7,4,0.183,21,0.46,0,0,1,0.063,0,0
CL103257,1696181.0,1854064.0,8.3,1,0.459,83,0.367,0,1,0,0.134,0,0
CL103258,4383541.0,27725456.0,5.8,2,0.121,62,0.68,2,0,-2,0.584,0,0
CL103259,4966211.0,3348134.0,17.6,2,0.532,91,0.534,0,0,0,0.161,0,0
CL103260,2149928.0,1037270.0,36.5,3,0.565,117,0.454,0,1,-2,0.264,0,0
CL103261,2478097.0,11359862.0,1.0,4,0.207,75,0.791,0,0,-1,0.618,0,0
CL103262,1540616.0,6124145.0,1.1,5,0.131,117,0.546,1,1,-2,0.118,0,1
CL103263,4353011.0,2334886.0,1.1,1,0.199,54,0.616,0,0,-1,0.652,0,0
CL103264,3377710.0,2077793.0,9.1,1,0.197,139,0.713,0,1,0,0.133,0,0
CL103265,6392326.0,6397584.0,3.7,3,0.594,171,0.893,0,0,-2,0.249,0,0
CL103266,1561002.0,3359011.0,10.6,3,0.235,121,0.219,0,0,-2,0.661,1,0
CL103267,2004682.0,1036972.0,4.2,5,0.069,136,0.743,2,0,-2,0.544,1,0
CL103268,2718859.0,13951087.0,7.9,5,0.468,151,0.703,1,0,-1,0.616,0,0
CL103269,3345895.0,2946730.0,11.8,5,0.493,121,0.804,2,0,1,0.118,1,1
CL103270,2174189.0,11374678.0,6.4,3,0.628,53,0.574,0,0,-2,0.581,1,0
CL103271,1565193.0,9770757.0,6.2,4,0.621,40,0.839,0,0,0,0.314,0,0
CL103272,3762912.0,1981359.0,0.7,3,0.328,9,0.314,0,0,0,0.304,0,0
CL103273,3473133.0,8229476.0,4.2,3,0.298,152,0.288,2,1,1,0.362,0,0
CL103274,1531660.0,2530659.0,6.3,1,0.719,76,0.933,0,0,1,0.376,0,1
CL103275,4769354.0,1080905.0,5.0,5,0.568,76,0.718,1,0,-2,0.352,0,0
CL103276,4347447.0,2966168.0,18.5,2,0.251,130,0.641,1,1,0,0.258,0,0
CL103277,2589948.0,5274246.0,19.0,5,0.46,70,0.967,0,1,-1,0.478,1,1
CL103278,2520074.0,2888028.0,13.8,4,0.139,4,0.224,1,0,-2,0.737,1,0
CL103279,3194780.0,3220561.0,3.8,4,0.173,61,0.695,0,0,-2,0.392,0,0
CL103280,1574028.0,8890521.0,10.1,5,0.401,126,0.703,0,1,0,0.205,1,0
CL103281,2458386.0,4301807.0,4.0,5,0.626,36,0.316,0,0,-1,0.758,0,0
CL103282,825553.0,2212627.0,2.1,3,0.49,41,0.818,0,2,-2,0.431,1,0
CL103283,3753607.0,6526760.0,3.4,2,0.634,103,0.492,0,0,-2,0.613,0,1
CL103284,1109315.0,4585331.0,0.6,3,0.237,166,0.714,0,0,0,0.557,0,1
CL103285,5135614.0,683428.0,3.2,1,0.165,82,0.356,0,2,1,0.507,0,0
CL103286,2053261.0,5388874.0,4.9,1,0.748,143,0.473,0,0,-1,0.205,0,0
CL103287,2178542.0,5252843.0,24.9,4,0.424,48,0.112,0,0,1,0.208,1,0
CL103288,1769368.0,4049422.0,3.0,4,0.032,97,0.582,0,2,-1,0.358,0,0
CL103289,2096921.0,7453471.0,18.6,2,0.494,158,0.667,0,0,0,0.191,0,1
CL103290,4922198.0,2493816.0,2.1,4,0.467,25,0.736,0,1,1,0.563,0,0
CL103291,698085.0,5053289.0,1.7,1,0.518,4,0.655,0,1,1,0.437,0,0
CL103292,4585835.0,1333248.0,5.9,2,0.402,18,0.817,0,1,0,0.501,1,0
CL103293,2867674.0,5309261.0,8.9,1,0.761,173,0.773,0,1,-1,0.46,1,0
CL103294,1324425.0,15668169.0,0.4,5,0.685,120,0.429,0,0,-1,0.177,0,0
CL103295,1414581.0,1989911.0,2.0,5,0.264,97,0.371,0,0,1,0.356,0,0
CL103296,5599548.0,2345803.0,4.9,2,0.181,84,0.326,0,1,-1,0.524,0,0
CL103297,1509436.0,2428998.0,3.2,3,0.799,73,0.434,0,0,-2,0.487,1,0
CL103298,1360448.0,4373170.0,10.0,4,0.157,65,0.485,0,0,0,0.164,0,1
CL103299,4276550.0,1897171.0,5.7,2,0.587,111,0.605,0,0,1,0.5,0,0
CL103300,2868433.0,5362137.0,1.4,4,0.38,27,0.245,1,0,-1,0.188,0,1
CL103301,1515168.0,7223051.0,18.0,1,0.131,88,0.836,0,0,1,0.282,1,0
CL103302,2698786.0,5803914.0,2.8,3,0.549,153,0.325,0,0,1,0.25,0,0
CL103303,1450072.0,1157889.0,10.5,4,0.581,162,0.333,0,1,-1,0.485,0,0
CL103304,4199226.0,8013333.0,12.1,5,0.274,50,0.596,0,0,-1,0.348,0,0
CL103305,4117207.0,7695584.0,26.4,5,0.439,138,0.849,0,1,0,0.19,0,0
CL103306,3159749.0,7139212.0,5.5,1,0.362,109,0.415,0,0,-2,0.52,0,1
CL103307,2901767.0,5183492.0,7.7,2,0.186,89,0.623,1,1,1,0.517,0,0
CL103308,5842060.0,4658167.0,3.3,4,0.43,131,0.699,0,0,1,0.403,0,0
CL103309,2421368.0,8224866.0,9.1,1,0.414,86,0.731,1,0,-2,0.355,0,1
CL103310,1341183.0,15347443.0,5.0,5,0.156,104,0.383,1,0,0,0.137,0,0
CL103311,3032012.0,2049019.0,4.6,5,0.56,110,0.889,0,0,-2,0.582,0,0
CL103312,6872397.0,8492447.0,15.5,5,0.395,120,0.435,0,0,-1,0.538,0,0
CL103313,1458064.0,3758942.0,0.4,3,0.258,88,0.418,0,0,-1,0.518,0,0
CL103314,2021335.0,3646320.0,17.1,3,0.264,56,0.822,1,1,1,0.32,0,0
CL103315,2982353.0,1361951.0,15.3,5,0.152,155,0.272,0,0,-1,0.299,1,0
CL103316,2357347.0,3271134.0,5.6,2,0.321,90,0.687,1,0,-2,0.409,1,0
CL103317,1481919.0,1986559.0,5.4,3,0.066,144,0.5,0,0,-2,0.686,0,0
CL103318,4243627.0,2885769.0,3.6,4,0.3,38,0.528,0,0,1,0.278,0,0
CL103319,7725371.0,1851061.0,41.2,3,0.261,105,0.489,0,0,0,0.514,0,0
CL103320,2671273.0,2916119.0,0.9,4,0.534,23,0.599,0,0,0,0.219,1,0
CL103321,1541037.0,3004804.0,7.1,3,0.166,83,0.4,0,2,1,0.583,0,0
CL103322,1116288.0,4272580.0,9.2,5,0.369,88,0.444,0,1,-1,0.223,0,0
CL103323,2755165.0,1289384.0,21.8,4,0.115,53,0.069,0,0,1,0.135,0,0
CL103324,4205647.0,1451542.0,12.1,2,0.052,147,0.381,0,1,0,0.618,0,1
CL103325,3071215.0,5143992.0,8.3,3,0.4,4,0.877,0,0,0,0.389,1,0
CL103326,2418839.0,2284810.0,1.0,3,0.67,157,0.482,0,0,1,0.748,0,0
CL103327,1803724.0,8471099.0,3.7,5,0.13,173,0.728,1,1,-2,0.276,0,1
CL103328,1402712.0,4674762.0,1.2,4,0.551,105,0.673,0,0,1,0.347,0,0
CL103329,3676147.0,6105701.0,17.0,5,0.487,21,0.503,0,0,-1,0.376,0,0
CL103330,3824299.0,10718531.0,11.1,4,0.406,54,0.792,1,0,1,0.439,0,0
CL103331,1118093.0,3214564.0,11.3,3,0.541,126,0.554,1,0,0,0.328,1,0
CL103332,5362385.0,2670722.0,8.5,3,0.582,109,0.71,2,0,0,0.619,0,0
CL103333,3226910.0,7349860.0,5.7,3,0.119,52,0.296,0,0,-2,0.539,0,0
CL103334,4875813.0,5703893.0,1.3,3,0.175,146,0.929,0,1,1,0.525,0,0
CL103335,1237911.0,3502084.0,3.2,1,0.564,145,0.344,0,0,-1,0.285,1,0
CL103336,1223331.0,10575183.0,1.2,3,0.281,44,0.376,1,0,-2,0.393,0,1
CL103337,2247919.0,3441538.0,10.3,3,0.314,107,0.803,1,0,-2,0.285,0,0
CL103338,3113918.0,4085446.0,1.4,4,0.25,152,0.727,0,1,1,0.609,1,0
CL103339,5945709.0,4052546.0,9.7,3,0.419,113,0.731,0,0,-1,0.085,0,1
CL103340,3447085.0,2075649.0,9.4,3,0.052,134,0.867,0,2,0,0.244,0,0
CL103341,2145020.0,4215631.0,4.9,4,0.074,155,0.311,0,0,-2,0.536,0,1
CL103342,1449625.0,10614506.0,1.2,3,0.483,175,0.601,1,0,-1,0.174,0,0
CL103343,4479403.0,5451917.0,3.0,3,0.071,174,0.613,0,0,-2,0.211,1,0
CL103344,1495016.0,4080558.0,3.1,5,0.407,91,0.584,2,0,0,0.423,0,0
CL103345,5466966.0,3565315.0,9.6,1,0.034,91,0.613,0,0,0,0.441,0,0
CL103346,2100756.0,5033403.0,1.0,4,0.513,163,0.798,2,1,-2,0.164,0,0
CL103347,5364378.0,6748539.0,14.1,5,0.804,140,0.747,1,0,1,0.409,0,1
CL103348,3400611.0,6116296.0,11.5,2,0.416,29,0.674,0,0,0,0.629,0,0
CL103349,2261417.0,3165098.0,1.6,2,0.158,57,0.174,1,0,-2,0.347,1,0
CL103350,1867856.0,5012008.0,10.2,1,0.158,55,0.642,0,0,-2,0.249,0,0
CL103351,2042216.0,5587027.0,8.8,2,0.611,165,0.425,0,0,1,0.47,0,0
CL103352,3000107.0,1972798.0,11.0,1,0.576,71,0.946,0,1,-1,0.136,0,0
CL103353,2517000.0,4491788.0,1.7,2,0.608,53,0.697,0,0,-1,0.167,0,0
CL103354,1799635.0,879481.0,1.4,2,0.197,14,0.849,0,1,-2,0.075,0,1
CL103355,2229269.0,5597181.0,2.2,5,0.581,21,0.671,2,1,-2,0.39,0,0
CL103356,2518788.0,6339054.0,3.6,2,0.425,104,0.87,2,1,-2,0.337,0,0
CL103357,835372.0,6738058.0,12.6,1,0.062,14,0.625,0,1,-2,0.904,0,0
CL103358,3045221.0,3028164.0,10.7,3,0.506,53,0.688,1,2,-2,0.093,0,0
CL103359,1483833.0,4957107.0,20.8,3,0.264,115,0.36,0,1,1,0.391,1,0
CL103360,1360460.0,10818495.0,0.5,3,0.191,96,0.845,0,0,1,0.278,0,0
CL103361,1041662.0,10741644.0,0.1,1,0.153,127,0.413,2,0,-1,0.396,0,0
CL103362,987620.0,3912077.0,9.6,1,0.422,85,0.338,1,0,-2,0.164,0,0
CL103363,1229694.0,4401798.0,2.6,3,0.292,94,0.67,1,0,-1,0.375,0,0
CL103364,1698897.0,8689603.0,3.3,2,0.361,176,0.405,0,0,0,0.156,0,0
CL103365,6430929.0,1396443.0,6.3,3,0.076,111,0.652,0,1,-2,0.264,0,0
CL103366,1861811.0,3184631.0,0.9,4,0.45,167,0.906,1,0,-1,0.286,0,0
CL103367,2646835.0,10169456.0,8.2,1,0.476,101,0.344,0,1,1,0.555,0,0
CL103368,2958641.0,7902110.0,3.1,4,0.503,169,0.797,0,0,-1,0.106,0,0
CL103369,2585767.0,5170524.0,8.0,4,0.527,176,0.387,0,0,0,0.812,0,0
CL103370,2329766.0,1391534.0,14.4,1,0.57,156,0.43,1,0,0,0.643,0,0
CL103371,1332214.0,3855699.0,1.5,3,0.551,2,0.864,2,1,0,0.507,1,0
CL103372,5002577.0,2642033.0,21.4,5,0.429,22,0.55,0,0,1,0.611,0,0
CL103373,5978010.0,5034009.0,6.1,4,0.905,128,0.492,0,1,-2,0.701,0,0
CL103374,1044105.0,2265843.0,20.5,3,0.464,96,0.64,0,0,-2,0.61,0,0
CL103375,1451322.0,1947376.0,1.9,5,0.455,123,0.884,1,1,1,0.52,0,0
CL103376,2105566.0,940902.0,7.4,4,0.734,80,0.376,0,2,-2,0.437,0,1
CL103377,1495141.0,9391009.0,4.1,3,0.47,36,0.521,0,0,0,0.687,1,0
CL103378,3118875.0,3018168.0,11.9,4,0.402,81,0.169,0,0,-1,0.567,0,0
CL103379,1682622.0,4457070.0,7.4,3,0.08,49,0.625,0,0,1,0.442,0,0
CL103380,7149322.0,3986536.0,5.5,2,0.28,3,0.827,0,0,-1,0.464,0,0
CL103381,4391908.0,1891340.0,19.5,2,0.165,23,0.646,1,0,0,0.387,0,0
CL103382,2693325.0,1653913.0,3.8,1,0.27,101,0.27,1,0,1,0.451,0,0
CL103383,4047027.0,1975396.0,2.0,5,0.408,156,0.353,1,0,1,0.279,0,0
CL103384,4209903.0,2406736.0,7.5,4,0.125,109,0.585,1,2,1,0.752,0,1
CL103385,1826708.0,5160915.0,7.8,4,0.125,105,0.685,0,0,-2,0.53,0,0
CL103386,1610236.0,2287563.0,4.6,3,0.165,72,0.952,1,0,-1,0.351,0,0
CL103387,2518242.0,13558761.0,5.3,5,0.427,33,0.468,0,0,-1,0.682,0,0
CL103388,3725897.0,8194762.0,25.7,4,0.211,126,0.939,1,1,-1,0.42,1,0
CL103389,2596124.0,7031086.0,10.6,5,0.413,68,0.642,0,0,-1,0.597,1,1
CL103390,1100749.0,3671970.0,0.9,5,0.671,71,0.884,1,0,-2,0.06,0,0
CL103391,1621055.0,11524624.0,1.9,2,0.429,11,0.63,0,1,-2,0.281,0,0
CL103392,2333812.0,3427686.0,29.7,4,0.117,136,0.504,1,0,-2,0.323,0,0
CL103393,2331838.0,3906362.0,10.4,4,0.222,20,0.932,0,1,-1,0.457,0,0
CL103394,6493233.0,4497275.0,19.7,1,0.212,62,0.483,1,1,-2,0.351,0,0
CL103395,1211059.0,6525813.0,2.9,5,0.34,171,0.722,1,0,-1,0.322,0,0
CL103396,3118288.0,6235914.0,10.8,3,0.263,103,0.922,1,1,-2,0.079,0,0
CL103397,5099008.0,2863091.0,10.0,2,0.275,92,0.683,1,1,-1,0.516,0,0
CL103398,7539941.0,2749431.0,2.8,1,0.565,75,0.893,1,0,0,0.187,0,0
CL103399,1978405.0,6249000.0,6.4,2,0.407,114,0.622,0,0,-2,0.099,0,0
CL103400,3096289.0,6587376.0,7.9,3,0.231,121,0.36,1,0,0,0.281,1,0
CL103401,3219962.0,3031761.0,5.2,1,0.421,7,0.364,1,0,1,0.377,1,1
CL103402,2670405.0,1314502.0,14.0,2,0.698,138,0.53,1,0,-2,0.612,1,0
CL103403,2304968.0,3453431.0,14.3,3,0.262,168,0.725,0,0,0,0.352,1,0
CL103404,3011617.0,6177771.0,15.2,1,0.179,4,0.672,0,0,0,0.447,0,0
CL103405,682745.0,14129732.0,13.0,3,0.355,102,0.788,0,0,0,0.207,1,0
CL103406,3405951.0,1726194.0,5.4,1,0.01,19,0.936,0,1,1,0.683,0,0
CL103407,2579456.0,2962074.0,3.8,4,0.351,110,0.909,0,0,-2,0.485,0,0
CL103408,2166801.0,3040150.0,14.2,4,0.343,166,0.452,0,0,1,0.387,0,0
CL103409,6739061.0,10314526.0,5.4,2,0.32,22,0.608,0,0,-1,0.454,0,0
CL103410,1728100.0,3896312.0,2.3,5,0.057,103,0.346,2,1,-1,0.375,0,1
CL103411,1979712.0,2115647.0,5.7,5,0.589,129,0.855,1,0,-1,0.389,0,0
CL103412,6555249.0,5903682.0,1.2,3,0.393,113,0.573,1,0,1,0.372,0,1
CL103413,1597530.0,3007901.0,9.4,1,0.328,149,0.871,0,1,-2,0.211,0,0
CL103414,1839386.0,1694552.0,3.3,4,0.294,135,0.777,1,0,-1,0.748,0,1
CL103415,2250105.0,2137310.0,2.4,5,0.444,7,0.457,0,0,1,0.385,0,0
CL103416,3687161.0,13441122.0,25.1,4,0.406,77,0.816,1,0,-2,0.641,0,1
CL103417,2686907.0,5224901.0,12.0,3,0.327,23,0.83,0,0,-1,0.237,0,0
CL103418,1268933.0,4305621.0,12.4,3,0.661,90,0.665,0,0,0,0.158,0,0
CL103419,1855966.0,3352022.0,7.8,1,0.497,18,0.552,1,1,1,0.751,0,1
CL103420,1787490.0,4898816.0,14.6,5,0.715,117,0.603,0,0,0,0.28,0,1
CL103421,2330025.0,4858135.0,11.4,3,0.532,71,0.665,0,0,1,0.561,0,0
CL103422,2996399.0,4898885.0,7.3,3,0.476,66,0.536,0,0,0,0.342,0,0
CL103423,2984978.0,4327028.0,26.0,4,0.392,53,0.855,0,1,1,0.371,0,0
CL103424,996490.0,7334933.0,1.7,2,0.448,147,0.562,0,0,1,0.519,0,0
CL103425,4122501.0,4057887.0,23.0,5,0.366,142,0.65,0,0,-2,0.619,0,0
CL103426,2747727.0,2013616.0,4.1,1,0.119,25,0.795,0,1,0,0.457,0,0
CL103427,4839229.0,2600733.0,6.0,1,0.086,33,0.431,1,0,1,0.406,0,0
CL103428,3024025.0,999177.0,1.0,4,0.047,176,0.794,0,0,0,0.639,0,0
CL103429,4200279.0,16498367.0,6.2,1,0.416,39,0.749,1,2,-1,0.414,0,0
CL103430,3058003.0,7303967.0,7.6,3,0.189,122,0.436,1,0,-2,0.386,0,0
CL103431,4747425.0,2233210.0,48.6,5,0.057,112,0.17,0,0,1,0.362,0,0
CL103432,3144374.0,3277884.0,29.6,1,0.027,108,0.345,1,0,-1,0.264,0,1
CL103433,2306040.0,2556594.0,27.1,5,0.261,133,0.155,0,0,0,0.473,0,1
CL103434,7543655.0,11754927.0,3.4,1,0.354,113,0.485,0,0,0,0.412,0,0
CL103435,3777294.0,1477831.0,37.9,2,0.199,149,0.266,0,1,-1,0.243,0,0
CL103436,3226383.0,4325911.0,4.9,2,0.266,59,0.677,0,2,1,0.065,0,0
CL103437,1279331.0,3700692.0,15.3,5,0.127,120,0.883,1,0,-2,0.353,0,0
CL103438,1271676.0,7122626.0,2.0,2,0.672,77,0.425,0,0,-2,0.133,1,1
CL103439,2803440.0,3712416.0,5.6,2,0.524,14,0.746,0,0,-1,0.442,0,0
CL103440,2604524.0,1166191.0,27.1,3,0.62,54,0.907,0,0,-1,0.87,0,0
CL103441,1781451.0,3349151.0,23.5,1,0.332,173,0.887,0,2,-2,0.208,0,0
CL103442,2598621.0,2021775.0,9.2,2,0.525,178,0.569,0,0,0,0.323,1,0
CL103443,5359137.0,4221519.0,12.8,5,0.344,169,0.538,0,0,0,0.35,0,0
CL103444,3428733.0,10896192.0,1.6,3,0.343,92,0.389,1,0,-2,0.505,0,0
CL103445,1368869.0,1181626.0,10.2,2,0.54,127,0.419,0,0,-1,0.562,0,0
CL103446,2290420.0,2280360.0,7.7,5,0.28,129,0.458,2,0,0,0.474,0,1
CL103447,1619320.0,2711778.0,0.8,1,0.038,130,0.944,0,0,1,0.086,0,0
CL103448,1994991.0,3056736.0,1.0,2,0.48,72,0.197,0,0,-2,0.294,0,0
CL103449,1969307.0,6703149.0,0.9,5,0.601,141,0.128,1,1,1,0.249,1,0
CL103450,1907258.0,3536043.0,10.3,5,0.272,147,0.903,0,0,0,0.579,0,0
CL103451,1292944.0,5341740.0,1.2,4,0.125,51,0.475,0,2,1,0.256,0,0
CL103452,2272004.0,2576542.0,5.0,5,0.292,126,0.569,0,1,1,0.482,0,1
CL103453,1829761.0,4690018.0,3.5,4,0.588,2,0.85,0,0,-1,0.853,0,0
CL103454,559767.0,6882265.0,6.4,1,0.424,10,0.63,0,0,0,0.208,0,0
CL103455,6759679.0,2391402.0,9.8,1,0.094,118,0.687,0,1,1,0.478,0,0
CL103456,4173998.0,6899439.0,9.2,3,0.109,30,0.145,0,1,1,0.172,0,0
CL103457,2006394.0,4141882.0,5.8,4,0.101,65,0.369,1,0,-2,0.56,0,0
CL103458,2444643.0,8300466.0,5.0,5,0.46,109,0.792,2,0,-1,0.627,0,0
CL103459,1348054.0,3467714.0,4.1,3,0.233,44,0.628,1,2,-2,0.148,0,0
CL103460,5653930.0,5214070.0,15.8,3,0.159,42,0.71,0,0,-2,0.169,0,0
CL103461,6253453.0,3880892.0,3.2,1,0.303,3,0.39,0,0,0,0.425,0,1
CL103462,2619115.0,3732734.0,2.4,5,0.582,111,0.543,0,0,1,0.283,1,0
CL103463,4040041.0,4786219.0,10.9,4,0.303,158,0.72,0,0,1,0.061,0,0
CL103464,2643577.0,5813918.0,3.6,1,0.221,165,0.098,1,0,-2,0.223,1,0
CL103465,1241260.0,1664948.0,15.0,3,0.03,28,0.579,0,1,-2,0.603,0,0
CL103466,1971072.0,10892048.0,3.2,2,0.321,51,0.175,2,0,1,0.307,0,1
CL103467,2586882.0,1086243.0,9.7,3,0.226,115,0.471,1,0,1,0.668,0,0
CL103468,1929413.0,2472231.0,0.4,2,0.296,125,0.568,1,0,1,0.385,1,0
CL103469,2170946.0,3737815.0,3.9,1,0.199,13,0.295,1,0,1,0.144,1,1
CL103470,2313565.0,5328867.0,3.4,4,0.042,40,0.927,0,1,1,0.464,1,0
CL103471,2325768.0,12034893.0,13.6,5,0.049,154,0.692,0,0,0,0.235,0,0
CL103472,2485860.0,1087287.0,27.3,2,0.185,104,0.683,0,0,0,0.55,0,0
CL103473,1425022.0,2798556.0,4.9,5,0.368,158,0.806,1,1,0,0.328,0,0
CL103474,1692119.0,900960.0,13.9,1,0.176,152,0.41,1,1,1,0.332,0,0
CL103475,1274046.0,4082154.0,9.6,1,0.7,38,0.365,1,0,1,0.192,0,0
CL103476,3948743.0,4829138.0,27.4,1,0.528,105,0.527,1,0,-1,0.206,0,0
CL103477,845072.0,12158718.0,13.3,4,0.215,110,0.53,1,1,0,0.183,1,0
CL103478,4311495.0,4344600.0,0.6,2,0.195,16,0.971,0,1,0,0.296,0,0
CL103479,4843629.0,8292131.0,10.0,5,0.428,110,0.872,0,0,-1,0.276,0,0
CL103480,2082146.0,6008502.0,6.1,3,0.423,55,0.473,0,0,-1,0.172,0,0
CL103481,658969.0,2944137.0,0.1,1,0.109,177,0.272,0,0,0,0.415,1,0
CL103482,2021489.0,1489167.0,2.3,5,0.34,127,0.607,1,0,0,0.192,1,0
CL103483,2345263.0,4840369.0,20.4,5,0.321,80,0.542,1,0,0,0.09,0,0
CL103484,1461101.0,1404973.0,20.8,4,0.309,52,0.657,1,0,-2,0.437,0,0
CL103485,1871762.0,9886146.0,12.8,2,0.468,49,0.753,1,1,0,0.355,1,0
CL103486,5204830.0,3564579.0,32.0,4,0.152,48,0.731,0,0,0,0.227,0,0
CL103487,3376883.0,9217590.0,13.1,4,0.162,74,0.838,1,1,0,0.394,0,0
CL103488,1525325.0,2852909.0,0.1,5,0.504,82,0.566,0,0,-1,0.38,1,0
CL103489,1089468.0,4819571.0,2.7,2,0.476,38,0.239,0,0,-2,0.282,0,0
CL103490,2056449.0,4622953.0,0.2,2,0.368,17,0.518,0,1,0,0.399,0,0
CL103491,2176594.0,3868855.0,0.8,2,0.621,41,0.768,1,0,0,0.467,0,1
CL103492,3103682.0,2949477.0,2.0,1,0.493,54,0.363,1,0,0,0.131,0,1
CL103493,1853047.0,5255151.0,5.6,2,0.145,40,0.552,0,0,-1,0.202,0,0
CL103494,3127516.0,2087934.0,15.0,5,0.307,31,0.798,1,0,0,0.497,0,0
CL103495,6372975.0,1712381.0,15.8,1,0.193,90,0.55,1,1,0,0.399,0,0
CL103496,3640933.0,9530224.0,7.7,3,0.108,154,0.856,0,0,1,0.525,0,0
CL103497,2364213.0,6642624.0,21.1,4,0.402,76,0.748,1,0,1,0.086,0,0
CL103498,2209827.0,4181264.0,5.5,2,0.355,146,0.521,0,0,-1,0.3,1,0
CL103499,2026181.0,12808245.0,17.6,3,0.182,35,0.593,0,1,-1,0.116,0,0
CL103500,4370205.0,3310349.0,4.8,2,0.045,123,0.952,1,0,-1,0.225,0,0
CL103501,1769740.0,10078271.0,2.6,4,0.272,120,0.572,1,0,-1,0.217,0,0
CL103502,2477130.0,4514937.0,19.9,5,0.201,56,0.693,0,1,-1,0.098,0,0
CL103503,2484542.0,1948703.0,3.9,5,0.519,117,0.616,0,1,1,0.651,0,0
CL103504,1884377.0,14557664.0,5.6,4,0.37,30,0.83,0,0,1,0.135,0,0
CL103505,1219275.0,7988372.0,3.2,3,0.374,173,0.23,1,0,-1,0.377,0,0
CL103506,2846177.0,3668470.0,8.7,1,0.25,75,0.693,1,1,-1,0.472,0,0
CL103507,2348995.0,6642639.0,42.4,1,0.414,52,0.406,0,0,1,0.171,0,0
CL103508,3109959.0,3009870.0,0.2,2,0.378,55,0.524,0,0,1,0.102,0,0
CL103509,1854638.0,7134155.0,18.4,4,0.329,138,0.815,1,0,1,0.151,0,0
CL103510,4458891.0,748813.0,0.0,4,0.321,34,0.699,0,0,1,0.27,0,0
CL103511,1562212.0,1955466.0,3.6,1,0.435,159,0.265,1,0,-1,0.39,0,0
CL103512,5700247.0,7924595.0,1.5,3,0.624,178,0.759,1,0,1,0.615,0,0
CL103513,1010728.0,3352581.0,11.3,4,0.612,156,0.487,1,0,-1,0.522,1,0
CL103514,3009803.0,4617110.0,0.4,5,0.231,107,0.969,0,0,0,0.518,0,0
CL103515,3071619.0,1555410.0,6.5,5,0.304,37,0.879,0,0,1,0.25,0,0
CL103516,1626956.0,14555899.0,2.8,4,0.178,160,0.229,0,0,-2,0.294,0,0
CL103517,2994228.0,9187650.0,1.1,3,0.201,35,0.475,0,0,0,0.765,1,0
CL103518,4591693.0,3469498.0,11.8,5,0.591,85,0.806,2,0,1,0.432,0,0
CL103519,799379.0,3007780.0,2.0,3,0.292,32,0.704,0,1,-1,0.544,0,0
CL103520,3113856.0,8208847.0,2.0,1,0.426,8,0.696,0,0,1,0.387,0,0
CL103521,696181.0,15994082.0,2.6,2,0.363,163,0.723,0,1,0,0.382,0,0
CL103522,1494299.0,7784399.0,7.1,1,0.466,23,0.196,0,0,-1,0.249,0,0
CL103523,5468873.0,18260702.0,8.6,2,0.499,93,0.712,1,0,1,0.074,0,0
CL103524,1810492.0,2093513.0,0.1,5,0.291,166,0.782,0,0,1,0.357,0,0
CL103525,1346555.0,2249974.0,2.2,2,0.522,19,0.506,0,2,1,0.356,1,0
CL103526,2193549.0,1737124.0,4.5,2,0.361,45,0.419,0,0,1,0.348,0,0
CL103527,6810344.0,5439689.0,3.2,4,0.356,36,0.784,1,0,-2,0.398,0,0
CL103528,969135.0,4515030.0,17.2,2,0.366,177,0.213,0,0,-2,0.366,0,0
CL103529,1431660.0,3589898.0,12.4,4,0.696,56,0.698,1,0,1,0.258,0,0
CL103530,5120260.0,7035512.0,7.9,2,0.669,64,0.483,0,0,-1,0.302,0,0
CL103531,6130894.0,9460445.0,3.3,4,0.08,62,0.883,0,0,-1,0.423,0,0
CL103532,2299689.0,1372352.0,9.6,5,0.422,59,0.63,0,0,0,0.377,0,0
CL103533,1303383.0,2629014.0,14.8,5,0.543,1,0.129,1,0,0,0.301,0,0
CL103534,6906142.0,7089324.0,7.2,2,0.165,97,0.519,1,0,-1,0.242,0,0
CL103535,5374742.0,2877933.0,12.3,3,0.214,77,0.617,2,1,-2,0.367,0,0
CL103536,3400638.0,2283582.0,11.1,5,0.382,5,0.748,1,0,0,0.331,0,0
CL103537,1613310.0,8145500.0,6.8,1,0.076,147,0.561,0,1,0,0.195,0,0
CL103538,2363101.0,1619050.0,3.0,1,0.284,58,0.913,0,1,-2,0.415,0,1
CL103539,2235152.0,3232913.0,11.0,4,0.379,57,0.846,1,0,-2,0.286,0,0
CL103540,2857408.0,5025577.0,1.9,3,0.162,170,0.894,0,0,0,0.07,0,0
CL103541,5002762.0,2671969.0,12.1,4,0.033,73,0.577,0,0,-1,0.27,0,0
CL103542,3759169.0,6908126.0,13.1,2,0.428,134,0.364,2,0,-2,0.336,1,1
CL103543,1413122.0,2681230.0,13.8,5,0.361,85,0.537,0,0,0,0.713,0,0
CL103544,4819825.0,10702989.0,5.1,3,0.526,22,0.785,1,0,-1,0.508,0,0
CL103545,2832205.0,3656356.0,1.7,4,0.185,53,0.433,0,0,-1,0.28,0,0
CL103546,3414470.0,6387727.0,0.8,4,0.331,57,0.604,0,1,-1,0.675,0,0
CL103547,5041783.0,6730882.0,10.9,1,0.249,126,0.386,1,0,1,0.45,0,0
CL103548,1389160.0,2573357.0,17.4,2,0.182,103,0.306,0,1,0,0.159,1,1
CL103549,2378754.0,948426.0,8.4,4,0.563,112,0.521,1,0,1,0.507,0,0
CL103550,1856628.0,5139822.0,1.2,1,0.709,51,0.734,0,0,1,0.274,0,0
CL103551,1105790.0,4200028.0,21.9,3,0.462,5,0.825,0,1,0,0.517,0,0
CL103552,2880156.0,5891836.0,36.2,4,0.148,150,0.47,1,0,1,0.149,0,0
CL103553,8501713.0,3407300.0,4.5,1,0.325,114,0.817,1,1,-2,0.573,0,1
CL103554,965075.0,2954088.0,7.2,2,0.074,135,0.5,0,0,-2,0.07,0,0
CL103555,2382974.0,16287868.0,12.0,5,0.193,64,0.833,1,0,-1,0.241,0,0
CL103556,3335961.0,1424530.0,10.7,3,0.228,26,0.66,0,0,-1,0.465,0,0
CL103557,2575461.0,6674236.0,27.5,4,0.097,25,0.47,0,0,0,0.543,1,0
CL103558,2288566.0,2670506.0,1.0,1,0.4,69,0.761,1,0,0,0.551,0,0
CL103559,1264759.0,3156439.0,7.0,4,0.275,160,0.524,0,0,-2,0.343,1,0
CL103560,2720683.0,3197974.0,9.4,5,0.358,8,0.615,0,1,-2,0.479,0,0
CL103561,1658822.0,2275240.0,17.7,4,0.462,9,0.599,0,1,0,0.211,0,0
CL103562,810202.0,5955686.0,16.6,4,0.477,54,0.55,0,1,-1,0.192,1,1
CL103563,4400797.0,10569156.0,30.5,1,0.179,20,0.348,0,1,1,0.333,0,0
CL103564,3910567.0,5548341.0,5.7,5,0.297,172,0.506,1,0,-1,0.385,0,1
CL103565,2485117.0,4292446.0,14.2,3,0.311,169,0.312,0,0,-2,0.189,1,0
CL103566,2715638.0,2001669.0,4.5,1,0.337,170,0.498,0,0,-2,0.808,0,1
CL103567,4143946.0,5733162.0,4.4,5,0.443,139,0.882,0,0,-1,0.254,0,0
CL103568,2709216.0,18064238.0,2.3,5,0.511,112,0.831,0,0,0,0.787,0,0
CL103569,3805693.0,3058740.0,13.6,4,0.641,127,0.572,0,0,-1,0.289,0,0
CL103570,2087043.0,3068844.0,34.0,2,0.365,171,0.21,0,0,-1,0.191,0,0
CL103571,4666836.0,2695886.0,2.4,2,0.366,136,0.645,0,0,-1,0.186,0,0
CL103572,2843064.0,2834596.0,0.5,3,0.224,174,0.837,0,0,-2,0.349,0,1
CL103573,2668497.0,584370.0,13.5,4,0.566,34,0.96,1,0,-1,0.211,0,0
CL103574,1283331.0,5301629.0,7.7,2,0.141,68,0.756,0,0,-1,0.454,0,0
CL103575,2795378.0,2209139.0,25.7,1,0.282,143,0.753,1,1,-1,0.518,0,0
CL103576,1597615.0,1293440.0,2.3,3,0.246,146,0.862,0,0,-1,0.376,0,0
CL103577,1760060.0,6764730.0,0.6,4,0.344,139,0.095,0,0,0,0.611,0,0
CL103578,1610914.0,1872130.0,5.4,1,0.346,147,0.165,0,1,1,0.498,1,0
CL103579,1421016.0,3150059.0,0.7,2,0.043,73,0.715,0,0,0,0.295,1,0
CL103580,7006758.0,11145091.0,2.4,2,0.055,25,0.851,0,0,1,0.419,0,0
CL103581,4712219.0,1488901.0,1.1,2,0.365,150,0.561,0,1,-2,0.409,0,0
CL103582,6326032.0,1365705.0,2.0,2,0.603,165,0.785,1,1,1,0.445,0,0
CL103583,1313955.0,4821108.0,0.9,5,0.4,138,0.721,2,1,-1,0.405,0,0
CL103584,2509582.0,8927448.0,24.6,3,0.163,81,0.419,0,1,0,0.049,0,0
CL103585,1268374.0,1326376.0,2.6,3,0.435,52,0.679,0,1,-2,0.172,1,0
CL103586,1710254.0,5311489.0,4.7,2,0.631,77,0.441,0,0,-1,0.175,0,0
CL103587,1530242.0,5996579.0,18.3,3,0.154,68,0.732,1,1,-1,0.215,0,1
CL103588,4500918.0,944667.0,9.0,1,0.063,28,0.814,1,1,-1,0.403,0,1
CL103589,1986501.0,6982733.0,7.7,1,0.268,158,0.874,1,0,-1,0.21,1,1
CL103590,4131659.0,7375130.0,9.8,3,0.18,174,0.807,1,0,1,0.373,0,0
CL103591,3275760.0,3209899.0,14.1,2,0.254,168,0.246,0,0,0,0.284,0,0
CL103592,7662274.0,9593942.0,16.8,4,0.443,149,0.916,0,0,0,0.323,0,0
CL103593,1155771.0,8846380.0,8.2,2,0.267,143,0.746,0,0,-1,0.627,0,0
CL103594,4545356.0,4291653.0,17.7,5,0.559,131,0.571,1,0,-1,0.617,0,0
CL103595,4296110.0,2910945.0,6.1,4,0.085,81,0.67,0,0,-2,0.21,1,0
CL103596,1488546.0,2020833.0,2.6,5,0.458,97,0.529,1,0,0,0.618,1,0
CL103597,4007053.0,3889167.0,17.0,3,0.306,8,0.91,0,0,1,0.345,0,0
CL103598,2864982.0,5949580.0,6.2,5,0.507,137,0.73,0,0,-1,0.732,0,0
CL103599,2161390.0,3182177.0,18.9,3,0.322,122,0.572,0,0,-2,0.397,0,1
CL103600,1604034.0,857477.0,0.3,5,0.232,90,0.321,0,0,-2,0.407,0,0
CL103601,1690348.0,9704495.0,4.1,4,0.517,130,0.547,1,0,-1,0.633,0,0
CL103602,6749008.0,4561473.0,23.6,5,0.326,165,0.192,0,0,0,0.064,0,0
CL103603,2422575.0,3061033.0,2.3,2,0.47,140,0.62,0,0,1,0.218,1,0
CL103604,3580686.0,7275411.0,22.7,3,0.737,19,0.609,0,0,1,0.773,1,0
CL103605,1630750.0,11608487.0,24.6,1,0.368,27,0.657,1,1,-2,0.114,0,0
CL103606,1639781.0,561666.0,17.1,5,0.074,152,0.358,0,0,-2,0.755,1,0
CL103607,4159862.0,5411217.0,6.6,3,0.123,16,0.941,0,0,-2,0.474,0,0
CL103608,1233310.0,1470842.0,8.3,1,0.268,2,0.735,0,0,-2,0.247,0,0
CL103609,1967734.0,5662507.0,16.3,3,0.366,149,0.492,0,1,-2,0.543,0,0
CL103610,2463303.0,4366835.0,12.0,3,0.36,10,0.695,0,0,1,0.658,0,0
CL103611,2560431.0,6230758.0,8.0,1,0.346,106,0.581,0,0,1,0.361,0,0
CL103612,2214314.0,2815152.0,32.3,1,0.011,17,0.275,0,0,-1,0.106,0,1
CL103613,2951753.0,1075969.0,9.3,4,0.602,7,0.839,0,0,-2,0.323,0,0
CL103614,3424369.0,2913140.0,29.7,5,0.537,46,0.868,0,0,0,0.336,0,1
CL103615,3496660.0,5308359.0,0.5,5,0.161,178,0.848,0,0,0,0.394,0,0
CL103616,1479327.0,8127587.0,1.2,3,0.454,10,0.776,0,1,1,0.36,0,0
CL103617,2100997.0,1758054.0,4.8,2,0.223,16,0.804,0,1,-2,0.472,0,0
CL103618,4401172.0,8194242.0,3.9,2,0.175,1,0.477,0,1,-2,0.338,0,1
CL103619,3787905.0,2536991.0,12.2,3,0.379,137,0.733,1,0,-2,0.076,0,0
CL103620,1219035.0,5145921.0,1.4,4,0.472,13,0.631,0,0,-1,0.434,0,0
CL103621,2887033.0,2794250.0,29.9,1,0.235,176,0.906,0,0,-2,0.625,0,0
CL103622,900664.0,4535834.0,3.0,3,0.273,144,0.57,1,0,1,0.295,0,0
CL103623,2479252.0,7454395.0,4.5,5,0.281,169,0.638,0,1,-1,0.357,0,0
CL103624,6254949.0,1691439.0,2.6,2,0.483,30,0.219,0,0,1,0.602,0,0
CL103625,1507636.0,2480736.0,6.9,2,0.381,72,0.86,1,0,1,0.088,0,0
CL103626,1595725.0,4544707.0,0.5,2,0.514,11,0.93,0,1,1,0.574,0,0
CL103627,3548427.0,21447284.0,1.3,4,0.387,113,0.472,0,1,1,0.115,0,0
CL103628,1119731.0,2182032.0,11.0,5,0.388,75,0.47,1,0,1,0.24,0,0
CL103629,1764932.0,16652880.0,1.7,4,0.351,48,0.38,1,2,-2,0.176,1,0
CL103630,3263206.0,16241761.0,2.1,1,0.252,7,0.486,0,0,-1,0.629,0,0
CL103631,1763581.0,3729863.0,12.6,3,0.674,1,0.337,0,0,1,0.266,1,0
CL103632,2152230.0,3240678.0,0.8,3,0.382,87,0.798,1,0,-1,0.211,0,0
CL103633,3513393.0,2459711.0,4.6,2,0.315,32,0.827,1,0,-2,0.519,0,0
CL103634,2989967.0,3806643.0,0.2,2,0.796,62,0.92,0,0,-2,0.931,0,0
CL103635,2767373.0,1491505.0,3.4,1,0.248,143,0.665,0,0,-2,0.512,0,0
CL103636,2044040.0,3785289.0,9.6,4,0.192,92,0.906,0,0,-2,0.429,0,0
CL103637,2913980.0,11385102.0,0.8,5,0.088,78,0.673,0,0,1,0.269,0,0
CL103638,2276463.0,2603170.0,17.5,1,0.38,77,0.25,0,3,-1,0.36,0,0
CL103639,3044669.0,3373607.0,19.2,3,0.362,34,0.8,0,1,-2,0.223,0,0
CL103640,1888954.0,1213721.0,0.9,3,0.368,148,0.297,0,0,0,0.542,0,0
CL103641,2210470.0,5187920.0,37.4,4,0.256,118,0.772,1,0,0,0.402,0,0
CL103642,1476258.0,4804854.0,2.8,1,0.094,24,0.436,0,0,1,0.322,0,0
CL103643,2379727.0,4174861.0,0.7,5,0.511,28,0.428,1,0,-2,0.068,0,0
CL103644,1614441.0,3430515.0,0.0,1,0.516,11,0.413,0,0,-1,0.245,1,0
CL103645,1387448.0,3252939.0,4.2,1,0.251,158,0.691,1,1,0,0.515,0,0
CL103646,2756109.0,5673576.0,7.9,4,0.751,38,0.891,0,0,1,0.651,0,0
CL103647,2693548.0,3913053.0,3.2,5,0.311,129,0.719,1,0,-1,0.671,1,0
CL103648,3582018.0,4977709.0,14.5,3,0.237,121,0.494,0,2,1,0.431,0,0
CL103649,1952141.0,4641221.0,10.1,2,0.185,161,0.511,1,0,1,0.337,1,0
CL103650,2969863.0,8766070.0,3.4,5,0.23,109,0.458,0,1,-2,0.126,1,1
CL103651,3189577.0,6413373.0,10.6,3,0.084,65,0.615,1,0,1,0.49,0,0
CL103652,3024895.0,4569906.0,22.6,4,0.076,172,0.327,1,0,1,0.666,0,0
CL103653,1602657.0,11558081.0,0.8,5,0.048,64,0.607,0,1,-2,0.297,0,0
CL103654,2609533.0,5358464.0,2.9,5,0.11,9,0.36,0,0,-2,0.17,0,0
CL103655,2905367.0,9953889.0,5.0,3,0.216,32,0.501,1,2,0,0.672,0,0
CL103656,2430455.0,6106472.0,5.5,3,0.086,54,0.559,0,0,1,0.293,0,0
CL103657,853210.0,1099820.0,6.3,1,0.197,125,0.821,0,0,-2,0.375,0,1
CL103658,2624090.0,9952998.0,2.9,1,0.351,26,0.353,1,0,-1,0.468,0,1
CL103659,7321059.0,4389050.0,8.8,5,0.422,62,0.676,0,0,-1,0.44,0,0
CL103660,2022774.0,3850185.0,8.3,2,0.709,109,0.576,0,0,-1,0.398,0,1
CL103661,1682786.0,4861919.0,6.9,4,0.373,170,0.136,1,1,1,0.574,0,0
CL103662,2918774.0,3136167.0,1.0,3,0.286,176,0.619,0,0,-2,0.023,0,0
CL103663,2831137.0,4680522.0,5.2,1,0.272,134,0.483,0,0,-1,0.358,1,0
CL103664,4396712.0,2638409.0,3.5,4,0.394,118,0.888,0,1,0,0.152,0,0
CL103665,1291178.0,9742327.0,5.4,5,0.331,30,0.63,0,0,0,0.596,0,0
CL103666,3490970.0,3687607.0,20.4,3,0.816,151,0.807,1,0,-1,0.439,0,0
CL103667,3253400.0,3054698.0,5.2,3,0.302,103,0.584,2,0,0,0.321,0,0
CL103668,2255600.0,2089744.0,0.1,1,0.602,25,0.307,0,1,-1,0.474,1,0
CL103669,2868626.0,4819318.0,4.6,2,0.078,141,0.953,0,0,0,0.885,0,0
CL103670,4052031.0,4551534.0,13.7,3,0.321,153,0.399,1,0,1,0.501,0,0
CL103671,3745845.0,5240342.0,12.1,2,0.46,17,0.846,0,0,0,0.573,0,0
CL103672,1367494.0,1945294.0,5.8,4,0.42,108,0.213,0,0,-2,0.323,0,1
CL103673,3649421.0,1301689.0,2.3,3,0.164,27,0.772,1,0,-1,0.287,0,1
CL103674,2344671.0,6186709.0,5.0,3,0.225,139,0.63,1,1,1,0.256,0,0
CL103675,2511616.0,11287983.0,6.6,2,0.367,134,0.65,0,3,-1,0.524,1,1
CL103676,2512022.0,1946518.0,71.7,1,0.369,79,0.635,2,0,0,0.43,1,0
CL103677,2246488.0,12147196.0,8.3,5,0.264,37,0.734,0,1,0,0.353,0,0
CL103678,4394454.0,4870649.0,9.5,4,0.841,112,0.894,0,0,1,0.416,0,0
CL103679,2322468.0,3973095.0,5.4,3,0.383,106,0.541,1,0,-2,0.162,1,0
CL103680,1383638.0,3022866.0,3.5,1,0.039,120,0.305,0,2,-1,0.231,0,1
CL103681,1989184.0,1514866.0,13.4,3,0.304,165,0.793,0,0,-2,0.038,0,0
CL103682,2648085.0,7971713.0,5.5,4,0.21,59,0.56,0,0,0,0.38,0,0
CL103683,4477643.0,2319995.0,41.9,5,0.465,10,0.388,0,0,0,0.161,0,0
CL103684,3274080.0,2313184.0,4.9,3,0.434,1,0.289,2,1,-2,0.738,0,0
CL103685,1582842.0,7995172.0,0.6,2,0.646,52,0.613,0,0,0,0.246,0,1
CL103686,8390368.0,1068655.0,9.2,1,0.169,146,0.782,0,0,1,0.424,0,0
CL103687,2764548.0,1374336.0,0.4,5,0.401,87,0.437,0,1,0,0.573,0,0
CL103688,4582226.0,3942423.0,2.3,3,0.417,5,0.819,1,0,1,0.597,0,0
CL103689,2244835.0,4902712.0,3.5,5,0.191,128,0.458,1,0,-1,0.446,1,0
CL103690,3161887.0,5605811.0,10.8,2,0.681,102,0.601,0,1,0,0.307,0,0
CL103691,3684827.0,3232418.0,5.5,3,0.409,118,0.208,0,0,-1,0.746,0,0
CL103692,4453039.0,23470591.0,0.2,5,0.239,117,0.914,1,0,0,0.777,0,1
CL103693,4108975.0,3404046.0,7.7,3,0.62,103,0.155,0,0,-1,0.369,1,0
CL103694,3745623.0,3397158.0,4.2,3,0.418,93,0.307,0,0,1,0.325,0,0
CL103695,2068753.0,2285532.0,20.4,5,0.156,48,0.842,0,0,1,0.421,0,0
CL103696,1819599.0,4354563.0,5.5,3,0.301,33,0.778,0,1,1,0.117,0,0
CL103697,2859919.0,6140845.0,9.9,2,0.192,103,0.662,0,1,0,0.651,0,0
CL103698,3861491.0,9271953.0,2.0,5,0.164,25,0.801,1,0,-1,0.108,1,0
CL103699,2166535.0,1407747.0,11.4,5,0.273,44,0.766,0,0,1,0.144,1,0
CL103700,4125039.0,3361182.0,10.2,2,0.106,91,0.578,1,2,-1,0.505,1,0
CL103701,5006804.0,5458543.0,18.8,2,0.606,121,0.327,0,0,-1,0.347,0,0
CL103702,1531625.0,6022062.0,0.3,2,0.021,111,0.881,0,0,1,0.414,0,0
CL103703,1593653.0,4011132.0,4.7,3,0.388,66,0.6,0,0,1,0.607,0,0
CL103704,2257599.0,5836821.0,9.1,3,0.424,128,0.607,0,0,-1,0.416,0,0
CL103705,2824400.0,2266450.0,0.8,4,0.513,153,0.277,0,1,1,0.15,0,0
CL103706,1863033.0,11881983.0,4.2,3,0.513,173,0.532,0,0,-2,0.823,0,0
CL103707,4761633.0,7999101.0,22.8,2,0.657,23,0.765,0,1,-1,0.157,0,0
CL103708,2993738.0,1557435.0,4.6,4,0.319,100,0.78,1,0,0,0.201,1,0
CL103709,2469987.0,1881214.0,33.8,2,0.322,169,0.834,0,0,-2,0.477,1,0
CL103710,1181204.0,1918693.0,0.5,1,0.231,87,0.608,2,0,0,0.486,1,0
CL103711,1254305.0,6417755.0,10.1,5,0.149,120,0.367,0,0,1,0.359,0,0
CL103712,2787079.0,1624467.0,7.0,1,0.319,161,0.77,0,0,1,0.016,0,0
CL103713,833761.0,3166961.0,5.6,2,0.411,121,0.5,0,1,1,0.433,1,0
CL103714,4018096.0,5489200.0,28.3,3,0.335,28,0.851,1,0,0,0.302,0,0
CL103715,2237619.0,3812074.0,1.1,5,0.073,8,0.516,0,0,-2,0.214,0,0
CL103716,12256249.0,4786075.0,18.1,3,0.286,157,0.708,0,1,-1,0.219,0,0
CL103717,7678679.0,1893501.0,9.4,3,0.367,112,0.617,0,0,-2,0.462,0,0
CL103718,2211708.0,6055019.0,2.4,5,0.204,143,0.749,0,0,0,0.3,1,0
CL103719,2296350.0,2599297.0,18.6,5,0.543,15,0.331,1,1,1,0.473,1,0
CL103720,3983976.0,3181191.0,4.5,1,0.566,37,0.509,1,0,-2,0.209,0,1
CL103721,5675029.0,4715720.0,13.5,2,0.55,147,0.191,0,0,-1,0.034,0,0
CL103722,1067666.0,4291534.0,3.9,3,0.243,107,0.196,1,0,-1,0.474,0,0
CL103723,991339.0,4060375.0,15.2,2,0.408,179,0.532,1,0,-2,0.288,0,0
CL103724,1774417.0,2360918.0,8.1,2,0.313,120,0.616,1,0,1,0.615,0,1
CL103725,3240923.0,3237511.0,1.2,4,0.068,85,0.433,1,1,0,0.664,0,0
CL103726,3104728.0,3998895.0,8.4,1,0.165,163,0.357,1,1,-1,0.705,0,0
CL103727,4134536.0,1524901.0,1.7,3,0.424,118,0.701,0,0,-1,0.151,0,0
CL103728,1329284.0,2888439.0,4.2,5,0.319,92,0.638,0,0,0,0.067,0,0
CL103729,760650.0,5237610.0,1.5,5,0.474,36,0.321,1,0,-2,0.778,0,0
CL103730,3719155.0,1632780.0,0.2,2,0.11,80,0.429,0,1,1,0.811,0,1
CL103731,1600620.0,8971892.0,1.9,1,0.289,12,0.229,0,0,1,0.689,0,1
CL103732,882714.0,9710606.0,6.1,1,0.363,28,0.588,0,0,-1,0.434,1,0
CL103733,2603929.0,1670101.0,5.3,3,0.458,33,0.842,2,0,1,0.29,0,0
CL103734,3600516.0,10327634.0,5.6,3,0.506,75,0.551,0,0,0,0.715,0,0
CL103735,2278371.0,3610991.0,2.3,2,0.239,79,0.527,0,0,-2,0.762,1,0
CL103736,1926231.0,5351889.0,9.2,2,0.242,79,0.969,0,0,1,0.265,0,0
CL103737,2236268.0,2820273.0,9.7,2,0.084,50,0.818,1,0,0,0.738,0,1
CL103738,2012138.0,7618815.0,3.5,4,0.357,29,0.715,0,0,1,0.548,0,0
CL103739,1234253.0,5305560.0,17.0,1,0.071,58,0.331,0,0,0,0.674,0,0
CL103740,1694096.0,2258232.0,8.3,2,0.256,26,0.429,1,1,0,0.563,0,0
CL103741,3142848.0,1766231.0,10.0,1,0.15,23,0.716,0,0,1,0.569,0,0
CL103742,2844333.0,1436598.0,2.6,5,0.264,17,0.661,1,0,1,0.192,0,0
CL103743,2634041.0,4554195.0,0.0,5,0.514,133,0.81,0,0,-2,0.19,0,0
CL103744,1472432.0,5960888.0,16.0,1,0.097,59,0.603,1,0,-2,0.259,0,0
CL103745,2211648.0,6297580.0,13.8,5,0.429,144,0.67,0,0,0,0.142,0,0
CL103746,815427.0,3676285.0,1.1,5,0.143,103,0.463,2,0,1,0.307,0,0
CL103747,2647796.0,1776405.0,3.7,5,0.562,94,0.8,1,0,1,0.503,0,0
CL103748,4947678.0,2476973.0,8.7,3,0.369,149,0.578,0,0,1,0.467,0,0
CL103749,1158844.0,8945347.0,8.4,3,0.351,5,0.568,1,0,-2,0.752,1,0
CL103750,1806743.0,2844108.0,15.7,1,0.107,26,0.833,0,0,0,0.213,0,0
CL103751,2854917.0,4414444.0,1.2,1,0.018,171,0.585,0,1,1,0.135,0,0
CL103752,4530855.0,1880493.0,4.5,4,0.264,112,0.753,1,0,1,0.396,0,0
CL103753,1935522.0,5053583.0,0.8,3,0.553,126,0.499,0,0,-2,0.243,1,1
CL103754,1713202.0,2898259.0,3.9,1,0.234,86,0.648,0,1,0,0.714,0,0
CL103755,904863.0,8307746.0,0.1,3,0.202,109,0.825,0,0,1,0.482,0,0
CL103756,2550294.0,6861869.0,18.3,4,0.18,2,0.549,0,2,-1,0.417,0,1
CL103757,6722953.0,2822139.0,6.0,1,0.514,44,0.697,1,0,1,0.138,0,1
CL103758,2781996.0,3654008.0,15.2,1,0.156,106,0.686,1,0,0,0.127,0,0
CL103759,2394920.0,2714772.0,0.5,1,0.428,154,0.596,0,0,-2,0.717,0,0
CL103760,2844908.0,1478290.0,2.1,1,0.368,109,0.701,0,0,1,0.406,0,0
CL103761,2408354.0,2190828.0,2.4,2,0.538,44,0.481,1,0,-1,0.297,0,0
CL103762,1612817.0,4587070.0,3.9,3,0.456,147,0.379,0,0,-1,0.124,0,0
CL103763,3655122.0,5013685.0,13.0,3,0.208,49,0.723,0,0,1,0.275,0,0
CL103764,2711143.0,4430325.0,3.9,3,0.337,91,0.679,0,0,0,0.484,0,0
CL103765,2443169.0,3232566.0,1.8,4,0.56,81,0.63,2,0,1,0.824,1,0
CL103766,1487068.0,7672451.0,0.5,2,0.419,134,0.382,1,0,-1,0.527,0,0
CL103767,4647100.0,4174392.0,0.7,3,0.453,151,0.25,0,0,-1,0.05,0,0
CL103768,3376504.0,6532352.0,11.4,3,0.483,82,0.319,0,0,1,0.581,0,0
CL103769,1836808.0,1153553.0,4.7,1,0.446,43,0.763,2,0,0,0.634,0,0
CL103770,3996432.0,256355.0,10.4,1,0.182,44,0.554,0,0,-1,0.261,0,0
CL103771,1888351.0,4870230.0,9.2,1,0.653,66,0.846,1,0,0,0.471,0,1
CL103772,1638019.0,1472783.0,1.2,3,0.229,45,0.578,0,0,-1,0.423,0,0
CL103773,1656386.0,3441038.0,1.2,1,0.196,19,0.727,2,0,-2,0.501,0,0
CL103774,998956.0,3231743.0,11.3,3,0.397,4,0.718,0,0,0,0.279,0,0
CL103775,3065653.0,12129856.0,10.2,4,0.452,97,0.511,0,1,-2,0.44,0,0
CL103776,969395.0,5282963.0,3.8,4,0.471,98,0.807,0,2,1,0.641,0,0
CL103777,1310315.0,4484337.0,0.6,5,0.183,96,0.587,0,1,-2,0.481,0,0
CL103778,857868.0,7173425.0,0.1,2,0.551,137,0.772,1,0,0,0.332,1,1
CL103779,2319739.0,5167752.0,2.7,1,0.364,101,0.763,0,0,1,0.16,0,0
CL103780,2246401.0,2898274.0,0.1,1,0.093,48,0.735,0,0,-1,0.536,1,0
CL103781,2056779.0,8453010.0,2.1,2,0.41,164,0.354,0,0,0,0.188,0,0
CL103782,1437924.0,1836138.0,4.4,2,0.671,18,0.601,0,0,1,0.15,1,0
CL103783,1347664.0,5006627.0,1.0,5,0.448,40,0.605,1,0,-1,0.466,0,1
CL103784,3054679.0,1351467.0,0.9,2,0.785,65,0.576,0,0,0,0.594,1,0
CL103785,1838984.0,4605495.0,18.1,3,0.142,152,0.43,0,0,0,0.526,1,0
CL103786,2836777.0,4570315.0,7.0,1,0.145,114,0.577,0,0,1,0.353,1,0
CL103787,1555606.0,12910074.0,21.8,2,0.419,170,0.476,0,0,-2,0.579,1,0
CL103788,2651222.0,1335102.0,3.4,3,0.306,53,0.442,0,0,1,0.092,1,0
CL103789,4646566.0,2621819.0,9.0,2,0.601,62,0.738,0,0,0,0.463,0,0
CL103790,3246483.0,7101934.0,1.8,3,0.238,126,0.463,1,1,1,0.76,0,0
CL103791,1970491.0,5049108.0,7.7,4,0.278,114,0.64,0,0,1,0.395,1,0
CL103792,2754095.0,4529914.0,1.1,3,0.437,163,0.713,0,0,1,0.461,0,0
CL103793,2147183.0,2044584.0,0.0,5,0.025,61,0.568,0,0,1,0.272,0,0
CL103794,2431308.0,2640364.0,21.5,3,0.756,140,0.803,0,0,-2,0.27,0,0
CL103795,2057896.0,9545007.0,6.5,2,0.204,49,0.433,0,0,1,0.274,0,0
CL103796,2230714.0,3851386.0,20.9,4,0.306,150,0.906,0,1,-2,0.396,0,0
CL103797,2692678.0,5192635.0,3.2,4,0.254,90,0.433,0,2,1,0.308,1,0
CL103798,1473750.0,3683479.0,3.2,3,0.183,68,0.592,0,1,-2,0.213,0,0
CL103799,1457248.0,1744259.0,4.1,2,0.487,71,0.76,0,0,1,0.803,0,0
CL103800,1209513.0,7676446.0,9.8,4,0.607,151,0.693,0,0,-2,0.31,0,0
CL103801,1088014.0,5678869.0,6.7,3,0.374,95,0.719,0,1,0,0.476,0,0
CL103802,1317648.0,20054132.0,20.8,3,0.212,135,0.253,0,1,1,0.4,0,0
CL103803,2622743.0,1961251.0,0.2,3,0.395,126,0.669,0,0,-2,0.386,0,0
CL103804,1549753.0,7101390.0,9.9,4,0.552,22,0.678,0,0,-1,0.376,1,1
CL103805,3130825.0,1594258.0,3.2,1,0.211,103,0.381,1,1,-1,0.752,0,1
CL103806,2464149.0,4457696.0,1.6,2,0.179,40,0.256,1,0,-2,0.23,1,0
CL103807,905052.0,7909338.0,5.7,5,0.258,147,0.641,0,0,-1,0.25,0,0
CL103808,3360122.0,936126.0,5.6,5,0.352,53,0.723,1,0,-1,0.568,0,0
CL103809,3632382.0,3459198.0,1.2,2,0.54,30,0.703,1,1,-1,0.622,0,0
CL103810,1473379.0,2691888.0,1.8,1,0.504,154,0.24,0,0,-2,0.072,0,1
CL103811,2987943.0,2442737.0,4.2,2,0.217,123,0.434,0,0,-1,0.398,0,0
CL103812,1578130.0,5228573.0,4.2,3,0.168,169,0.656,2,0,0,0.505,0,0
CL103813,2542950.0,8749263.0,3.1,2,0.199,120,0.446,1,0,0,0.38,1,0
CL103814,1286905.0,3637128.0,1.3,2,0.087,150,0.439,0,0,1,0.279,0,0
CL103815,988009.0,4610471.0,0.0,4,0.441,61,0.457,0,0,-1,0.244,0,1
CL103816,1999867.0,4325404.0,28.1,5,0.19,73,0.417,0,0,0,0.409,1,0
CL103817,2276468.0,3997831.0,23.0,5,0.267,46,0.265,1,0,0,0.195,0,0
CL103818,1985061.0,1862556.0,5.3,3,0.381,58,0.318,0,0,0,0.377,0,1
CL103819,1339738.0,8674613.0,42.5,3,0.155,29,0.665,0,1,-2,0.448,0,0
CL103820,1982859.0,4909275.0,9.0,4,0.397,53,0.42,0,0,-2,0.24,0,0
CL103821,2770802.0,5264080.0,0.6,3,0.677,146,0.708,0,0,1,0.538,0,1
CL103822,2367993.0,2270347.0,1.0,1,0.56,159,0.635,0,1,-1,0.215,0,1
CL103823,2653130.0,2895145.0,19.8,4,0.462,32,0.549,0,1,0,0.302,0,0
CL103824,1732269.0,3529639.0,8.0,4,0.236,9,0.732,0,0,0,0.074,0,0
CL103825,4350751.0,1364246.0,14.8,2,0.534,37,0.534,1,0,-2,0.604,0,1
CL103826,1345012.0,1224908.0,18.3,2,0.053,8,0.903,1,0,1,0.626,0,0
CL103827,3090304.0,2622075.0,4.8,1,0.494,152,0.848,0,1,-2,0.508,0,0
CL103828,4372938.0,5756064.0,0.4,4,0.229,68,0.283,0,0,1,0.112,0,0
CL103829,3080043.0,2527658.0,1.7,4,0.664,52,0.89,1,0,-1,0.272,1,0
CL103830,2188524.0,1956830.0,0.6,2,0.529,46,0.525,1,0,1,0.714,0,0
CL103831,1859562.0,2257390.0,1.7,5,0.579,17,0.392,0,0,1,0.048,0,0
CL103832,4065486.0,2903015.0,4.2,5,0.635,21,0.376,0,1,-1,0.254,1,0
CL103833,1188868.0,3116742.0,1.0,2,0.508,48,0.559,1,0,1,0.772,1,0
CL103834,1490971.0,18180588.0,1.5,3,0.051,9,0.808,0,1,-1,0.207,0,0
CL103835,1985182.0,8353861.0,4.7,4,0.372,5,0.442,0,1,-1,0.553,0,1
CL103836,4496576.0,8181138.0,3.3,1,0.094,6,0.712,0,0,1,0.449,0,1
CL103837,2928157.0,9047565.0,5.0,5,0.456,176,0.424,0,0,-2,0.197,0,0
CL103838,1492521.0,1984396.0,4.5,3,0.196,46,0.262,0,0,-2,0.29,1,0
CL103839,2073702.0,1696953.0,8.3,4,0.429,97,0.78,0,0,1,0.392,1,0
CL103840,1781272.0,1839843.0,22.1,3,0.135,112,0.715,1,0,1,0.437,0,0
CL103841,1698244.0,10161883.0,0.9,4,0.075,101,0.747,0,0,0,0.673,0,0
CL103842,3950864.0,2722240.0,0.8,4,0.093,131,0.634,0,1,1,0.252,0,0
CL103843,1219716.0,1662862.0,15.3,2,0.126,159,0.701,1,0,-2,0.715,0,0
CL103844,5413414.0,2952913.0,5.6,2,0.634,123,0.544,0,0,-2,0.377,1,0
CL103845,3664179.0,3378614.0,11.6,1,0.581,103,0.149,0,0,0,0.406,0,0
CL103846,4178366.0,4818096.0,1.9,1,0.622,135,0.594,1,0,0,0.228,0,0
CL103847,1921334.0,4759560.0,14.1,3,0.346,16,0.593,1,0,0,0.271,0,0
CL103848,2246827.0,2236167.0,20.6,2,0.162,92,0.464,0,0,0,0.599,0,0
CL103849,1182834.0,6452379.0,8.1,4,0.326,122,0.714,0,0,-2,0.071,1,1
CL103850,1862944.0,2552451.0,0.9,2,0.108,143,0.472,0,0,0,0.623,0,0
CL103851,3099736.0,3579045.0,18.1,4,0.329,7,0.868,0,0,0,0.211,0,0
CL103852,4629834.0,6457429.0,12.6,2,0.175,99,0.514,0,0,0,0.714,0,0
CL103853,1392236.0,2547760.0,11.1,4,0.326,112,0.851,0,1,1,0.098,0,0
CL103854,2017253.0,2680339.0,0.3,3,0.472,166,0.698,1,0,1,0.33,1,0
CL103855,2245302.0,6041529.0,12.8,2,0.405,136,0.549,0,0,-2,0.412,0,0
CL103856,1205139.0,2190383.0,1.2,5,0.563,98,0.48,0,0,0,0.346,0,0
CL103857,3254908.0,3049980.0,2.0,5,0.291,129,0.761,0,1,-1,0.163,0,0
CL103858,1686228.0,5891490.0,6.9,4,0.346,147,0.848,2,1,0,0.513,0,0
CL103859,2196344.0,16816392.0,2.5,3,0.11,19,0.59,1,1,-2,0.279,0,0
CL103860,1931921.0,6099901.0,8.7,4,0.414,87,0.63,0,1,0,0.196,0,0
CL103861,1632023.0,5558550.0,7.5,3,0.216,4,0.2,0,0,0,0.226,0,0
CL103862,2413232.0,5789527.0,0.9,1,0.565,130,0.477,0,0,0,0.266,0,0
CL103863,2174252.0,1883735.0,8.5,2,0.153,23,0.184,0,0,0,0.274,0,1
CL103864,2010856.0,4329306.0,20.6,3,0.202,107,0.748,1,1,-2,0.838,1,1
CL103865,1682463.0,3910452.0,1.4,4,0.429,82,0.55,0,0,1,0.282,0,0
CL103866,2841272.0,5000804.0,7.3,1,0.614,179,0.677,0,0,1,0.479,0,0
CL103867,5536143.0,4332068.0,3.3,4,0.292,81,0.464,0,0,1,0.533,0,0
CL103868,2597198.0,5208434.0,4.9,5,0.313,159,0.843,0,0,-2,0.591,0,0
CL103869,3985045.0,3210615.0,2.7,5,0.143,58,0.542,1,2,0,0.744,0,1
CL103870,1208498.0,4160003.0,3.5,2,0.113,164,0.562,0,0,1,0.153,1,0
CL103871,2620513.0,1690475.0,0.2,2,0.224,12,0.419,0,0,0,0.317,1,1
CL103872,1399067.0,3191702.0,31.9,1,0.193,121,0.814,0,0,-2,0.093,1,0
CL103873,1157227.0,10570562.0,7.8,5,0.405,163,0.448,1,0,-1,0.34,0,0
CL103874,1673310.0,4991095.0,5.6,3,0.514,4,0.247,0,0,0,0.29,0,0
CL103875,4394875.0,3934740.0,3.9,5,0.258,28,0.41,0,0,0,0.66,0,0
CL103876,3894235.0,15055987.0,6.2,2,0.2,33,0.439,0,0,-2,0.837,0,0
CL103877,2734618.0,1540189.0,3.8,4,0.44,74,0.778,0,0,0,0.604,0,0
CL103878,1125401.0,1836516.0,3.6,1,0.216,159,0.974,0,0,-1,0.391,0,0
CL103879,2195367.0,13241918.0,5.0,5,0.619,5,0.743,0,0,-1,0.221,0,0
CL103880,2816062.0,4123334.0,2.6,3,0.023,10,0.934,0,0,1,0.256,0,0
CL103881,2643906.0,3369220.0,1.6,3,0.155,153,0.172,0,0,1,0.104,0,0
CL103882,963284.0,1724688.0,6.5,3,0.091,169,0.724,0,0,-2,0.179,0,0
CL103883,1551668.0,5462338.0,14.8,1,0.309,17,0.495,1,1,-1,0.675,0,0
CL103884,2345387.0,5845145.0,1.3,3,0.077,60,0.723,1,0,1,0.328,0,0
CL103885,3166525.0,1855851.0,0.3,3,0.694,33,0.765,0,0,-1,0.163,0,0
CL103886,807692.0,3619358.0,2.3,5,0.696,137,0.578,0,0,1,0.172,0,0
CL103887,2233182.0,3157019.0,31.2,1,0.25,178,0.465,0,0,-2,0.256,0,0
CL103888,2601307.0,4776335.0,14.1,4,0.157,159,0.802,0,0,1,0.047,1,0
CL103889,3703563.0,1823968.0,7.2,4,0.19,133,0.317,0,0,1,0.583,0,0
CL103890,3424372.0,9591264.0,21.2,3,0.286,174,0.873,0,0,1,0.292,0,0
CL103891,3240654.0,7580401.0,4.7,2,0.431,111,0.609,0,0,0,0.012,0,1
CL103892,1623394.0,3096482.0,32.7,1,0.071,132,0.452,2,1,1,0.451,0,0
CL103893,932849.0,3431496.0,2.8,2,0.116,31,0.679,0,0,-2,0.675,1,1
CL103894,1989659.0,3629134.0,2.2,1,0.231,4,0.347,1,0,0,0.336,0,0
CL103895,3996046.0,2315611.0,8.1,1,0.093,123,0.492,1,1,-2,0.065,0,0
CL103896,4860866.0,2927324.0,3.8,5,0.246,18,0.167,2,0,-2,0.351,0,0
CL103897,3454798.0,3304550.0,7.9,3,0.034,82,0.844,0,0,1,0.297,0,0
CL103898,3001643.0,12348039.0,2.9,5,0.461,34,0.702,1,0,-2,0.673,0,0
CL103899,2927970.0,7745579.0,7.7,2,0.352,48,0.384,0,0,0,0.018,0,0
CL103900,1833873.0,7680985.0,2.6,2,0.342,63,0.397,0,0,1,0.554,1,0
CL103901,2269272.0,5172920.0,0.4,4,0.374,14,0.607,0,0,0,0.214,0,1
CL103902,5579082.0,1826425.0,19.5,5,0.236,90,0.752,0,2,-2,0.169,0,0
CL103903,1511663.0,3878489.0,17.2,5,0.482,87,0.826,0,0,-1,0.23,1,0
CL103904,5429673.0,7876088.0,28.3,5,0.235,33,0.829,1,0,0,0.115,0,0
CL103905,2061586.0,1654840.0,10.1,4,0.327,81,0.32,1,0,-2,0.717,0,0
CL103906,4698322.0,6234365.0,9.2,5,0.204,170,0.46,0,1,0,0.187,0,0
CL103907,1198513.0,20293810.0,6.5,5,0.488,128,0.688,0,0,-1,0.41,1,0
CL103908,3246059.0,8396048.0,1.1,5,0.361,160,0.653,0,0,1,0.534,0,0
CL103909,1675488.0,10743596.0,1.7,5,0.47,112,0.309,0,0,0,0.401,1,0
CL103910,1193459.0,4652136.0,2.7,2,0.425,99,0.573,0,0,-2,0.531,0,0
CL103911,2701363.0,7862006.0,17.7,3,0.351,115,0.583,1,0,-1,0.336,0,0
CL103912,4011741.0,2415707.0,1.5,2,0.324,171,0.461,0,0,-1,0.232,0,0
CL103913,1587275.0,6969853.0,20.5,5,0.203,143,0.637,1,0,1,0.154,0,0
CL103914,1144516.0,6312685.0,5.9,1,0.41,50,0.433,0,1,0,0.374,0,0
CL103915,2313050.0,4891149.0,10.1,1,0.159,116,0.656,1,2,-2,0.625,0,0
CL103916,2318155.0,10031144.0,0.9,4,0.756,71,0.538,0,1,-1,0.585,0,0
CL103917,3185627.0,2738308.0,2.5,2,0.398,63,0.596,0,0,-1,0.555,1,0
CL103918,3893415.0,3502753.0,25.5,4,0.251,70,0.289,1,0,-2,0.443,0,0
CL103919,2350861.0,4268715.0,2.5,4,0.463,137,0.563,0,0,-2,0.289,0,0
CL103920,6124157.0,1942084.0,2.8,1,0.082,141,0.86,0,1,1,0.405,0,0
CL103921,2709074.0,4680204.0,1.8,2,0.418,104,0.781,0,0,1,0.362,0,0
CL103922,2036589.0,1198701.0,1.1,3,0.335,146,0.199,0,0,1,0.067,1,0
CL103923,1081886.0,8309152.0,2.1,2,0.463,163,0.673,1,0,1,0.481,0,0
CL103924,2123700.0,4125287.0,8.2,4,0.388,1,0.907,1,0,-1,0.468,0,0
CL103925,2046838.0,2772819.0,4.9,5,0.425,125,0.541,1,0,-2,0.506,0,0
CL103926,3914321.0,2226493.0,6.5,4,0.304,114,0.161,0,0,-1,0.234,0,0
CL103927,3051799.0,3388150.0,1.0,2,0.538,36,0.813,0,0,-2,0.314,0,0
CL103928,1342864.0,6464148.0,13.0,1,0.125,46,0.842,2,0,-2,0.489,0,0
CL103929,2639572.0,5858577.0,12.3,2,0.083,165,0.531,0,0,-1,0.38,0,0
CL103930,3388052.0,2436623.0,0.2,3,0.296,122,0.495,1,0,-1,0.324,0,0
CL103931,5199202.0,2208385.0,3.9,5,0.296,82,0.308,0,0,1,0.336,0,0
CL103932,3774400.0,6323789.0,0.6,5,0.694,157,0.695,1,0,-1,0.621,0,0
CL103933,3542784.0,2408120.0,12.6,4,0.208,44,0.431,0,0,-2,0.299,0,0
CL103934,2495608.0,4163792.0,10.7,2,0.31,93,0.492,1,0,1,0.007,0,0
CL103935,2940694.0,4354099.0,18.6,1,0.295,68,0.479,0,0,0,0.389,0,0
CL103936,4523300.0,4967581.0,2.2,3,0.452,76,0.754,0,0,-2,0.334,0,0
CL103937,1243712.0,7281077.0,4.9,4,0.534,77,0.468,0,1,1,0.091,0,0
CL103938,2033523.0,1649406.0,1.6,2,0.446,142,0.824,2,0,1,0.382,1,0
CL103939,1645765.0,1047784.0,3.7,1,0.153,78,0.747,0,0,1,0.355,0,0
CL103940,2927258.0,2683914.0,5.9,2,0.436,179,0.702,0,1,-1,0.061,0,0
CL103941,4479899.0,14091325.0,0.4,1,0.528,86,0.772,1,0,-1,0.225,0,0
CL103942,1796791.0,16444833.0,10.0,2,0.435,9,0.772,1,0,-1,0.569,1,0
CL103943,732961.0,14386833.0,6.3,2,0.179,114,0.539,0,0,0,0.573,1,0
CL103944,1970681.0,3488258.0,14.1,4,0.208,81,0.581,0,2,0,0.205,0,0
CL103945,3823730.0,1146838.0,2.5,2,0.27,88,0.762,0,0,1,0.43,0,0
CL103946,3168646.0,774422.0,18.7,2,0.562,69,0.755,0,1,0,0.281,1,0
CL103947,2999911.0,2597794.0,53.1,4,0.074,162,0.24,0,1,0,0.205,0,0
CL103948,2105373.0,3475846.0,20.1,4,0.149,106,0.72,2,1,-2,0.197,1,0
CL103949,1277588.0,9923714.0,12.0,5,0.495,65,0.587,1,0,-1,0.423,0,0
CL103950,3133456.0,7329837.0,13.4,5,0.269,27,0.918,0,1,-2,0.059,0,0
CL103951,1595757.0,4681755.0,6.8,4,0.094,168,0.653,0,0,-2,0.066,0,0
CL103952,7217711.0,2141696.0,1.7,3,0.267,136,0.748,0,1,0,0.29,0,0
CL103953,3221165.0,2037949.0,9.0,1,0.298,6,0.709,0,0,1,0.162,0,0
CL103954,1811518.0,4770155.0,10.0,4,0.076,53,0.745,0,0,1,0.515,0,0
CL103955,1783891.0,6504050.0,33.8,5,0.195,133,0.772,0,0,-2,0.814,0,0
CL103956,2311779.0,5253037.0,6.2,2,0.119,117,0.688,1,1,-2,0.236,0,0
CL103957,2148432.0,1935316.0,2.5,4,0.122,146,0.505,0,1,-2,0.685,0,0
CL103958,4232980.0,6296266.0,9.2,4,0.132,164,0.268,0,0,0,0.633,0,0
CL103959,2658328.0,5379670.0,31.1,5,0.321,97,0.662,0,0,-2,0.269,0,0
CL103960,1679798.0,1887065.0,1.6,5,0.266,128,0.506,0,1,-1,0.735,1,0
CL103961,6232078.0,2305885.0,3.2,3,0.279,54,0.542,0,0,-2,0.188,0,0
CL103962,2482196.0,6465217.0,6.2,5,0.341,162,0.567,0,0,-2,0.223,0,1
CL103963,3556971.0,3388320.0,1.5,5,0.18,32,0.677,0,0,-2,0.548,0,0
CL103964,1786710.0,12144696.0,0.2,5,0.304,51,0.479,0,0,-1,0.414,0,0
CL103965,2903878.0,5670515.0,3.3,2,0.146,131,0.456,1,0,0,0.167,1,0
CL103966,2829343.0,2840124.0,16.0,4,0.712,65,0.627,1,0,-1,0.457,0,1
CL103967,941449.0,3964364.0,0.4,4,0.46,85,0.811,1,0,-1,0.097,1,0
CL103968,6633463.0,4173929.0,4.5,5,0.219,13,0.878,0,0,-1,0.363,0,0
CL103969,4617307.0,2397955.0,11.5,3,0.604,8,0.856,1,0,1,0.655,0,0
CL103970,1985542.0,2107869.0,24.5,5,0.679,172,0.398,1,1,-2,0.123,1,1
CL103971,1395642.0,6523835.0,33.9,3,0.327,158,0.764,0,0,-1,0.569,0,0
CL103972,2881383.0,7215134.0,4.4,4,0.249,8,0.408,0,0,0,0.818,0,0
CL103973,2529036.0,6092975.0,24.0,3,0.031,58,0.59,1,0,-2,0.304,0,0
CL103974,2893086.0,11532996.0,0.3,3,0.736,124,0.614,0,0,1,0.561,0,0
CL103975,2665197.0,2732585.0,11.0,1,0.354,91,0.358,0,1,1,0.757,0,0
CL103976,3119304.0,12890350.0,8.2,3,0.178,103,0.293,2,0,1,0.255,1,0
CL103977,4993526.0,2125155.0,2.3,3,0.458,87,0.552,1,0,1,0.411,0,0
CL103978,3217295.0,1965231.0,5.7,2,0.252,136,0.22,3,0,1,0.2,0,0
CL103979,1432845.0,1164764.0,1.1,4,0.67,61,0.718,1,1,-2,0.371,0,0
CL103980,4786363.0,2922480.0,16.4,5,0.369,76,0.421,1,0,1,0.707,0,0
CL103981,5500267.0,2806347.0,3.5,1,0.571,114,0.883,0,0,-2,0.252,0,0
CL103982,11710874.0,5769847.0,7.9,3,0.274,164,0.929,0,0,-1,0.191,0,0
CL103983,1380910.0,4736096.0,1.4,2,0.1,102,0.697,0,0,1,0.104,0,0
CL103984,2734450.0,1732227.0,1.8,2,0.179,107,0.609,1,0,1,0.102,0,0
CL103985,855080.0,3033087.0,38.6,5,0.439,94,0.572,0,1,0,0.503,1,0
CL103986,3193329.0,3078573.0,11.2,5,0.576,74,0.721,0,0,-2,0.869,0,0
CL103987,1841148.0,1151772.0,26.2,4,0.193,147,0.845,1,1,-2,0.765,1,1
CL103988,6335776.0,2009381.0,2.8,3,0.327,18,0.462,0,0,1,0.478,0,0
CL103989,1644082.0,2327791.0,1.4,2,0.441,172,0.3,1,0,0,0.395,1,0
CL103990,1040705.0,10891982.0,5.6,1,0.369,113,0.892,0,0,0,0.065,0,0
CL103991,1913354.0,4565395.0,5.5,4,0.435,148,0.708,0,0,-1,0.215,0,0
CL103992,901897.0,6347161.0,1.5,3,0.263,2,0.828,2,1,0,0.167,0,0
CL103993,3525560.0,1398562.0,10.6,5,0.206,30,0.246,0,0,-2,0.496,0,0
CL103994,862386.0,9211379.0,3.6,3,0.442,179,0.709,0,0,-1,0.308,0,0
CL103995,2456452.0,9927025.0,1.6,5,0.249,172,0.207,1,0,1,0.831,0,0
CL103996,856915.0,985750.0,3.2,3,0.492,47,0.283,0,0,0,0.272,0,0
CL103997,2063370.0,2437000.0,6.6,1,0.39,43,0.734,2,2,1,0.355,0,0
CL103998,5507873.0,5649264.0,10.4,4,0.146,11,0.216,1,1,1,0.818,0,0
CL103999,2900298.0,6268652.0,5.3,5,0.119,170,0.814,0,0,-1,0.403,0,0
CL104000,1572619.0,2483188.0,6.0,1,0.185,19,0.432,1,0,-1,0.611,0,0
CL104001,2384257.0,3224055.0,1.2,2,0.402,131,0.38,0,1,0,0.362,0,0
CL104002,2443662.0,2628262.0,19.7,1,0.366,4,0.663,0,0,-2,0.372,0,0
CL104003,3067321.0,4313640.0,21.1,1,0.665,111,0.273,0,0,0,0.37,0,0
CL104004,1222698.0,9230511.0,9.2,1,0.427,166,0.729,0,0,-1,0.617,1,0
CL104005,3256891.0,2327419.0,0.1,5,0.3,162,0.594,0,0,-2,0.478,0,0
CL104006,626437.0,8045105.0,6.2,2,0.269,51,0.746,0,0,1,0.175,0,0
CL104007,1767467.0,2310165.0,7.9,4,0.796,159,0.589,0,1,-2,0.101,1,0
CL104008,1897150.0,2205933.0,41.9,1,0.048,104,0.711,0,0,0,0.063,1,0
CL104009,3323947.0,7081641.0,44.3,5,0.205,83,0.319,0,0,-1,0.722,0,0
CL104010,2449306.0,7612906.0,15.6,5,0.202,37,0.614,0,0,-2,0.115,0,0
CL104011,1199264.0,7246194.0,0.5,4,0.499,172,0.558,0,1,-1,0.462,0,0
CL104012,1479927.0,1589519.0,24.5,3,0.369,59,0.446,0,0,-1,0.388,0,0
CL104013,2674679.0,2881537.0,7.6,2,0.253,108,0.722,1,0,-2,0.169,0,0
CL104014,2327875.0,7103456.0,12.9,2,0.572,105,0.694,0,0,0,0.456,0,0
CL104015,1812899.0,4110599.0,4.2,1,0.175,18,0.459,1,1,-2,0.481,0,0
CL104016,1904220.0,1883072.0,3.1,3,0.073,25,0.821,0,0,-2,0.461,0,0
CL104017,3430045.0,5503102.0,5.0,2,0.16,138,0.598,1,1,0,0.365,1,0
CL104018,1869448.0,2420864.0,1.3,1,0.067,25,0.646,1,0,0,0.677,1,0
CL104019,2317395.0,14022411.0,3.5,3,0.139,84,0.734,0,0,-1,0.416,0,1
CL104020,7166789.0,11773821.0,15.6,5,0.082,51,0.678,1,0,-1,0.101,0,0
CL104021,1188448.0,6094323.0,0.3,1,0.525,10,0.585,0,0,-1,0.14,1,0
CL104022,959415.0,10352149.0,1.3,3,0.739,177,0.734,1,1,-1,0.652,0,0
CL104023,3583300.0,4178045.0,1.1,4,0.112,125,0.358,0,0,1,0.384,0,0
CL104024,1724898.0,6822976.0,4.1,2,0.238,166,0.532,0,0,-1,0.47,0,0
CL104025,2065497.0,11233424.0,46.4,1,0.236,92,0.471,2,0,-1,0.322,0,1
CL104026,1638713.0,4741429.0,1.5,5,0.296,126,0.66,0,0,0,0.488,0,0
CL104027,2126738.0,3339625.0,1.3,1,0.52,113,0.817,0,0,1,0.591,0,0
CL104028,5385760.0,1210767.0,19.7,2,0.088,114,0.827,0,1,-2,0.499,0,0
CL104029,3616670.0,3767064.0,17.1,2,0.419,46,0.857,2,0,1,0.365,0,0
CL104030,3726991.0,7105618.0,0.3,3,0.315,70,0.955,0,0,-1,0.344,0,0
CL104031,1192886.0,7740241.0,11.1,5,0.383,11,0.855,2,0,1,0.283,0,0
CL104032,1361943.0,5683374.0,8.5,3,0.224,83,0.715,0,0,1,0.464,0,0
CL104033,585640.0,2733492.0,11.7,5,0.312,144,0.56,0,0,0,0.236,0,0
CL104034,1615750.0,1000715.0,5.5,1,0.42,160,0.406,1,0,-2,0.608,1,0
CL104035,3907278.0,2823109.0,38.0,1,0.158,130,0.897,0,0,-1,0.267,0,0
CL104036,3136046.0,3226662.0,0.4,3,0.716,58,0.485,0,0,0,0.323,1,0
CL104037,2167843.0,3207331.0,2.1,4,0.217,85,0.657,0,1,1,0.566,0,0
CL104038,2394895.0,6156318.0,4.0,2,0.495,166,0.677,0,0,0,0.456,1,0
CL104039,1716087.0,16030015.0,4.8,3,0.179,79,0.788,1,0,1,0.517,0,0
CL104040,2682821.0,4353412.0,20.3,3,0.579,77,0.827,0,0,1,0.107,1,0
CL104041,3551708.0,3430744.0,6.6,1,0.333,71,0.74,1,0,-2,0.594,0,0
CL104042,1079552.0,3330206.0,0.4,2,0.274,116,0.311,0,0,1,0.277,0,0
CL104043,2813174.0,4356020.0,4.2,3,0.044,67,0.775,0,1,1,0.531,0,0
CL104044,3860153.0,2235989.0,4.3,1,0.261,15,0.522,0,0,-2,0.438,0,1
CL104045,1967846.0,4343274.0,26.9,1,0.375,84,0.846,1,0,0,0.129,0,0
CL104046,3437828.0,5474265.0,7.3,3,0.17,3,0.525,1,0,-1,0.327,0,0
CL104047,9892893.0,4624044.0,8.1,3,0.055,58,0.905,2,1,-1,0.249,0,0
CL104048,2298641.0,5500114.0,10.0,1,0.627,27,0.475,1,0,0,0.395,1,0
CL104049,2948047.0,5409263.0,11.8,3,0.153,143,0.518,1,2,-2,0.505,0,1
CL104050,1674410.0,1155071.0,8.1,2,0.331,3,0.457,0,0,0,0.243,1,1
CL104051,2651472.0,6235748.0,2.2,1,0.122,156,0.937,1,0,-1,0.438,0,0
CL104052,3048426.0,2496224.0,16.6,1,0.453,175,0.815,1,0,0,0.774,0,0
CL104053,2669552.0,1854105.0,10.5,3,0.23,65,0.76,0,0,0,0.45,1,0
CL104054,1454470.0,1842960.0,10.8,3,0.405,148,0.86,1,1,-1,0.571,0,0
CL104055,2684972.0,5408483.0,45.4,3,0.195,11,0.407,0,0,0,0.452,0,0
CL104056,5030842.0,3416740.0,13.0,2,0.46,25,0.636,1,1,-2,0.273,0,1
CL104057,3030742.0,1230119.0,14.1,1,0.367,4,0.884,0,0,-1,0.224,0,1
CL104058,3917615.0,5579593.0,24.2,4,0.249,83,0.817,0,0,-1,0.51,0,0
CL104059,2151109.0,1457560.0,1.3,2,0.22,54,0.583,1,0,-1,0.372,1,0
CL104060,3523446.0,4403345.0,5.5,2,0.46,60,0.05,0,1,0,0.521,0,0
CL104061,2784653.0,4718253.0,7.0,1,0.213,156,0.939,0,2,-1,0.429,0,0
CL104062,1505363.0,7421591.0,3.2,4,0.303,138,0.287,0,0,-2,0.381,0,0
CL104063,2839846.0,13896942.0,14.6,1,0.128,164,0.61,0,0,1,0.841,0,0
CL104064,1474975.0,1536053.0,11.5,2,0.407,80,0.424,1,0,0,0.624,1,0
CL104065,1764821.0,3848786.0,10.2,3,0.206,161,0.459,1,0,0,0.501,0,0
CL104066,2662202.0,3290550.0,46.9,1,0.588,59,0.954,0,0,-2,0.31,0,0
CL104067,2809795.0,5409270.0,2.4,1,0.461,173,0.293,0,0,-2,0.176,0,0
CL104068,1336258.0,4643450.0,10.6,3,0.354,179,0.771,1,0,-1,0.618,0,0
CL104069,4102031.0,3119607.0,6.4,4,0.32,46,0.594,0,1,0,0.383,0,0
CL104070,3223580.0,2932508.0,3.0,4,0.346,141,0.767,1,0,-1,0.576,0,1
CL104071,1702547.0,1827546.0,1.4,1,0.52,93,0.743,0,0,0,0.169,0,0
CL104072,1122656.0,7972456.0,18.1,3,0.14,132,0.747,1,1,1,0.225,1,1
CL104073,2252492.0,5506517.0,7.2,1,0.209,170,0.392,0,0,0,0.265,0,0
CL104074,1937731.0,7590726.0,13.9,3,0.504,155,0.263,0,1,-2,0.263,1,1
CL104075,2562696.0,3213023.0,6.3,2,0.585,136,0.583,0,0,-1,0.421,0,0
CL104076,2019664.0,2521123.0,2.0,3,0.288,105,0.4,1,0,0,0.658,1,0
CL104077,887596.0,1876989.0,3.3,1,0.476,46,0.933,2,0,-1,0.105,0,1
CL104078,1994346.0,5133213.0,3.8,5,0.514,136,0.641,0,0,0,0.289,0,0
CL104079,2078569.0,1928291.0,28.9,4,0.283,26,0.447,0,0,-1,0.387,0,0
CL104080,3324502.0,14564013.0,0.0,1,0.512,1,0.57,0,0,0,0.14,0,0
CL104081,1708114.0,1598618.0,34.0,3,0.126,112,0.397,1,1,-1,0.614,0,0
CL104082,5605940.0,4835824.0,31.5,3,0.34,90,0.412,2,0,1,0.262,0,0
CL104083,931154.0,11956652.0,44.5,4,0.131,39,0.644,0,0,1,0.648,0,0
CL104084,4664932.0,6072997.0,5.2,1,0.356,137,0.674,1,0,-1,0.615,0,0
CL104085,2164804.0,4515252.0,26.6,5,0.852,27,0.737,1,1,-2,0.358,0,0
CL104086,3722077.0,2026988.0,4.0,2,0.091,148,0.591,0,0,-1,0.701,0,0
CL104087,2520331.0,1517783.0,0.2,5,0.689,16,0.812,0,0,1,0.026,0,0
CL104088,4281345.0,6845041.0,2.0,2,0.646,67,0.902,0,0,-2,0.494,0,0
CL104089,1995328.0,11459196.0,23.2,2,0.238,22,0.819,1,0,-2,0.366,0,0
CL104090,1398191.0,2936723.0,0.1,1,0.571,73,0.913,0,0,-1,0.406,1,0
CL104091,4927056.0,1798848.0,6.3,2,0.348,120,0.359,0,1,1,0.405,0,0
CL104092,2288163.0,714459.0,0.6,3,0.028,136,0.851,0,0,0,0.395,1,0
CL104093,2705451.0,2009637.0,2.7,2,0.288,135,0.494,0,0,-2,0.206,0,0
CL104094,4490057.0,3687430.0,0.7,2,0.638,76,0.149,1,0,-1,0.321,0,0
CL104095,1445582.0,12229801.0,15.7,4,0.202,1,0.483,1,0,1,0.052,0,0
CL104096,3261656.0,6396065.0,7.2,4,0.234,140,0.662,0,0,1,0.593,0,0
CL104097,1803162.0,4943380.0,18.6,1,0.481,14,0.229,0,1,-1,0.448,0,0
CL104098,2266881.0,3017431.0,9.3,1,0.114,147,0.468,0,0,-1,0.416,0,0
CL104099,2510869.0,2654545.0,28.3,3,0.332,19,0.652,0,0,0,0.44,0,0
CL104100,1143826.0,10680747.0,5.7,4,0.547,77,0.605,1,0,-2,0.097,0,0
CL104101,1640615.0,4595173.0,8.1,5,0.331,108,0.947,0,0,1,0.553,0,0
CL104102,4758944.0,916374.0,6.9,1,0.219,74,0.346,1,0,-2,0.344,0,0
CL104103,3771923.0,2491816.0,5.3,1,0.625,111,0.69,2,0,0,0.56,1,0
CL104104,2347074.0,2189642.0,15.0,4,0.498,125,0.715,0,0,-2,0.147,0,0
CL104105,2734780.0,2724009.0,8.3,4,0.044,93,0.566,2,0,0,0.06,0,0
CL104106,2090427.0,5921128.0,12.9,3,0.513,156,0.828,0,0,-1,0.099,1,1
CL104107,4772075.0,3703499.0,12.3,4,0.261,143,0.611,0,0,-2,0.504,0,0
CL104108,2190902.0,3783629.0,1.7,2,0.616,63,0.753,0,0,0,0.754,0,0
CL104109,2719398.0,10013365.0,8.4,5,0.737,23,0.428,0,0,-2,0.38,0,0
CL104110,4295227.0,2452154.0,1.8,2,0.398,171,0.792,1,0,0,0.095,1,0
CL104111,1641817.0,14723268.0,7.0,2,0.352,10,0.763,0,0,1,0.667,0,0
CL104112,5279778.0,2495712.0,9.1,2,0.306,164,0.672,0,0,1,0.325,0,0
CL104113,1126661.0,4250039.0,47.1,1,0.408,177,0.719,0,0,-2,0.59,0,0
CL104114,5470174.0,3279356.0,0.2,2,0.262,142,0.546,1,0,-1,0.544,0,0
CL104115,2010034.0,4353076.0,0.8,1,0.314,96,0.587,1,0,-2,0.284,0,1
CL104116,2145001.0,5450481.0,0.6,4,0.366,34,0.575,0,0,-2,0.513,0,1
CL104117,941279.0,5409594.0,4.1,5,0.396,95,0.512,0,0,0,0.061,1,0
CL104118,1929174.0,2356806.0,13.8,5,0.442,39,0.835,0,1,1,0.368,0,0
CL104119,1439918.0,1819295.0,14.9,2,0.565,160,0.952,0,1,1,0.299,0,0
CL104120,1787229.0,23027973.0,10.7,5,0.468,80,0.828,0,0,-2,0.382,1,0
CL104121,2261061.0,2845391.0,18.2,1,0.432,150,0.814,1,0,1,0.132,0,0
CL104122,3909405.0,6513899.0,3.1,4,0.808,100,0.792,1,0,-2,0.148,0,0
CL104123,2686639.0,1295816.0,0.7,2,0.629,163,0.774,0,0,0,0.663,0,0
CL104124,2824490.0,3283010.0,0.5,3,0.315,23,0.429,0,0,0,0.218,0,1
CL104125,1400361.0,3652639.0,15.3,5,0.236,25,0.526,0,1,-2,0.114,0,0
CL104126,1559106.0,5559232.0,10.5,5,0.572,134,0.456,0,0,0,0.221,1,0
CL104127,5952742.0,593791.0,9.6,2,0.299,90,0.579,1,0,1,0.355,0,0
CL104128,1676803.0,4485221.0,3.3,5,0.254,6,0.465,0,0,0,0.148,0,0
CL104129,5543320.0,1785450.0,3.8,5,0.224,19,0.806,1,0,1,0.441,0,0
CL104130,2144612.0,5010479.0,25.4,3,0.583,19,0.519,1,2,1,0.274,0,0
CL104131,2424520.0,1932973.0,0.5,1,0.433,110,0.635,0,0,0,0.519,0,0
CL104132,4135764.0,2193836.0,11.9,2,0.343,111,0.775,1,1,-1,0.474,0,0
CL104133,4574218.0,3296793.0,3.0,2,0.281,95,0.393,2,0,0,0.771,0,1
CL104134,2291217.0,1911444.0,0.3,3,0.234,87,0.433,1,0,1,0.497,0,0
CL104135,1994449.0,2862271.0,10.9,3,0.43,140,0.581,0,0,0,0.084,0,0
CL104136,2354973.0,1731740.0,3.2,1,0.847,13,0.505,0,0,-2,0.234,0,1
CL104137,2867579.0,1106576.0,10.2,4,0.136,86,0.197,0,1,0,0.686,0,1
CL104138,3781578.0,8142192.0,9.8,2,0.546,178,0.725,0,0,0,0.611,0,1
CL104139,2426875.0,1611645.0,6.1,5,0.27,76,0.227,0,0,0,0.73,0,0
CL104140,3300033.0,3523352.0,12.0,1,0.379,159,0.602,0,0,0,0.227,0,0
CL104141,5494070.0,6763315.0,7.0,2,0.837,77,0.877,2,0,-1,0.797,1,1
CL104142,2930416.0,2596147.0,2.7,1,0.308,23,0.609,0,0,0,0.227,0,0
CL104143,2830111.0,2240890.0,10.6,4,0.34,70,0.44,0,0,1,0.09,0,0
CL104144,1133187.0,4677932.0,7.1,2,0.236,125,0.427,1,0,-2,0.374,0,0
CL104145,649940.0,8732425.0,0.1,5,0.431,58,0.814,0,0,1,0.191,0,0
CL104146,2940787.0,1761153.0,18.6,2,0.149,138,0.428,0,0,-1,0.593,0,0
CL104147,2309607.0,3594432.0,6.3,1,0.273,68,0.844,0,0,-1,0.302,0,1
CL104148,1872170.0,1187373.0,16.2,4,0.232,172,0.327,0,0,0,0.703,0,0
CL104149,2735337.0,3032080.0,17.1,1,0.278,70,0.475,0,1,1,0.653,0,1
CL104150,2349700.0,4089541.0,4.7,1,0.188,82,0.464,0,0,-2,0.39,0,1
CL104151,4256212.0,2195154.0,5.7,3,0.305,8,0.216,1,0,-1,0.039,0,0
CL104152,2528294.0,2899665.0,4.3,1,0.75,114,0.436,1,0,1,0.776,0,0
CL104153,1667004.0,1489932.0,4.8,4,0.037,28,0.868,1,0,1,0.423,1,0
CL104154,3973203.0,4214136.0,18.0,5,0.26,67,0.769,1,1,1,0.215,0,0
CL104155,2172598.0,8360142.0,12.4,3,0.59,167,0.823,1,0,0,0.561,0,0
CL104156,3151119.0,1852412.0,1.1,1,0.181,161,0.857,0,1,0,0.351,0,0
CL104157,1907482.0,2582142.0,7.5,2,0.166,114,0.823,0,1,0,0.255,0,0
CL104158,1749930.0,5676142.0,44.0,3,0.144,80,0.465,0,0,-2,0.463,1,0
CL104159,2525840.0,9327369.0,7.2,4,0.392,157,0.839,0,0,-1,0.288,0,1
CL104160,2437331.0,1403904.0,12.3,2,0.209,145,0.575,0,0,-1,0.253,1,0
CL104161,3078378.0,3547844.0,11.7,4,0.37,165,0.58,2,0,0,0.913,0,1
CL104162,2117353.0,4867989.0,3.5,2,0.097,134,0.834,2,0,0,0.512,0,0
CL104163,966871.0,3717495.0,3.7,5,0.259,174,0.575,0,0,1,0.437,0,0
CL104164,1950533.0,705206.0,10.3,4,0.122,14,0.608,0,0,-1,0.612,0,0
CL104165,3601674.0,5670359.0,5.5,2,0.072,165,0.559,1,0,0,0.114,0,0
CL104166,2087154.0,11565481.0,6.8,4,0.146,114,0.336,0,1,1,0.444,1,1
CL104167,2141053.0,4332534.0,10.0,3,0.017,107,0.46,0,0,0,0.4,0,0
CL104168,3965681.0,1940053.0,12.0,4,0.149,76,0.759,0,1,-2,0.398,1,1
CL104169,1696391.0,2787933.0,2.5,4,0.262,83,0.246,1,0,-1,0.654,0,0
CL104170,1119730.0,13782899.0,1.3,2,0.533,85,0.706,0,0,-2,0.814,0,0
CL104171,2234849.0,7549363.0,2.8,4,0.036,29,0.59,0,0,0,0.671,0,0
CL104172,1901043.0,6249541.0,5.7,5,0.532,49,0.559,1,0,0,0.255,0,0
CL104173,1493864.0,5124220.0,3.4,1,0.556,2,0.388,0,0,-1,0.732,0,0
CL104174,2218431.0,2513543.0,6.7,3,0.152,89,0.633,0,1,-2,0.857,0,0
CL104175,3096407.0,3469775.0,0.4,2,0.255,70,0.62,0,0,1,0.424,0,0
CL104176,2410526.0,3780830.0,5.7,4,0.465,46,0.79,0,0,1,0.513,1,0
CL104177,2823508.0,5866108.0,3.7,4,0.183,63,0.703,1,0,0,0.642,0,0
CL104178,5996604.0,11481450.0,6.1,4,0.323,119,0.801,0,0,-1,0.631,0,0
CL104179,2040204.0,8734897.0,4.4,3,0.335,85,0.899,0,0,1,0.679,0,0
CL104180,2783374.0,1478341.0,2.7,1,0.361,149,0.579,0,0,0,0.511,0,0
CL104181,1877390.0,4670592.0,18.8,5,0.174,27,0.505,1,0,1,0.52,0,0
CL104182,1586150.0,6687391.0,1.6,5,0.488,23,0.541,3,1,-2,0.552,0,0
CL104183,1807664.0,6157628.0,9.1,2,0.746,100,0.523,0,0,-2,0.544,0,1
CL104184,1906197.0,2570308.0,20.7,1,0.213,39,0.922,0,1,-1,0.086,0,0
CL104185,2898598.0,30703170.0,6.2,1,0.396,58,0.598,1,0,-1,0.22,0,0
CL104186,7838342.0,1633182.0,16.7,3,0.333,45,0.67,0,0,0,0.106,0,0
CL104187,1692942.0,1870597.0,1.1,4,0.56,142,0.73,0,0,-2,0.687,1,0
CL104188,1966346.0,4702085.0,5.4,1,0.197,150,0.722,0,1,0,0.148,0,0
CL104189,2346507.0,17571031.0,4.9,4,0.519,17,0.397,0,0,-2,0.143,0,0
CL104190,2951722.0,2223657.0,0.1,3,0.261,157,0.619,1,0,1,0.438,0,0
CL104191,2762856.0,3314841.0,4.7,2,0.743,38,0.832,0,0,1,0.772,0,0
CL104192,4602213.0,8487504.0,3.7,2,0.616,90,0.425,0,1,-2,0.168,0,0
CL104193,719854.0,3943174.0,8.9,4,0.282,31,0.749,1,0,0,0.321,0,0
CL104194,734199.0,3159035.0,22.3,4,0.696,98,0.528,1,2,0,0.24,0,0
CL104195,1889950.0,5932421.0,0.7,1,0.326,58,0.663,0,0,0,0.02,0,0
CL104196,4191839.0,4831959.0,3.2,3,0.613,91,0.904,0,1,1,0.641,0,0
CL104197,1107013.0,8213643.0,4.7,2,0.568,17,0.737,0,0,1,0.487,1,0
CL104198,538307.0,9860311.0,4.9,1,0.519,120,0.74,0,2,-2,0.15,1,0
CL104199,3222248.0,4950020.0,11.9,5,0.479,23,0.74,0,0,-2,0.877,0,1
CL104200,2735510.0,4897390.0,4.7,1,0.422,148,0.44,1,0,-1,0.196,0,0
CL104201,1404084.0,4638389.0,0.2,4,0.354,96,0.32,0,2,1,0.582,0,0
CL104202,1479523.0,5623087.0,9.9,5,0.282,4,0.731,0,0,1,0.464,0,0
CL104203,1491254.0,4150002.0,17.3,1,0.187,73,0.762,1,0,-2,0.662,0,1
CL104204,2559360.0,3991087.0,5.8,3,0.09,75,0.299,0,0,-1,0.24,0,0
CL104205,1770624.0,9226949.0,7.0,2,0.346,49,0.611,0,0,-2,0.236,0,0
CL104206,3100370.0,11539440.0,1.4,5,0.369,109,0.461,2,0,1,0.744,0,0
CL104207,581105.0,1389859.0,2.0,3,0.479,26,0.73,0,0,-1,0.233,0,0
CL104208,1577851.0,4020894.0,2.1,1,0.84,32,0.246,0,0,-2,0.233,0,1
CL104209,1379143.0,2465521.0,4.5,4,0.477,28,0.855,0,0,1,0.153,0,0
CL104210,2130420.0,3211729.0,21.1,4,0.663,51,0.517,0,0,0,0.418,0,0
CL104211,1850518.0,5292289.0,5.9,3,0.506,168,0.63,0,0,0,0.44,0,0
CL104212,3608930.0,6379542.0,1.7,4,0.421,37,0.457,1,1,0,0.567,0,0
CL104213,955826.0,3691382.0,2.5,2,0.147,179,0.461,0,0,1,0.898,1,0
CL104214,2477463.0,1046186.0,3.9,3,0.577,57,0.586,0,1,-1,0.682,0,0
CL104215,3201622.0,2031872.0,7.8,3,0.551,80,0.738,1,0,1,0.258,0,0
CL104216,6127661.0,7478552.0,4.6,4,0.38,72,0.705,0,0,1,0.16,0,0
CL104217,1903333.0,586367.0,4.0,3,0.436,3,0.724,1,1,-1,0.174,0,1
CL104218,2848290.0,9167718.0,6.7,1,0.323,140,0.463,0,1,1,0.523,0,0
CL104219,982709.0,5750866.0,2.2,5,0.322,111,0.277,0,0,1,0.346,0,0
CL104220,732356.0,10032328.0,0.7,5,0.416,91,0.837,0,0,0,0.407,0,0
CL104221,3694616.0,3474640.0,0.2,4,0.317,51,0.283,1,0,0,0.386,0,0
CL104222,2415024.0,943184.0,2.3,2,0.37,139,0.77,0,1,-2,0.363,0,0
CL104223,4365557.0,5396461.0,0.8,2,0.338,134,0.407,0,0,-1,0.594,0,0
CL104224,1218704.0,9744925.0,3.3,4,0.419,140,0.72,0,0,-1,0.531,1,0
CL104225,3140684.0,7627764.0,11.9,4,0.119,25,0.738,0,0,-1,0.305,0,0
CL104226,6165063.0,2510810.0,10.1,3,0.457,26,0.969,1,0,1,0.378,0,0
CL104227,2987217.0,4242795.0,7.6,2,0.502,80,0.711,0,0,-2,0.517,1,0
CL104228,2780916.0,2749734.0,15.3,5,0.404,36,0.444,1,0,-1,0.398,0,0
CL104229,2432130.0,2250164.0,2.7,4,0.475,164,0.514,1,1,1,0.807,0,0
CL104230,1104120.0,7793277.0,17.3,5,0.426,21,0.63,0,0,-1,0.236,0,0
CL104231,4769664.0,1726708.0,4.1,5,0.585,49,0.774,0,0,1,0.612,0,0
CL104232,1784361.0,2135750.0,4.1,2,0.209,84,0.506,0,0,0,0.207,0,1
CL104233,3116564.0,1843510.0,4.2,5,0.416,118,0.501,0,0,0,0.797,0,0
CL104234,1108461.0,1406798.0,0.8,3,0.385,60,0.627,1,0,1,0.64,1,0
CL104235,1342804.0,4423713.0,29.7,3,0.404,106,0.34,0,1,-1,0.614,0,0
CL104236,4963113.0,9002853.0,1.2,2,0.219,123,0.558,0,0,0,0.602,0,0
CL104237,2035697.0,3508104.0,3.3,3,0.232,19,0.544,0,0,-2,0.341,0,1
CL104238,5008453.0,1391616.0,3.1,4,0.29,139,0.713,0,1,0,0.551,0,0
CL104239,2328849.0,7188271.0,0.6,2,0.326,78,0.311,0,1,1,0.447,1,0
CL104240,964197.0,12993908.0,1.3,5,0.089,100,0.54,0,1,-1,0.523,0,0
CL104241,3783022.0,2539888.0,0.4,4,0.382,131,0.743,0,0,-1,0.26,0,0
CL104242,1803165.0,2856227.0,2.8,2,0.332,128,0.424,0,0,0,0.516,0,0
CL104243,3434371.0,5728489.0,16.1,5,0.484,107,0.512,0,1,0,0.669,0,0
CL104244,2452468.0,12426124.0,3.3,5,0.265,140,0.552,1,0,0,0.721,0,0
CL104245,1119554.0,2774875.0,1.1,5,0.263,62,0.723,1,1,0,0.095,0,0
CL104246,2629087.0,1571098.0,8.3,5,0.279,45,0.852,0,0,-1,0.327,1,0
CL104247,7261606.0,6211997.0,45.5,5,0.28,57,0.492,0,0,0,0.373,0,0
CL104248,3098700.0,6985504.0,2.1,2,0.178,130,0.605,2,0,-1,0.231,0,0
CL104249,2353093.0,4009961.0,2.6,3,0.695,101,0.977,1,2,-1,0.603,0,0
CL104250,4146071.0,2701470.0,28.6,5,0.462,19,0.282,0,1,-1,0.563,0,1
CL104251,2690760.0,8008909.0,1.6,4,0.453,61,0.97,1,0,1,0.109,0,0
CL104252,2689234.0,5778330.0,5.7,2,0.368,152,0.586,1,0,0,0.221,0,0
CL104253,1403090.0,2331670.0,2.2,1,0.312,5,0.752,2,0,0,0.441,0,0
CL104254,2722127.0,4132389.0,21.5,3,0.086,154,0.754,0,0,-1,0.013,0,0
CL104255,4064177.0,1550061.0,31.9,4,0.468,163,0.504,1,0,1,0.283,1,0
CL104256,1594338.0,6453436.0,13.5,5,0.17,19,0.656,0,1,1,0.037,1,0
CL104257,4936899.0,3323193.0,3.0,2,0.213,31,0.474,0,0,0,0.231,0,0
CL104258,2313211.0,2943184.0,4.1,2,0.265,172,0.52,1,0,0,0.581,0,0
CL104259,1553646.0,3901953.0,2.2,5,0.692,147,0.741,0,0,0,0.757,0,0
CL104260,3988062.0,4107049.0,17.7,4,0.262,106,0.627,1,0,1,0.6,0,0
CL104261,2098226.0,7470340.0,19.7,2,0.493,81,0.642,0,0,1,0.321,0,0
CL104262,3540425.0,6039087.0,4.3,3,0.668,140,0.549,0,0,0,0.076,0,0
CL104263,2093024.0,3578712.0,8.5,4,0.214,163,0.587,1,0,1,0.638,0,0
CL104264,2350378.0,6814530.0,1.4,5,0.126,90,0.479,0,0,1,0.388,1,0
CL104265,3099589.0,5285702.0,4.6,4,0.208,117,0.408,0,1,0,0.006,0,0
CL104266,2800892.0,2962015.0,8.0,4,0.353,125,0.846,0,0,-2,0.431,0,0
CL104267,892904.0,3658988.0,3.9,1,0.317,72,0.345,1,0,-2,0.102,0,0
CL104268,1382464.0,3599279.0,3.5,5,0.463,104,0.902,0,0,1,0.259,0,0
CL104269,3854319.0,5686940.0,0.0,3,0.268,25,0.555,0,0,1,0.326,0,0
CL104270,2266918.0,3088154.0,13.0,5,0.477,153,0.808,0,0,-2,0.691,0,0
CL104271,1863812.0,3038011.0,17.6,1,0.182,141,0.421,0,0,1,0.238,0,0
CL104272,1227774.0,15841286.0,27.9,5,0.336,42,0.629,0,0,0,0.282,0,1
CL104273,1411455.0,7708351.0,10.2,5,0.415,143,0.661,0,1,0,0.552,0,1
CL104274,881254.0,2344493.0,6.4,3,0.168,23,0.726,0,0,-2,0.276,0,0
CL104275,2302163.0,5954505.0,2.5,1,0.508,28,0.414,0,1,-2,0.397,1,0
CL104276,1795477.0,4337658.0,58.1,5,0.356,112,0.714,0,0,-2,0.641,0,1
CL104277,1493609.0,5251823.0,7.1,5,0.139,13,0.561,2,0,1,0.671,0,0
CL104278,2340648.0,4395707.0,9.1,2,0.343,96,0.406,0,1,-1,0.805,0,1
CL104279,2905120.0,9181947.0,9.2,5,0.192,75,0.79,2,0,0,0.513,0,0
CL104280,6897013.0,5085654.0,14.9,3,0.113,172,0.654,0,1,-1,0.188,0,1
CL104281,1137176.0,3822969.0,0.1,2,0.246,35,0.802,2,0,-2,0.261,0,1
CL104282,4323996.0,8281490.0,2.0,1,0.313,47,0.533,0,1,1,0.185,0,0
CL104283,3939446.0,4701064.0,8.8,4,0.743,163,0.827,1,0,-1,0.21,0,0
CL104284,1640405.0,4347167.0,18.0,3,0.229,50,0.963,1,1,1,0.144,0,0
CL104285,2680779.0,4974403.0,9.3,1,0.452,87,0.801,0,0,-2,0.562,0,0
CL104286,1926438.0,3739542.0,4.3,2,0.776,40,0.81,0,0,-1,0.536,0,0
CL104287,2657362.0,4018659.0,3.6,4,0.455,77,0.7,1,0,0,0.567,0,0
CL104288,5150300.0,2647996.0,10.7,1,0.506,42,0.685,0,0,-1,0.925,0,1
CL104289,3278194.0,2360025.0,10.8,3,0.297,143,0.626,0,0,0,0.341,1,0
CL104290,3122999.0,1984744.0,7.5,2,0.486,60,0.307,1,0,-2,0.454,0,1
CL104291,1952938.0,1506970.0,2.8,3,0.551,58,0.364,0,0,-1,0.417,0,0
CL104292,1153108.0,2156933.0,20.7,3,0.402,33,0.449,0,1,0,0.422,0,0
CL104293,2182029.0,3534255.0,6.4,2,0.607,168,0.264,1,0,1,0.494,0,0
CL104294,4427316.0,4291652.0,12.5,5,0.068,2,0.579,1,0,0,0.619,0,0
CL104295,1128518.0,3302177.0,1.9,3,0.302,161,0.377,0,0,0,0.377,0,0
CL104296,1428957.0,767587.0,3.4,2,0.298,153,0.732,0,0,-1,0.634,0,0
CL104297,2579572.0,12021538.0,16.6,3,0.574,59,0.405,0,1,-2,0.338,0,0
CL104298,1480178.0,8542259.0,0.4,5,0.117,155,0.208,1,0,0,0.449,0,0
CL104299,1629426.0,5454938.0,5.7,2,0.228,112,0.622,2,2,1,0.164,0,0
CL104300,1959502.0,15176268.0,5.3,1,0.562,25,0.329,0,0,1,0.358,0,0
CL104301,1223457.0,2014427.0,11.1,1,0.241,133,0.528,0,0,0,0.44,0,0
CL104302,1487993.0,14966689.0,2.6,1,0.343,62,0.702,0,1,-1,0.414,0,1
CL104303,3442519.0,2031632.0,2.0,4,0.178,171,0.719,0,1,0,0.154,0,0
CL104304,1259613.0,4719043.0,20.8,3,0.373,104,0.089,0,1,1,0.868,0,0
CL104305,1089320.0,1636899.0,6.8,3,0.579,78,0.533,1,0,0,0.27,1,0
CL104306,1767342.0,4034068.0,0.9,2,0.612,105,0.836,0,0,-1,0.285,0,0
CL104307,3491974.0,5232065.0,1.7,4,0.202,91,0.581,0,0,-2,0.601,0,0
CL104308,2194663.0,3583021.0,54.0,3,0.169,164,0.845,1,0,-1,0.396,0,0
CL104309,1919758.0,6581112.0,1.7,2,0.551,124,0.617,1,0,-1,0.272,0,0
CL104310,2476061.0,4279343.0,7.5,5,0.222,98,0.269,0,0,-1,0.143,0,0
CL104311,1011704.0,2769867.0,4.4,3,0.156,138,0.262,0,0,-1,0.615,0,0
CL104312,3101365.0,2685106.0,17.3,3,0.29,115,0.905,0,1,0,0.533,0,0
CL104313,2933531.0,7043668.0,11.3,5,0.28,150,0.272,2,2,-2,0.472,0,0
CL104314,1973552.0,2526589.0,7.3,5,0.58,86,0.379,0,0,0,0.043,0,0
CL104315,4004632.0,7578168.0,0.1,3,0.247,28,0.556,1,1,-2,0.376,0,0
CL104316,1378149.0,9396974.0,16.9,5,0.588,48,0.724,0,1,0,0.463,1,0
CL104317,4256486.0,1241586.0,4.7,2,0.382,84,0.564,0,0,0,0.559,0,0
CL104318,2616235.0,8824553.0,21.5,3,0.498,63,0.589,1,0,-1,0.063,0,0
CL104319,2046668.0,16891074.0,5.5,3,0.273,2,0.838,0,0,-1,0.322,0,0
CL104320,2397802.0,4763068.0,9.5,1,0.287,23,0.833,1,0,0,0.45,0,0
CL104321,2295285.0,6072974.0,0.6,3,0.215,51,0.856,1,2,-1,0.592,0,0
CL104322,4457691.0,8251485.0,10.9,1,0.317,112,0.746,1,0,-2,0.813,0,0
CL104323,1413614.0,3292515.0,3.3,5,0.035,80,0.825,0,0,-1,0.693,1,0
CL104324,1654055.0,4536182.0,3.5,5,0.059,156,0.756,0,0,0,0.768,1,0
CL104325,4065923.0,1591298.0,1.0,2,0.365,116,0.906,1,0,0,0.226,0,0
CL104326,1798085.0,4399689.0,1.3,1,0.58,1,0.693,0,1,0,0.409,0,0
CL104327,3799069.0,5658551.0,1.6,3,0.221,143,0.472,1,0,0,0.481,0,0
CL104328,5664437.0,5730504.0,3.2,1,0.185,15,0.564,0,2,-2,0.301,0,0
CL104329,1980981.0,8417280.0,17.8,5,0.444,43,0.914,0,0,0,0.025,0,0
CL104330,3404747.0,2321301.0,3.7,5,0.202,133,0.733,1,0,-1,0.188,0,0
CL104331,1360216.0,2750175.0,10.3,2,0.536,103,0.71,1,0,0,0.169,1,0
CL104332,3531971.0,15049497.0,0.7,5,0.338,125,0.919,0,0,0,0.461,0,0
CL104333,2675674.0,3593978.0,7.2,1,0.362,38,0.507,0,0,-1,0.123,0,0
CL104334,3067947.0,4592907.0,5.3,3,0.321,63,0.725,0,0,-2,0.577,0,0
CL104335,1753657.0,3809822.0,30.5,3,0.355,171,0.799,0,1,-1,0.481,0,0
CL104336,1055429.0,2246364.0,15.0,1,0.339,51,0.691,0,0,-2,0.677,0,0
CL104337,3114646.0,12440532.0,4.9,2,0.574,78,0.523,0,0,1,0.277,0,0
CL104338,863111.0,2759635.0,11.9,3,0.52,83,0.9,1,0,0,0.325,0,0
CL104339,2066413.0,1813737.0,1.7,1,0.124,154,0.677,0,0,1,0.464,0,0
CL104340,3877073.0,2912382.0,6.6,1,0.346,97,0.621,0,1,-2,0.524,0,0
CL104341,2665624.0,983434.0,0.6,5,0.062,174,0.479,1,0,0,0.201,0,0
CL104342,6415140.0,2530934.0,3.4,5,0.229,140,0.738,1,0,1,0.799,0,0
CL104343,4043231.0,2027492.0,2.0,2,0.357,93,0.924,0,0,1,0.258,1,0
CL104344,1746372.0,6151460.0,10.2,2,0.145,140,0.563,0,0,1,0.324,0,0
CL104345,2455048.0,2492035.0,5.4,2,0.477,29,0.456,0,0,-2,0.307,0,0
CL104346,2365062.0,7433168.0,11.1,1,0.367,105,0.505,0,0,0,0.291,1,0
CL104347,1097902.0,10627322.0,5.8,1,0.223,61,0.714,0,2,-1,0.665,0,0
CL104348,1513296.0,6898556.0,0.7,5,0.123,41,0.321,1,3,1,0.532,0,1
CL104349,1829621.0,3433972.0,10.6,3,0.545,148,0.771,1,0,0,0.645,0,0
CL104350,874922.0,4407332.0,14.3,2,0.395,46,0.509,0,0,1,0.346,0,1
CL104351,2479944.0,1373003.0,18.7,4,0.453,158,0.888,0,0,0,0.317,0,0
CL104352,2138177.0,3635853.0,6.8,2,0.772,39,0.229,1,0,0,0.628,0,0
CL104353,1049215.0,2186239.0,11.2,5,0.426,40,0.586,0,1,0,0.218,1,0
CL104354,2964166.0,6491658.0,11.2,1,0.363,179,0.572,1,0,-2,0.857,0,0
CL104355,3464006.0,24177347.0,1.4,5,0.15,2,0.347,0,0,-2,0.475,0,0
CL104356,2712869.0,5665327.0,1.4,5,0.049,156,0.957,0,1,-1,0.529,0,0
CL104357,2059484.0,990735.0,0.6,5,0.425,51,0.424,0,0,-2,0.621,0,0
CL104358,3255059.0,3100701.0,3.1,4,0.241,120,0.691,2,0,1,0.142,0,0
CL104359,3402803.0,4350249.0,5.1,4,0.764,8,0.43,1,0,-1,0.784,0,0
CL104360,2824104.0,4244566.0,49.3,2,0.37,31,0.805,0,1,0,0.124,1,0
CL104361,1603491.0,2393891.0,4.5,1,0.332,39,0.848,0,0,-2,0.104,0,0
CL104362,2780942.0,4740742.0,10.4,5,0.588,83,0.216,1,0,-1,0.592,1,0
CL104363,4402752.0,1673201.0,9.5,3,0.063,144,0.735,0,0,0,0.559,1,0
CL104364,1797101.0,2060716.0,1.8,2,0.25,23,0.866,0,0,-1,0.555,0,0
CL104365,6913383.0,6274839.0,0.5,2,0.334,139,0.857,0,1,1,0.429,0,0
CL104366,1862042.0,1961139.0,6.3,5,0.078,121,0.876,0,0,-1,0.754,0,0
CL104367,2461308.0,5819635.0,9.6,2,0.127,69,0.655,1,0,-1,0.242,0,1
CL104368,1730217.0,1530914.0,50.8,5,0.133,12,0.462,0,0,1,0.229,1,0
CL104369,2707768.0,13733905.0,3.6,2,0.582,36,0.719,0,0,-2,0.311,0,0
CL104370,1013468.0,2322166.0,18.1,1,0.511,57,0.669,0,0,1,0.297,1,0
CL104371,1843136.0,3414130.0,3.8,2,0.091,154,0.709,1,0,-2,0.333,1,0
CL104372,1402742.0,5032509.0,9.4,2,0.19,92,0.538,1,0,1,0.704,0,0
CL104373,2591297.0,2687858.0,7.3,3,0.152,90,0.893,0,1,-1,0.032,0,0
CL104374,3981717.0,4414407.0,0.4,1,0.218,4,0.853,0,1,-1,0.315,0,0
CL104375,3345086.0,5972939.0,0.7,1,0.288,144,0.861,0,0,-1,0.176,0,0
CL104376,739826.0,7821831.0,0.2,1,0.361,22,0.447,0,1,1,0.382,1,0
CL104377,6722931.0,6948582.0,3.7,2,0.272,107,0.378,0,0,-1,0.283,0,0
CL104378,2807037.0,3540338.0,11.0,4,0.28,70,0.511,1,0,-1,0.108,0,0
CL104379,1642534.0,3603290.0,1.5,2,0.515,139,0.826,0,0,1,0.285,0,0
CL104380,2619683.0,20673764.0,7.4,5,0.117,170,0.609,1,0,1,0.762,0,0
CL104381,2644771.0,7763333.0,2.7,3,0.535,85,0.382,0,1,-2,0.627,0,0
CL104382,1735100.0,2094286.0,12.8,1,0.283,39,0.55,0,1,1,0.794,0,0
CL104383,2673659.0,4282261.0,12.8,5,0.273,175,0.754,1,1,-1,0.583,0,0
CL104384,1787384.0,3157843.0,11.9,5,0.404,150,0.893,0,0,1,0.222,0,0
CL104385,1978440.0,3631898.0,6.0,4,0.265,30,0.678,0,1,1,0.675,0,0
CL104386,1718325.0,1688504.0,2.7,1,0.412,158,0.874,0,0,1,0.449,0,0
CL104387,1183119.0,2992602.0,13.3,2,0.494,161,0.628,0,0,1,0.309,0,0
CL104388,2604935.0,14190582.0,1.6,1,0.317,104,0.679,0,0,-1,0.278,0,0
CL104389,3245077.0,5988511.0,2.7,3,0.224,158,0.093,3,0,1,0.421,0,1
CL104390,3132813.0,698148.0,1.6,1,0.205,165,0.555,0,0,1,0.194,0,0
CL104391,3648996.0,9357666.0,9.0,5,0.714,53,0.862,0,0,1,0.198,0,0
CL104392,2848121.0,8561112.0,9.3,5,0.543,158,0.4,0,0,1,0.546,0,0
CL104393,1855449.0,3104926.0,8.5,2,0.208,154,0.48,0,1,-1,0.559,0,0
CL104394,3685187.0,6596729.0,4.3,2,0.193,134,0.915,2,0,-1,0.147,0,0
CL104395,1228422.0,2187830.0,0.8,2,0.136,54,0.374,1,0,0,0.572,0,0
CL104396,1543656.0,2872867.0,19.4,3,0.026,132,0.649,1,0,1,0.437,0,0
CL104397,1495394.0,11398387.0,5.7,1,0.258,79,0.748,0,0,1,0.681,0,0
CL104398,4155852.0,3301175.0,4.2,4,0.438,36,0.566,2,0,-1,0.498,1,0
CL104399,3880188.0,1078614.0,7.1,1,0.381,63,0.645,0,0,0,0.392,0,0
CL104400,3089910.0,3819720.0,1.7,2,0.554,131,0.126,1,1,0,0.382,0,0
CL104401,4139001.0,3779069.0,1.1,3,0.649,57,0.389,0,0,-1,0.815,0,0
CL104402,1560253.0,9238204.0,4.2,1,0.036,80,0.492,0,0,1,0.825,0,0
CL104403,2882872.0,4033058.0,2.1,5,0.218,16,0.709,0,0,-1,0.305,0,0
CL104404,2274823.0,2972436.0,2.2,1,0.266,168,0.845,0,2,0,0.477,0,0
CL104405,3698512.0,8298118.0,17.8,5,0.363,120,0.747,0,0,1,0.262,0,0
CL104406,2286169.0,4345073.0,6.1,1,0.444,134,0.515,1,0,-1,0.869,0,1
CL104407,1997743.0,2361917.0,5.3,1,0.404,149,0.271,1,0,0,0.518,0,0
CL104408,3173845.0,8961949.0,9.4,1,0.398,9,0.963,0,0,0,0.338,0,0
CL104409,3753069.0,4572466.0,24.2,2,0.077,171,0.56,0,0,1,0.695,0,0
CL104410,1733802.0,4000973.0,1.0,5,0.349,28,0.697,0,0,-2,0.686,0,0
CL104411,2348911.0,4522321.0,14.3,3,0.284,45,0.737,0,0,-1,0.233,1,0
CL104412,1426565.0,1887063.0,7.0,4,0.737,58,0.721,1,0,0,0.307,0,0
CL104413,694515.0,2759727.0,1.3,5,0.465,29,0.688,1,0,0,0.682,0,0
CL104414,2677060.0,4002813.0,2.8,2,0.081,95,0.886,0,2,-1,0.16,0,0
CL104415,3283606.0,3484153.0,5.3,5,0.514,121,0.381,1,1,0,0.447,0,0
CL104416,2760806.0,9729761.0,9.4,3,0.426,57,0.643,0,2,1,0.129,0,0
CL104417,913665.0,4649099.0,2.2,5,0.385,33,0.769,2,0,-1,0.256,0,0
CL104418,2032090.0,7263939.0,6.1,2,0.306,108,0.335,0,0,1,0.011,0,0
CL104419,798768.0,4019133.0,9.2,2,0.426,132,0.689,0,0,-2,0.281,0,0
CL104420,4803477.0,8363620.0,4.8,4,0.1,16,0.42,1,0,-1,0.748,0,0
CL104421,1407003.0,5273841.0,15.9,3,0.082,131,0.567,0,1,-2,0.598,1,0
CL104422,4536661.0,4030473.0,16.3,4,0.088,89,0.377,0,0,-1,0.168,0,0
CL104423,3886171.0,3955833.0,5.1,1,0.161,81,0.569,0,0,-2,0.495,0,0
CL104424,1543719.0,2047015.0,28.9,2,0.474,150,0.414,0,0,0,0.554,0,0
CL104425,1374510.0,5693530.0,0.6,4,0.449,82,0.491,0,1,-2,0.477,0,0
CL104426,2885432.0,3881983.0,0.0,2,0.289,96,0.613,0,0,-1,0.296,0,0
CL104427,1587765.0,2809749.0,3.8,2,0.627,146,0.824,0,0,1,0.669,0,0
CL104428,2549078.0,8662581.0,7.4,1,0.375,57,0.615,1,0,0,0.114,0,0
CL104429,1902323.0,1664190.0,7.9,2,0.355,153,0.858,0,0,1,0.716,0,0
CL104430,993929.0,2970536.0,5.2,4,0.252,28,0.616,0,0,0,0.436,1,0
CL104431,793942.0,8198019.0,1.1,3,0.168,168,0.621,0,0,-1,0.216,0,1
CL104432,2712394.0,4979630.0,1.5,5,0.522,151,0.926,0,0,1,0.491,0,0
CL104433,1828892.0,3861239.0,15.3,4,0.143,136,0.687,1,0,1,0.253,0,0
CL104434,1836652.0,4759735.0,16.2,1,0.294,141,0.38,0,1,-1,0.56,0,1
CL104435,3429524.0,4527090.0,9.0,5,0.271,172,0.699,0,0,0,0.428,1,0
CL104436,4354503.0,1381025.0,8.7,2,0.403,121,0.413,1,1,0,0.292,0,0
CL104437,2113229.0,3126788.0,7.3,4,0.346,47,0.371,0,1,-1,0.696,0,0
CL104438,2042532.0,12379657.0,1.8,5,0.631,10,0.365,1,0,0,0.443,1,0
CL104439,3109808.0,2516735.0,4.5,4,0.282,41,0.863,0,0,1,0.212,1,0
CL104440,1228780.0,3195293.0,9.5,2,0.112,74,0.802,1,0,0,0.496,0,0
CL104441,2707609.0,2732877.0,6.2,4,0.154,177,0.592,0,0,-1,0.057,0,0
CL104442,3191313.0,3756842.0,0.2,1,0.883,15,0.818,0,0,-2,0.136,0,0
CL104443,3402820.0,2654625.0,24.6,5,0.1,74,0.46,2,1,-1,0.384,0,0
CL104444,919535.0,5613691.0,14.9,5,0.163,52,0.958,0,0,0,0.638,0,0
CL104445,1655018.0,4584169.0,2.4,5,0.356,174,0.499,0,0,0,0.551,0,0
CL104446,1561049.0,6861820.0,7.7,4,0.504,59,0.955,0,0,1,0.408,1,0
CL104447,2545769.0,1913302.0,20.5,2,0.479,176,0.608,0,1,0,0.314,0,0
CL104448,3079791.0,3146375.0,0.8,4,0.723,118,0.643,0,0,0,0.222,0,0
CL104449,5118414.0,3409220.0,5.6,4,0.377,39,0.545,0,0,1,0.376,0,0
CL104450,1890813.0,5492823.0,4.9,5,0.096,126,0.471,0,0,0,0.206,0,0
CL104451,1888350.0,2291564.0,4.2,2,0.461,42,0.868,0,0,0,0.194,1,0
CL104452,4303056.0,7579499.0,14.4,3,0.305,51,0.449,0,0,-2,0.556,0,0
CL104453,2808858.0,9161229.0,3.8,2,0.412,50,0.375,0,1,1,0.377,0,1
CL104454,4564528.0,1998264.0,0.5,4,0.388,92,0.556,0,2,0,0.174,0,1
CL104455,2797856.0,2831703.0,0.5,1,0.407,105,0.707,1,0,1,0.224,1,0
CL104456,1357889.0,2751476.0,0.3,2,0.439,66,0.81,1,0,-1,0.338,1,0
CL104457,1243494.0,25207959.0,4.2,5,0.229,169,0.348,0,0,-2,0.336,0,0
CL104458,1114865.0,2955179.0,10.1,1,0.538,58,0.337,1,0,0,0.331,0,0
CL104459,3372031.0,12920656.0,1.8,3,0.397,127,0.797,0,1,-1,0.211,0,0
CL104460,4387624.0,1645175.0,8.3,3,0.214,4,0.583,0,0,-2,0.298,0,0
CL104461,6105381.0,1997175.0,9.3,1,0.535,177,0.121,0,0,-1,0.274,0,0
CL104462,3691534.0,2469131.0,2.4,3,0.09,131,0.58,1,0,0,0.378,0,0
CL104463,4331478.0,2208927.0,7.3,1,0.589,32,0.427,0,0,-1,0.349,0,1
CL104464,1812091.0,3310040.0,9.2,4,0.459,175,0.621,0,0,-2,0.708,0,0
CL104465,1358365.0,2431102.0,5.0,1,0.205,62,0.946,0,0,-1,0.667,0,0
CL104466,3704429.0,2250045.0,3.3,4,0.721,144,0.343,0,1,-1,0.691,0,0
CL104467,2984194.0,8983772.0,7.7,5,0.569,18,0.214,2,0,1,0.304,0,0
CL104468,2555407.0,9404093.0,30.5,5,0.601,134,0.481,0,1,1,0.325,1,0
CL104469,2939311.0,7760114.0,4.5,3,0.416,106,0.745,1,0,0,0.84,1,0
CL104470,2846477.0,5762023.0,4.0,1,0.132,65,0.405,0,1,1,0.391,0,0
CL104471,4601571.0,4260598.0,5.0,4,0.152,80,0.834,0,0,-1,0.436,0,0
CL104472,4627340.0,2819524.0,0.6,5,0.121,37,0.696,0,1,1,0.678,0,0
CL104473,3179105.0,2048851.0,6.4,5,0.682,73,0.727,0,0,-2,0.108,0,0
CL104474,3696516.0,5147887.0,3.2,5,0.127,81,0.913,1,0,-2,0.179,0,1
CL104475,3131527.0,1755841.0,1.0,3,0.268,100,0.676,1,3,0,0.181,0,0
CL104476,1923035.0,1991215.0,5.0,5,0.217,59,0.931,0,1,1,0.283,0,0
CL104477,3535207.0,8948883.0,0.0,2,0.634,95,0.734,0,0,1,0.701,0,0
CL104478,1205919.0,15103761.0,4.1,3,0.677,162,0.545,1,2,0,0.304,0,0
CL104479,4101838.0,5258238.0,0.9,1,0.056,37,0.871,0,1,-1,0.161,0,0
CL104480,1332728.0,8662553.0,0.2,2,0.551,162,0.537,0,0,-2,0.404,1,0
CL104481,2793768.0,3361528.0,13.9,3,0.071,173,0.974,2,0,1,0.568,0,1
CL104482,1587106.0,1565363.0,19.8,3,0.386,101,0.678,1,0,1,0.518,1,0
CL104483,3193712.0,6128865.0,1.9,4,0.532,129,0.952,2,1,0,0.641,0,0
CL104484,2381015.0,5947625.0,6.2,2,0.198,53,0.207,0,0,-2,0.222,0,0
CL104485,1091018.0,4198207.0,2.6,2,0.25,62,0.706,1,0,1,0.172,0,0
CL104486,2988702.0,3369710.0,5.4,2,0.172,143,0.738,1,0,1,0.632,0,0
CL104487,1813990.0,7830582.0,4.6,5,0.201,51,0.755,0,1,-1,0.703,0,0
CL104488,3762422.0,2002660.0,2.5,5,0.206,14,0.804,0,0,0,0.491,0,1
CL104489,2423353.0,2322962.0,9.6,1,0.053,108,0.891,1,0,1,0.401,0,0
CL104490,2951165.0,1971540.0,1.1,1,0.215,98,0.425,1,0,1,0.402,0,0
CL104491,1500360.0,4237487.0,0.4,1,0.46,59,0.714,2,1,-2,0.651,1,0
CL104492,1803670.0,1864447.0,11.7,5,0.075,1,0.43,1,1,-2,0.51,1,0
CL104493,1925470.0,2473217.0,8.8,4,0.746,145,0.557,0,0,-2,0.047,0,1
CL104494,3716717.0,2436251.0,5.5,1,0.101,56,0.493,0,0,-1,0.389,0,0
CL104495,5602304.0,3326975.0,5.0,3,0.768,133,0.287,0,0,-2,0.073,0,0
CL104496,1619154.0,1409630.0,5.5,5,0.227,145,0.232,0,0,0,0.517,0,0
CL104497,4149192.0,4244113.0,4.6,4,0.216,18,0.715,0,0,-1,0.43,0,1
CL104498,818445.0,9560136.0,4.0,3,0.222,89,0.403,0,0,1,0.254,1,0
CL104499,1332950.0,4390018.0,5.5,3,0.664,55,0.486,1,0,-1,0.519,0,0
CL104500,1499453.0,11744843.0,6.0,5,0.196,47,0.538,0,0,1,0.128,1,0
CL104501,1231503.0,10158270.0,9.4,2,0.451,177,0.569,0,0,0,0.365,0,0
CL104502,1097127.0,6881963.0,9.9,4,0.171,151,0.761,0,1,1,0.617,0,0
CL104503,2977217.0,4207083.0,3.8,5,0.27,104,0.179,0,0,0,0.568,1,0
CL104504,2175929.0,4056172.0,4.3,2,0.536,21,0.861,0,1,1,0.545,1,0
CL104505,2927627.0,6815158.0,3.7,5,0.166,157,0.294,0,0,-1,0.333,0,0
CL104506,3420292.0,3035330.0,6.2,5,0.449,174,0.995,1,0,-2,0.542,0,0
CL104507,2765712.0,1069001.0,4.8,3,0.523,100,0.372,0,0,-1,0.132,1,1
CL104508,3364808.0,5634409.0,17.6,5,0.479,10,0.455,1,0,0,0.322,0,0
CL104509,2339000.0,1808941.0,9.5,2,0.232,84,0.744,0,0,-1,0.378,0,0
CL104510,1337755.0,2036007.0,18.3,3,0.422,53,0.693,1,0,0,0.338,1,1
CL104511,4109891.0,3993413.0,9.9,2,0.618,127,0.666,0,0,-1,0.204,0,0
CL104512,1803868.0,3735576.0,28.3,2,0.613,135,0.882,0,0,0,0.145,0,0
CL104513,1516934.0,1485924.0,8.1,3,0.286,30,0.918,1,0,-1,0.353,0,0
CL104514,2215616.0,4483184.0,26.5,2,0.696,93,0.585,1,0,-2,0.391,0,0
CL104515,1534315.0,7852149.0,1.4,1,0.447,55,0.56,0,0,0,0.341,1,0
CL104516,1965554.0,1812397.0,0.4,5,0.257,65,0.298,1,1,1,0.487,0,1
CL104517,2876334.0,9730135.0,6.9,3,0.343,21,0.871,1,0,0,0.673,1,0
CL104518,2882507.0,1339598.0,32.8,3,0.442,7,0.266,0,0,-2,0.689,0,0
CL104519,1545851.0,17577441.0,4.3,1,0.229,44,0.148,1,0,-2,0.751,0,1
CL104520,1897689.0,2993991.0,1.9,1,0.128,68,0.59,1,0,-2,0.511,0,0
CL104521,4143977.0,4421245.0,5.9,1,0.117,103,0.428,0,0,1,0.516,0,0
CL104522,3103993.0,1061907.0,8.4,1,0.207,143,0.518,0,0,-2,0.671,0,0
CL104523,6834764.0,3822842.0,3.0,4,0.797,98,0.823,0,0,-2,0.322,0,0
CL104524,4369085.0,4685286.0,10.0,3,0.22,2,0.728,0,1,1,0.64,0,0
CL104525,4291499.0,3759086.0,29.5,2,0.252,101,0.108,0,0,-2,0.501,0,1
CL104526,1209921.0,2692130.0,18.2,3,0.431,131,0.377,0,1,1,0.285,1,0
CL104527,3548126.0,2058329.0,2.8,3,0.348,176,0.914,3,1,-1,0.399,0,0
CL104528,2358288.0,8809741.0,3.2,3,0.305,47,0.476,1,1,-1,0.264,1,0
CL104529,1838589.0,4079826.0,3.7,1,0.621,171,0.505,1,0,-1,0.164,0,1
CL104530,2633983.0,11740168.0,4.0,1,0.684,100,0.697,1,1,0,0.469,1,1
CL104531,3884892.0,2761991.0,0.8,4,0.572,27,0.657,1,0,0,0.53,0,0
CL104532,3110879.0,2945072.0,11.5,3,0.559,132,0.41,0,0,-2,0.072,0,0
CL104533,1560884.0,7066783.0,3.6,5,0.239,36,0.554,1,0,1,0.686,0,0
CL104534,3510361.0,1281982.0,17.0,4,0.358,83,0.374,0,1,0,0.661,0,0
CL104535,1760672.0,1707559.0,20.9,1,0.2,98,0.358,1,0,1,0.517,0,1
CL104536,2698864.0,8608318.0,0.2,3,0.11,80,0.402,0,0,-1,0.602,0,1
CL104537,2080929.0,1757928.0,35.7,1,0.379,173,0.546,1,0,1,0.302,0,0
CL104538,2170714.0,1117567.0,9.9,2,0.299,51,0.431,1,0,-1,0.424,1,0
CL104539,3552356.0,14767938.0,5.9,1,0.379,86,0.725,0,1,0,0.19,0,1
CL104540,1439639.0,1505036.0,3.9,1,0.211,160,0.667,2,0,1,0.366,1,0
CL104541,6405052.0,4542025.0,5.8,4,0.273,2,0.753,1,0,1,0.519,0,0
CL104542,974283.0,4190622.0,3.1,2,0.397,17,0.65,1,1,-1,0.138,0,1
CL104543,1796168.0,558249.0,7.8,5,0.5,23,0.558,1,1,1,0.245,0,0
CL104544,2914200.0,3311388.0,0.8,5,0.494,172,0.566,0,0,-1,0.474,1,1
CL104545,3243479.0,5465080.0,7.8,5,0.429,46,0.667,1,1,0,0.167,0,0
CL104546,2303090.0,5116681.0,2.6,3,0.663,140,0.825,0,0,-1,0.506,1,0
CL104547,2353242.0,7515398.0,0.1,5,0.106,54,0.481,2,0,-1,0.153,0,1
CL104548,2973574.0,3044222.0,6.4,3,0.54,13,0.89,0,1,1,0.796,0,0
CL104549,2157510.0,6574789.0,6.9,1,0.415,71,0.625,1,0,1,0.637,1,1
CL104550,4860202.0,2464426.0,4.4,5,0.197,15,0.293,2,0,1,0.307,0,1
CL104551,3684607.0,1487597.0,0.6,4,0.221,62,0.373,1,0,0,0.455,1,0
CL104552,3746798.0,1609751.0,17.9,2,0.244,152,0.803,0,0,1,0.369,0,0
CL104553,1493931.0,1434781.0,7.6,2,0.254,70,0.51,0,0,0,0.63,0,0
CL104554,2327501.0,8094620.0,1.0,1,0.602,71,0.427,0,0,0,0.836,0,0
CL104555,2083932.0,1383046.0,5.7,2,0.202,131,0.561,0,0,-2,0.934,0,0
CL104556,1464756.0,4837106.0,5.5,2,0.151,157,0.482,1,0,1,0.46,0,0
CL104557,2899596.0,3314618.0,0.5,1,0.045,21,0.701,0,0,-1,0.472,0,0
CL104558,1850890.0,3715954.0,7.5,1,0.456,54,0.725,0,0,1,0.368,0,0
CL104559,3360841.0,10371011.0,13.2,1,0.283,134,0.682,1,0,1,0.746,0,0
CL104560,1418207.0,2937592.0,11.1,4,0.254,121,0.624,1,0,-1,0.334,0,0
CL104561,5720234.0,6126420.0,1.8,1,0.093,11,0.293,0,1,-1,0.388,0,0
CL104562,1547009.0,4099167.0,15.9,1,0.655,155,0.731,0,0,0,0.424,1,0
CL104563,2702401.0,3589727.0,3.4,1,0.321,125,0.046,0,1,-1,0.17,0,1
CL104564,3598147.0,19974727.0,23.4,5,0.153,72,0.38,1,0,-2,0.862,0,0
CL104565,1820606.0,1455792.0,0.6,5,0.352,109,0.474,0,0,1,0.353,0,1
CL104566,3708857.0,9844193.0,5.3,4,0.492,27,0.659,1,0,1,0.525,0,0
CL104567,1309830.0,6321611.0,7.3,4,0.294,160,0.294,0,0,-1,0.391,0,0
CL104568,5005555.0,2854287.0,2.3,2,0.703,93,0.59,2,0,-1,0.099,0,0
CL104569,2438941.0,12491050.0,11.8,5,0.205,33,0.753,0,0,-1,0.616,0,0
CL104570,1797297.0,1095064.0,7.9,4,0.441,5,0.432,1,0,0,0.423,0,0
CL104571,2085270.0,2771123.0,0.1,4,0.044,9,0.302,0,0,0,0.535,0,0
CL104572,3628971.0,1713524.0,7.5,2,0.121,141,0.612,0,0,1,0.41,0,0
CL104573,1808073.0,5327850.0,5.4,1,0.4,94,0.696,0,0,0,0.481,1,0
CL104574,1664976.0,1831883.0,1.7,3,0.298,118,0.304,1,0,1,0.349,1,0
CL104575,2167818.0,5406674.0,43.7,2,0.389,89,0.545,0,0,1,0.365,1,0
CL104576,1344481.0,3504276.0,18.2,3,0.067,134,0.854,1,0,0,0.322,0,0
CL104577,6018039.0,2854628.0,2.8,2,0.424,103,0.684,0,0,0,0.346,0,0
CL104578,1824475.0,5241158.0,6.2,2,0.291,74,0.637,0,1,-2,0.085,1,0
CL104579,3670390.0,3308366.0,3.0,1,0.349,164,0.324,1,0,-1,0.622,0,0
CL104580,2689148.0,1863479.0,12.0,4,0.071,125,0.911,0,1,-2,0.264,0,0
CL104581,1480267.0,28373356.0,21.3,5,0.289,178,0.375,0,0,1,0.747,0,0
CL104582,2414548.0,2839058.0,3.6,2,0.501,48,0.537,0,1,1,0.172,0,0
CL104583,3584041.0,845492.0,13.1,1,0.47,83,0.757,0,1,0,0.295,0,0
CL104584,2204187.0,2214486.0,5.5,3,0.242,11,0.479,1,1,-2,0.654,0,0
CL104585,4397543.0,1644433.0,4.0,4,0.52,145,0.725,0,0,-1,0.507,0,0
CL104586,4035972.0,7119172.0,22.3,2,0.165,130,0.612,2,0,0,0.131,0,1
CL104587,3834147.0,5001042.0,5.7,3,0.245,7,0.58,0,0,0,0.24,0,0
CL104588,1924490.0,5278217.0,5.0,2,0.292,105,0.558,0,1,1,0.485,0,0
CL104589,1411380.0,3081676.0,8.9,5,0.101,57,0.619,1,0,-1,0.166,0,0
CL104590,1781927.0,3283613.0,2.4,5,0.12,31,0.819,0,0,1,0.186,0,0
CL104591,2671419.0,3079717.0,3.1,4,0.017,121,0.592,1,0,0,0.328,0,1
CL104592,3181595.0,3772184.0,21.5,3,0.092,174,0.435,0,1,-2,0.074,0,1
CL104593,817670.0,7165106.0,9.1,5,0.658,81,0.767,0,1,-1,0.447,0,0
CL104594,2411943.0,5051788.0,14.0,1,0.091,79,0.807,1,0,0,0.142,0,0
CL104595,2620943.0,5666482.0,2.5,4,0.083,135,0.414,1,0,0,0.083,0,0
CL104596,2107953.0,5664285.0,6.3,2,0.294,94,0.532,1,0,1,0.259,0,1
CL104597,4618760.0,7415698.0,28.4,3,0.365,142,0.475,2,0,-1,0.302,0,0
CL104598,2990317.0,4885123.0,3.1,3,0.17,95,0.499,1,1,0,0.268,0,0
CL104599,4662657.0,5132963.0,1.4,1,0.458,9,0.721,0,1,-2,0.582,0,0
CL104600,2173870.0,9176573.0,5.7,5,0.241,9,0.292,0,0,0,0.766,0,0
CL104601,3869898.0,2506675.0,3.9,3,0.25,113,0.658,0,0,-1,0.328,0,0
CL104602,5485030.0,2193437.0,1.4,1,0.227,122,0.857,0,0,0,0.56,0,0
CL104603,4666159.0,1740799.0,17.6,1,0.771,130,0.699,1,1,1,0.339,0,0
CL104604,1402728.0,4538196.0,37.4,2,0.306,108,0.601,1,1,0,0.842,0,0
CL104605,2133260.0,1090762.0,6.7,1,0.569,86,0.855,0,1,0,0.53,0,1
CL104606,2037874.0,5517900.0,11.9,4,0.181,16,0.454,1,2,-1,0.541,0,0
CL104607,3092923.0,3698970.0,15.7,3,0.34,2,0.78,0,1,0,0.423,0,0
CL104608,3413254.0,8835142.0,9.7,4,0.648,151,0.479,1,0,0,0.33,1,0
CL104609,1592083.0,2494647.0,0.4,1,0.384,126,0.573,0,0,-2,0.189,0,0
CL104610,2505301.0,3463109.0,1.4,1,0.167,118,0.688,0,0,-2,0.526,0,0
CL104611,882079.0,8758562.0,0.6,4,0.387,156,0.657,2,0,-1,0.192,1,0
CL104612,4980160.0,10513755.0,0.1,2,0.182,128,0.555,1,1,-2,0.352,0,0
CL104613,1874426.0,2480308.0,2.9,1,0.502,43,0.517,0,1,-1,0.144,0,0
CL104614,2490345.0,4534597.0,4.0,4,0.179,63,0.539,1,1,-1,0.65,1,0
CL104615,2074385.0,4906607.0,2.2,4,0.23,125,0.827,0,0,0,0.251,1,0
CL104616,4295222.0,5186436.0,0.5,3,0.309,145,0.785,0,0,-2,0.21,1,0
CL104617,586101.0,3322397.0,6.0,2,0.187,164,0.87,0,0,-2,0.294,0,0
CL104618,2401718.0,9790943.0,2.6,5,0.067,19,0.753,0,1,1,0.019,0,0
CL104619,2296945.0,1063640.0,12.7,4,0.646,133,0.605,1,1,-2,0.711,0,0
CL104620,1930292.0,2973377.0,0.1,3,0.413,23,0.555,0,0,-2,0.38,0,0
CL104621,5740824.0,5463234.0,14.8,5,0.418,108,0.617,0,0,1,0.055,0,0
CL104622,1553988.0,5498893.0,24.8,3,0.511,19,0.45,1,1,-2,0.289,0,1
CL104623,3562233.0,10292554.0,10.1,3,0.261,128,0.671,0,0,0,0.477,0,0
CL104624,2893931.0,9237278.0,10.6,2,0.275,129,0.46,0,0,1,0.186,0,0
CL104625,4550554.0,3269412.0,21.7,1,0.389,155,0.279,0,1,1,0.502,0,0
CL104626,1734805.0,9918476.0,1.9,2,0.762,43,0.42,0,0,-2,0.437,0,0
CL104627,1678675.0,2422161.0,41.7,5,0.326,25,0.902,0,0,0,0.388,1,0
CL104628,4189261.0,7660756.0,11.9,2,0.129,6,0.557,0,0,0,0.308,0,0
CL104629,2995617.0,14180321.0,10.4,1,0.122,81,0.671,1,2,-2,0.213,0,0
CL104630,1118536.0,9346018.0,3.6,2,0.553,76,0.726,0,0,-1,0.484,0,0
CL104631,1849355.0,4299629.0,6.3,2,0.224,25,0.485,0,0,-1,0.677,0,1
CL104632,2937858.0,3165289.0,8.5,2,0.043,119,0.475,0,1,-2,0.243,0,0
CL104633,3681689.0,1369541.0,7.7,4,0.297,122,0.719,0,0,-1,0.166,0,0
CL104634,1724391.0,4962289.0,9.8,4,0.587,174,0.74,0,0,-1,0.53,0,0
CL104635,564035.0,1829124.0,0.7,2,0.026,103,0.275,0,0,0,0.29,0,0
CL104636,3145903.0,2291703.0,3.5,1,0.193,59,0.333,0,0,-2,0.177,0,0
CL104637,1315648.0,1734931.0,4.6,1,0.195,119,0.854,0,1,-2,0.115,0,0
CL104638,883221.0,2892771.0,2.4,1,0.295,55,0.525,0,0,0,0.484,0,0
CL104639,587621.0,3915374.0,1.5,1,0.16,152,0.512,0,0,1,0.23,0,0
CL104640,3638167.0,4835670.0,1.2,3,0.37,75,0.398,1,0,-2,0.377,0,0
CL104641,2582604.0,2622518.0,3.7,2,0.278,152,0.343,0,1,0,0.591,1,0
CL104642,2163357.0,8440048.0,5.4,2,0.189,131,0.893,0,0,-1,0.339,1,1
CL104643,4850111.0,3451282.0,0.5,3,0.201,168,0.409,0,0,-1,0.168,0,0
CL104644,3330598.0,2300402.0,23.4,1,0.101,148,0.601,0,0,0,0.663,0,1
CL104645,5433804.0,4678109.0,11.6,5,0.184,87,0.594,0,0,-2,0.122,1,0
CL104646,1206980.0,15783679.0,10.5,5,0.027,124,0.478,1,0,-2,0.225,0,0
CL104647,2380270.0,5048554.0,1.5,3,0.307,77,0.621,0,0,-1,0.269,0,0
CL104648,1079106.0,3097175.0,7.4,5,0.616,93,0.481,0,0,-2,0.283,1,0
CL104649,2159331.0,1370625.0,6.0,4,0.486,79,0.807,0,0,0,0.517,0,0
CL104650,2138664.0,3424313.0,32.4,2,0.765,8,0.893,0,1,-2,0.106,1,0
CL104651,3312808.0,4706475.0,11.0,5,0.207,98,0.348,2,1,1,0.509,0,1
CL104652,2477553.0,3044032.0,6.9,4,0.316,117,0.786,0,1,0,0.638,0,0
CL104653,3307501.0,1244483.0,15.2,2,0.238,55,0.855,1,0,1,0.172,0,0
CL104654,3442540.0,2201400.0,1.3,4,0.283,37,0.442,0,0,-1,0.075,0,0
CL104655,7113211.0,11052607.0,0.1,2,0.171,90,0.745,1,0,-2,0.538,0,0
CL104656,2068536.0,10894849.0,9.4,2,0.209,14,0.969,0,0,-1,0.282,0,0
CL104657,1512824.0,2146507.0,0.8,5,0.407,176,0.467,0,0,-1,0.465,0,1
CL104658,2738831.0,6394378.0,1.0,3,0.626,89,0.639,0,0,-2,0.284,0,0
CL104659,1621496.0,1749777.0,10.9,5,0.295,67,0.786,0,0,1,0.192,0,0
CL104660,5080806.0,10670798.0,2.5,1,0.319,160,0.775,0,0,1,0.406,0,0
CL104661,2101981.0,4740557.0,7.9,4,0.384,164,0.684,0,0,1,0.383,0,0
CL104662,1825221.0,7761988.0,20.0,1,0.593,133,0.233,0,1,-1,0.182,0,0
CL104663,1913304.0,1201925.0,3.0,2,0.256,79,0.659,0,1,1,0.566,1,0
CL104664,3468417.0,6416260.0,2.0,5,0.281,122,0.444,0,1,-1,0.333,0,0
CL104665,2238075.0,3971396.0,0.9,1,0.232,18,0.307,3,0,1,0.431,0,0
CL104666,1757085.0,7248828.0,1.1,1,0.251,11,0.494,0,0,0,0.255,1,0
CL104667,5568721.0,7575330.0,0.5,1,0.872,74,0.711,0,1,-1,0.768,0,0
CL104668,1578389.0,4180951.0,0.7,2,0.391,132,0.753,1,1,-2,0.566,0,1
CL104669,2465199.0,2621925.0,4.5,2,0.511,126,0.727,0,1,-2,0.56,0,0
CL104670,3355640.0,6891417.0,3.1,2,0.743,148,0.632,0,1,1,0.368,0,0
CL104671,1071245.0,3828149.0,9.8,1,0.538,133,0.404,1,0,-1,0.418,1,1
CL104672,3079046.0,2167425.0,16.3,4,0.375,110,0.546,0,0,0,0.383,1,0
CL104673,1428944.0,2096738.0,12.3,5,0.271,141,0.46,0,0,1,0.236,1,0
CL104674,3654213.0,1419741.0,6.1,5,0.319,73,0.272,0,0,-1,0.178,0,0
CL104675,1496552.0,2793473.0,0.9,2,0.475,3,0.746,1,1,1,0.355,0,0
CL104676,3424221.0,8639752.0,9.9,1,0.277,2,0.901,0,0,-1,0.127,0,0
CL104677,4209761.0,4522072.0,3.6,4,0.513,140,0.717,0,0,-1,0.25,0,0
CL104678,3725525.0,2755646.0,0.7,3,0.55,88,0.375,0,0,0,0.229,0,0
CL104679,2746007.0,7013863.0,14.8,2,0.342,56,0.703,0,0,0,0.463,0,0
CL104680,2157260.0,2229452.0,3.3,3,0.367,58,0.396,0,1,0,0.599,0,0
CL104681,1815352.0,4268381.0,2.0,5,0.248,143,0.61,1,0,-2,0.756,1,0
CL104682,5053125.0,3521011.0,16.4,5,0.439,1,0.444,2,0,1,0.385,0,1
CL104683,1707007.0,6888690.0,18.6,4,0.486,113,0.829,0,0,-1,0.613,0,0
CL104684,1441892.0,1323698.0,3.3,4,0.23,71,0.485,1,0,1,0.434,0,0
CL104685,3377629.0,2201967.0,3.5,3,0.363,102,0.652,0,0,0,0.513,0,1
CL104686,1626485.0,1268351.0,6.9,5,0.49,45,0.56,0,0,-2,0.741,1,0
CL104687,1506001.0,3329332.0,10.6,4,0.404,144,0.562,1,1,-1,0.355,0,0
CL104688,1176669.0,9323039.0,0.5,4,0.389,123,0.529,0,0,1,0.411,0,0
CL104689,1902245.0,2802961.0,7.2,5,0.35,17,0.571,0,0,1,0.536,1,0
CL104690,2323633.0,2792705.0,24.4,5,0.833,30,0.448,0,1,-1,0.466,0,1
CL104691,2734737.0,7349972.0,2.4,1,0.244,37,0.834,0,0,1,0.507,0,0
CL104692,3896749.0,8435712.0,19.2,4,0.097,18,0.54,0,0,0,0.133,0,0
CL104693,3151689.0,3752753.0,24.0,3,0.376,11,0.346,0,0,0,0.547,0,0
CL104694,2201312.0,6448128.0,2.5,2,0.623,60,0.193,0,0,1,0.512,0,0
CL104695,2193266.0,1878777.0,11.2,2,0.39,154,0.751,0,1,0,0.257,1,0
CL104696,3125418.0,10475838.0,2.2,5,0.592,80,0.592,1,0,0,0.406,0,0
CL104697,4575768.0,17967846.0,10.7,3,0.33,38,0.324,0,0,0,0.314,0,0
CL104698,2579631.0,5750809.0,12.8,1,0.318,137,0.728,0,0,1,0.123,0,0
CL104699,1915395.0,928168.0,2.3,4,0.251,46,0.557,0,0,-2,0.065,0,0
CL104700,1474113.0,2701287.0,10.1,1,0.255,172,0.777,0,0,1,0.284,1,0
CL104701,1175727.0,6131670.0,13.4,3,0.391,42,0.494,0,0,-2,0.875,0,1
CL104702,3379150.0,2972643.0,3.6,1,0.709,23,0.381,0,1,-1,0.142,0,0
CL104703,3233221.0,9728196.0,1.5,5,0.611,106,0.479,1,0,0,0.742,0,0
CL104704,3232226.0,6026700.0,0.8,2,0.29,34,0.496,0,0,-1,0.222,1,0
CL104705,2270863.0,2435024.0,6.9,5,0.319,150,0.468,0,0,0,0.513,0,0
CL104706,4893740.0,4083991.0,30.6,4,0.261,154,0.332,0,0,-2,0.382,0,0
CL104707,1901095.0,2135725.0,13.9,5,0.252,55,0.418,0,0,1,0.378,0,0
CL104708,3904478.0,3513737.0,4.6,3,0.236,15,0.601,1,0,-1,0.569,1,0
CL104709,2375286.0,2708173.0,6.2,3,0.399,79,0.437,0,0,1,0.179,0,0
CL104710,1786599.0,9086799.0,2.6,4,0.033,11,0.277,0,0,-2,0.091,0,0
CL104711,3256831.0,17561305.0,1.4,4,0.054,58,0.617,1,0,-1,0.348,0,0
CL104712,2972215.0,1466176.0,5.3,2,0.378,42,0.712,0,0,1,0.277,0,0
CL104713,2894973.0,1038979.0,5.0,1,0.47,81,0.277,1,0,0,0.641,0,0
CL104714,2522193.0,3363119.0,5.9,2,0.083,161,0.196,0,0,1,0.098,0,0
CL104715,2376296.0,1379331.0,24.4,5,0.314,172,0.486,0,0,-1,0.558,1,0
CL104716,7993874.0,4124058.0,7.4,1,0.094,89,0.457,0,0,-1,0.437,0,0
CL104717,4378113.0,6744617.0,7.4,4,0.721,135,0.708,2,0,1,0.494,0,0
CL104718,3476072.0,11363299.0,1.1,3,0.667,117,0.601,0,1,1,0.13,1,0
CL104719,2560977.0,4597284.0,45.2,5,0.441,52,0.378,0,0,-1,0.378,0,0
CL104720,4007101.0,3487834.0,11.9,2,0.342,13,0.781,0,0,-1,0.252,0,0
CL104721,3137690.0,999620.0,16.8,4,0.535,32,0.842,0,0,-2,0.262,0,0
CL104722,2453687.0,4066648.0,4.3,1,0.138,39,0.755,0,0,-2,0.228,0,0
CL104723,2080706.0,4197086.0,5.6,1,0.233,78,0.415,0,1,0,0.338,0,1
CL104724,2325723.0,6244863.0,5.9,3,0.393,63,0.446,0,0,-1,0.435,1,0
CL104725,496226.0,2431596.0,1.7,4,0.126,20,0.511,0,0,-2,0.657,0,0
CL104726,2690669.0,2944540.0,9.4,4,0.076,16,0.321,0,0,0,0.138,1,0
CL104727,1896958.0,1418908.0,18.7,5,0.073,158,0.569,0,0,-2,0.335,0,0
CL104728,5369981.0,802988.0,1.4,5,0.68,105,0.283,2,0,-2,0.159,0,0
CL104729,2445285.0,1837749.0,0.7,1,0.418,147,0.897,2,0,1,0.395,0,0
CL104730,1336438.0,1330110.0,10.7,2,0.153,101,0.451,1,0,-2,0.687,0,0
CL104731,2362096.0,5054041.0,2.6,1,0.287,74,0.715,2,0,0,0.767,0,0
CL104732,1435379.0,2778179.0,7.8,5,0.252,72,0.481,0,0,-1,0.465,1,1
CL104733,3068513.0,2739358.0,9.5,5,0.773,78,0.497,0,0,1,0.219,0,1
CL104734,2800963.0,2004511.0,3.1,5,0.135,158,0.739,1,0,1,0.227,0,1
CL104735,3909499.0,415486.0,13.5,1,0.412,106,0.363,1,0,-2,0.18,0,0
CL104736,1630764.0,11476563.0,6.4,4,0.477,162,0.57,0,0,-1,0.205,0,0
CL104737,2463279.0,1982384.0,16.3,2,0.431,167,0.727,1,0,1,0.212,1,0
CL104738,1223822.0,2991561.0,11.5,2,0.055,49,0.581,0,0,-1,0.159,0,0
CL104739,3439193.0,1442049.0,16.2,5,0.543,101,0.282,0,0,-2,0.603,0,0
CL104740,3139065.0,7884042.0,0.2,3,0.187,120,0.658,0,0,-1,0.476,0,1
CL104741,3103070.0,4414478.0,2.2,1,0.59,133,0.406,0,0,-1,0.109,0,0
CL104742,2423709.0,2239010.0,0.8,4,0.331,105,0.813,1,0,-1,0.256,1,0
CL104743,2979859.0,3034142.0,4.7,5,0.388,43,0.741,0,1,0,0.266,0,0
CL104744,5401404.0,12925672.0,17.7,3,0.045,47,0.685,0,0,0,0.076,0,0
CL104745,2100010.0,3793962.0,5.0,5,0.143,145,0.406,1,0,-2,0.638,0,0
CL104746,2595585.0,3515831.0,15.2,3,0.029,19,0.765,0,0,-2,0.754,0,0
CL104747,1406953.0,2065810.0,3.2,2,0.196,174,0.685,0,0,-2,0.324,1,0
CL104748,1568875.0,1060015.0,3.3,3,0.118,117,0.392,1,1,-2,0.304,0,1
CL104749,2543131.0,3569632.0,18.1,2,0.393,56,0.409,0,0,-2,0.15,0,0
CL104750,4205765.0,5014476.0,4.4,2,0.11,154,0.24,0,2,1,0.209,0,1
CL104751,2130484.0,8620978.0,12.5,1,0.455,142,0.476,0,0,0,0.27,1,0
CL104752,2152287.0,827407.0,2.2,3,0.317,92,0.394,0,0,-2,0.18,0,0
CL104753,1975945.0,1816519.0,23.8,4,0.101,132,0.857,1,1,-2,0.399,0,0
CL104754,1853566.0,2659055.0,6.8,4,0.693,131,0.806,0,1,1,0.597,0,0
CL104755,2806604.0,3983070.0,11.4,3,0.4,79,0.263,0,1,1,0.563,0,0
CL104756,1145522.0,3607323.0,0.8,1,0.105,150,0.64,0,1,-2,0.307,0,0
CL104757,4594956.0,3666756.0,5.4,4,0.354,112,0.603,0,0,1,0.367,0,0
CL104758,1736338.0,5313000.0,18.5,5,0.194,50,0.548,0,1,1,0.389,0,0
CL104759,3474467.0,2121629.0,16.8,4,0.257,10,0.862,0,1,0,0.59,0,0
CL104760,1283371.0,7678225.0,0.4,1,0.478,98,0.53,0,0,-1,0.35,0,0
CL104761,3383496.0,5408145.0,2.9,2,0.212,16,0.814,0,0,-2,0.302,0,0
CL104762,3388752.0,3191870.0,4.7,2,0.253,37,0.714,0,0,0,0.259,0,0
CL104763,2934657.0,12245090.0,1.5,2,0.586,100,0.393,0,1,-1,0.624,1,0
CL104764,1472962.0,11869602.0,10.5,1,0.351,22,0.729,0,0,0,0.241,0,0
CL104765,2743580.0,7671531.0,1.6,2,0.082,122,0.643,0,0,-1,0.644,0,0
CL104766,1340391.0,482632.0,3.4,2,0.353,32,0.521,0,1,1,0.576,0,0
CL104767,2134234.0,12058273.0,8.7,1,0.13,172,0.342,0,1,0,0.302,1,0
CL104768,4051941.0,6964462.0,5.3,5,0.517,81,0.811,0,0,-2,0.416,0,0
CL104769,3606870.0,16264348.0,10.7,4,0.518,73,0.457,0,0,1,0.216,0,0
CL104770,2440202.0,9494519.0,26.0,1,0.073,33,0.475,0,0,1,0.489,0,0
CL104771,1487484.0,12053190.0,1.0,1,0.382,120,0.235,0,1,-1,0.709,0,1
CL104772,3344387.0,7385716.0,9.9,3,0.133,97,0.808,0,0,0,0.769,0,0
CL104773,2445330.0,10263303.0,2.1,2,0.281,130,0.777,1,1,-1,0.579,0,1
CL104774,759065.0,16125084.0,4.3,5,0.263,14,0.53,0,0,-2,0.171,0,1
CL104775,3581581.0,4646330.0,0.3,3,0.502,101,0.518,2,0,-2,0.273,0,0
CL104776,2392582.0,1328337.0,1.2,5,0.234,61,0.534,0,0,1,0.132,0,1
CL104777,4418124.0,3219631.0,3.1,2,0.463,65,0.816,0,0,0,0.206,0,0
CL104778,1400535.0,5245924.0,3.3,2,0.25,86,0.355,0,0,1,0.886,1,1
CL104779,494671.0,4207677.0,18.4,2,0.231,30,0.611,0,0,-2,0.461,0,0
CL104780,2784397.0,1668452.0,10.8,4,0.044,27,0.268,0,0,0,0.181,0,0
CL104781,2801826.0,1274740.0,28.7,5,0.289,64,0.456,0,0,-2,0.283,1,0
CL104782,1039930.0,2376611.0,7.3,5,0.429,33,0.912,1,0,0,0.369,0,0
CL104783,1484740.0,7028035.0,2.2,3,0.312,53,0.321,0,0,1,0.579,0,0
CL104784,9603219.0,12070051.0,3.2,1,0.376,80,0.385,0,0,1,0.496,0,0
CL104785,2078578.0,7584349.0,3.1,2,0.218,138,0.452,1,0,-2,0.658,0,0
CL104786,3490235.0,8370290.0,3.2,2,0.181,155,0.3,0,0,1,0.604,0,0
CL104787,1749202.0,3773181.0,8.9,3,0.443,165,0.25,0,0,1,0.855,0,0
CL104788,851580.0,1179431.0,6.1,5,0.251,130,0.504,2,1,1,0.316,0,1
CL104789,2224118.0,2903262.0,3.9,4,0.599,94,0.177,1,0,-1,0.525,0,1
CL104790,2120575.0,3331272.0,1.3,5,0.09,110,0.674,0,0,-1,0.399,0,0
CL104791,1982880.0,2819481.0,0.2,4,0.247,43,0.715,0,0,-2,0.278,0,0
CL104792,2286836.0,4148620.0,2.0,4,0.336,147,0.644,0,0,1,0.427,0,0
CL104793,2763847.0,5438391.0,0.9,5,0.174,115,0.528,1,0,1,0.368,1,0
CL104794,2246629.0,7254341.0,12.3,2,0.248,99,0.436,0,1,-1,0.426,0,0
CL104795,1287222.0,3286442.0,1.0,4,0.323,11,0.778,0,0,-1,0.314,0,0
CL104796,3088180.0,1053226.0,10.3,3,0.59,52,0.594,0,0,0,0.367,1,0
CL104797,913752.0,2847596.0,3.9,3,0.143,126,0.587,0,0,1,0.168,0,0
CL104798,868759.0,4116843.0,0.6,4,0.357,122,0.628,1,0,-2,0.298,1,0
CL104799,3504612.0,9397606.0,13.4,2,0.221,32,0.071,0,0,-2,0.077,0,0
CL104800,3120520.0,2683237.0,6.9,4,0.419,80,0.44,1,0,0,0.362,0,0
CL104801,2353237.0,5716004.0,2.2,3,0.297,29,0.654,0,0,-1,0.348,0,0
CL104802,1205344.0,4891754.0,18.0,3,0.289,36,0.45,0,0,-1,0.68,0,0
CL104803,1699840.0,4117391.0,0.4,5,0.363,175,0.533,0,0,0,0.482,1,0
CL104804,2123607.0,7658857.0,1.8,2,0.357,88,0.762,0,1,0,0.678,0,0
CL104805,1090398.0,2514064.0,11.2,5,0.135,171,0.55,0,0,-1,0.108,0,0
CL104806,1673597.0,2669414.0,9.9,1,0.253,112,0.023,1,0,-2,0.446,1,0
CL104807,3355681.0,3959663.0,2.7,4,0.254,52,0.543,0,0,0,0.377,0,1
CL104808,4943839.0,2550749.0,0.5,5,0.53,53,0.627,0,1,1,0.282,0,0
CL104809,1963585.0,5697902.0,15.6,2,0.104,68,0.675,2,0,-2,0.803,0,0
CL104810,3535072.0,2423602.0,3.0,4,0.089,133,0.518,0,0,-1,0.247,0,1
CL104811,930028.0,4678148.0,1.7,4,0.38,83,0.525,0,0,-1,0.223,0,0
CL104812,3367650.0,3722400.0,5.8,4,0.048,176,0.41,1,0,0,0.414,0,0
CL104813,1620144.0,4641036.0,19.3,4,0.105,115,0.701,2,1,-1,0.204,0,0
CL104814,2824022.0,2894089.0,0.4,4,0.534,152,0.89,0,0,-2,0.595,0,0
CL104815,2139588.0,3149134.0,11.6,2,0.168,124,0.599,0,1,0,0.288,0,0
CL104816,4686549.0,4270351.0,6.8,1,0.335,126,0.552,1,0,0,0.55,0,0
CL104817,1564039.0,4599472.0,4.4,3,0.349,112,0.675,1,2,-1,0.303,0,0
CL104818,3314453.0,3981060.0,10.9,1,0.407,1,0.542,0,1,-2,0.62,0,0
CL104819,2105885.0,13173972.0,27.0,3,0.127,99,0.297,1,1,-1,0.502,0,1
CL104820,2237450.0,1995658.0,2.1,5,0.13,2,0.352,0,0,-2,0.444,1,0
CL104821,2209050.0,3817313.0,1.2,4,0.145,138,0.406,1,1,-2,0.566,0,0
CL104822,1586694.0,1327038.0,19.5,5,0.58,59,0.862,0,0,0,0.129,0,0
CL104823,2404736.0,5180733.0,8.8,5,0.246,6,0.815,1,0,1,0.253,0,0
CL104824,2347064.0,1829087.0,4.6,3,0.574,104,0.912,0,0,-1,0.24,0,0
CL104825,2732207.0,3286004.0,6.8,2,0.562,83,0.396,0,0,-1,0.64,0,0
CL104826,2526265.0,3077275.0,11.0,4,0.694,176,0.744,1,1,0,0.102,1,1
CL104827,3609202.0,4860364.0,11.9,5,0.14,164,0.484,0,0,-1,0.04,0,1
CL104828,3842963.0,2711592.0,20.2,1,0.179,48,0.376,0,0,-2,0.312,0,0
CL104829,1432151.0,2632083.0,4.5,4,0.377,157,0.734,0,0,-2,0.429,1,0
CL104830,3739215.0,10909009.0,2.8,2,0.456,120,0.569,0,0,-1,0.601,0,0
CL104831,1338194.0,4872885.0,8.2,4,0.349,169,0.35,0,0,0,0.223,1,0
CL104832,3249228.0,2695959.0,4.3,5,0.523,88,0.554,0,0,-2,0.593,1,1
CL104833,3301440.0,3349818.0,7.2,1,0.179,128,0.852,0,1,-1,0.58,1,1
CL104834,931304.0,12632059.0,4.4,5,0.281,73,0.895,0,3,-1,0.21,0,1
CL104835,2536992.0,3386761.0,1.3,2,0.03,32,0.321,0,0,-2,0.159,0,0
CL104836,1916003.0,2464517.0,5.1,3,0.167,104,0.622,1,0,-2,0.789,1,0
CL104837,1657163.0,2471912.0,9.4,1,0.117,5,0.558,0,0,-1,0.216,0,0
CL104838,4758420.0,2718556.0,12.8,2,0.163,85,0.672,0,1,-2,0.438,1,0
CL104839,1746563.0,2633572.0,5.4,2,0.634,17,0.292,2,1,1,0.187,0,0
CL104840,1618178.0,1630254.0,1.4,5,0.599,24,0.82,0,1,0,0.102,0,0
CL104841,2515161.0,1817659.0,4.3,5,0.33,128,0.437,0,1,-2,0.358,0,0
CL104842,3411951.0,2234383.0,12.3,5,0.097,91,0.587,0,0,0,0.593,0,1
CL104843,2256162.0,6041118.0,4.3,3,0.297,112,0.507,0,0,0,0.455,0,0
CL104844,4339134.0,3057579.0,9.5,4,0.386,82,0.847,0,0,-2,0.642,0,0
CL104845,3158121.0,3453804.0,5.7,4,0.24,86,0.837,0,0,0,0.355,0,0
CL104846,814960.0,9713834.0,2.2,5,0.556,6,0.355,0,0,-1,0.549,0,1
CL104847,1858474.0,9884763.0,12.7,5,0.461,28,0.521,0,1,-1,0.206,0,0
CL104848,1828632.0,3277241.0,0.7,3,0.387,106,0.709,0,0,-1,0.387,0,0
CL104849,3077661.0,2567378.0,6.0,4,0.28,148,0.614,0,0,1,0.281,0,0
CL104850,651864.0,2180138.0,1.9,3,0.129,121,0.719,0,0,-1,0.525,0,0
CL104851,8662421.0,6484615.0,0.6,2,0.403,147,0.619,3,0,-1,0.298,0,1
CL104852,3158201.0,3459743.0,5.6,4,0.163,8,0.505,1,0,-2,0.26,0,0
CL104853,2608898.0,3046347.0,5.5,5,0.385,18,0.813,0,0,-1,0.267,0,0
CL104854,4372231.0,2259005.0,9.8,1,0.464,37,0.551,0,1,-2,0.606,0,0
CL104855,7817122.0,2329661.0,10.9,2,0.183,173,0.605,0,0,1,0.447,0,0
CL104856,3742908.0,4995463.0,10.4,1,0.545,38,0.456,1,0,-1,0.174,1,0
CL104857,3891894.0,1589918.0,4.2,3,0.523,2,0.828,1,0,1,0.772,0,0
CL104858,2585282.0,8011656.0,8.0,3,0.209,143,0.373,0,0,-1,0.317,0,1
CL104859,2256301.0,2747793.0,6.9,3,0.29,59,0.805,0,1,0,0.213,0,0
CL104860,1909023.0,3595720.0,4.4,5,0.374,75,0.714,0,0,0,0.263,1,0
CL104861,1602289.0,1566126.0,7.3,3,0.285,133,0.766,0,0,-1,0.436,0,0
CL104862,1717693.0,3958374.0,23.5,1,0.107,106,0.557,0,0,0,0.216,0,0
CL104863,1232706.0,3172960.0,1.7,2,0.03,148,0.634,2,0,0,0.169,1,0
CL104864,2331598.0,3855239.0,18.9,5,0.666,82,0.862,0,0,-2,0.544,0,0
CL104865,1043057.0,11186254.0,0.4,2,0.393,140,0.284,0,0,1,0.658,0,0
CL104866,2664317.0,4521655.0,2.9,3,0.277,113,0.504,1,0,-1,0.072,0,0
CL104867,2378153.0,2289259.0,2.7,4,0.408,81,0.496,0,0,-2,0.301,0,0
CL104868,2606366.0,2426781.0,7.9,5,0.293,68,0.645,1,0,1,0.215,0,0
CL104869,1865303.0,6056192.0,1.1,3,0.282,19,0.723,0,1,1,0.463,0,0
CL104870,11278741.0,9910301.0,17.1,5,0.3,87,0.732,0,0,1,0.749,0,0
CL104871,4780511.0,4863859.0,14.1,4,0.596,27,0.214,0,0,0,0.192,0,0
CL104872,1299810.0,6466198.0,8.4,1,0.5,116,0.28,0,0,0,0.197,0,0
CL104873,2720793.0,6118432.0,4.9,1,0.601,170,0.885,0,0,-2,0.149,0,0
CL104874,1786907.0,10781531.0,21.6,1,0.47,116,0.571,1,0,1,0.123,0,1
CL104875,1458268.0,1019973.0,14.2,4,0.113,45,0.464,1,1,-2,0.876,0,0
CL104876,1239184.0,6369638.0,5.5,2,0.555,78,0.572,1,0,0,0.491,0,0
CL104877,3005962.0,7949465.0,9.7,4,0.454,68,0.575,1,0,0,0.723,1,1
CL104878,1722539.0,1564213.0,6.7,4,0.196,152,0.903,1,1,-1,0.586,0,0
CL104879,3929069.0,2147967.0,7.1,3,0.288,87,0.63,0,0,0,0.168,0,0
CL104880,3980393.0,2201065.0,3.2,1,0.199,36,0.587,0,0,-2,0.224,0,0
CL104881,4813607.0,2397284.0,5.0,5,0.36,133,0.723,0,0,-2,0.701,0,0
CL104882,1581377.0,2849910.0,0.7,2,0.141,27,0.465,1,0,-2,0.608,0,0
CL104883,3071519.0,4731827.0,3.5,5,0.236,165,0.532,0,0,1,0.498,0,0
CL104884,3322497.0,7318912.0,9.5,3,0.183,27,0.862,0,0,-2,0.233,0,0
CL104885,1910568.0,8511441.0,24.5,3,0.307,95,0.763,0,0,0,0.568,0,0
CL104886,1646420.0,2221124.0,26.4,2,0.045,76,0.234,0,0,-2,0.571,0,0
CL104887,5415416.0,2210453.0,6.5,5,0.319,175,0.63,0,0,0,0.437,0,0
CL104888,2713495.0,10029841.0,7.5,2,0.25,134,0.235,0,0,0,0.674,0,0
CL104889,3328339.0,6278997.0,1.6,2,0.273,76,0.47,0,0,-1,0.57,0,0
CL104890,1605526.0,4231239.0,9.5,1,0.421,128,0.226,0,0,-1,0.456,0,0
CL104891,1316330.0,5561262.0,0.6,5,0.128,142,0.701,0,1,-2,0.483,0,0
CL104892,1821690.0,3910350.0,2.7,1,0.326,22,0.347,0,0,-1,0.219,1,0
CL104893,2276135.0,5764386.0,8.8,1,0.217,75,0.424,0,0,-1,0.406,0,0
CL104894,1422448.0,3155802.0,3.0,1,0.305,104,0.895,0,1,1,0.869,0,0
CL104895,2409856.0,4819417.0,0.4,4,0.073,52,0.773,0,0,1,0.772,0,0
CL104896,1041057.0,1386950.0,14.3,3,0.151,103,0.736,4,0,0,0.457,0,0
CL104897,1383291.0,2467093.0,3.0,3,0.105,102,0.495,0,0,0,0.84,0,0
CL104898,3387002.0,2485768.0,0.5,4,0.441,121,0.773,1,0,-1,0.76,0,0
CL104899,3275219.0,3072269.0,0.6,2,0.243,77,0.81,1,0,1,0.168,0,1
CL104900,1990829.0,2087423.0,2.3,5,0.459,6,0.691,2,0,1,0.655,1,1
CL104901,1455875.0,2748372.0,1.6,5,0.16,148,0.706,0,1,-1,0.177,0,0
CL104902,1448875.0,1383200.0,11.9,5,0.129,54,0.878,0,0,-1,0.58,1,0
CL104903,2009438.0,5862521.0,3.1,1,0.336,2,0.679,1,0,-1,0.82,0,0
CL104904,3342599.0,3768699.0,13.1,5,0.38,72,0.555,1,0,-1,0.589,0,0
CL104905,3852076.0,1210271.0,1.5,5,0.258,158,0.671,0,1,-1,0.163,0,0
CL104906,1889332.0,2225782.0,5.4,5,0.415,91,0.258,1,0,1,0.161,1,0
CL104907,1360352.0,5053648.0,9.3,3,0.261,128,0.591,1,0,1,0.599,0,0
CL104908,2768792.0,2730198.0,8.4,4,0.185,132,0.969,0,0,1,0.23,1,0
CL104909,1604355.0,2451329.0,7.4,2,0.166,175,0.516,1,1,-2,0.361,1,1
CL104910,1868924.0,3789653.0,20.7,4,0.119,88,0.83,1,0,-1,0.915,1,0
CL104911,4697956.0,5078458.0,2.1,5,0.319,96,0.22,1,0,0,0.363,0,1
CL104912,3662138.0,1460885.0,5.4,2,0.288,147,0.312,1,0,0,0.233,0,0
CL104913,2620792.0,5868384.0,17.2,2,0.735,42,0.846,1,1,-2,0.302,1,0
CL104914,1282139.0,2280248.0,0.6,4,0.361,99,0.456,0,0,-1,0.393,0,0
CL104915,2691740.0,3942992.0,0.5,4,0.313,170,0.705,0,0,-2,0.516,0,1
CL104916,4119855.0,3895006.0,2.1,4,0.476,51,0.358,0,2,-2,0.622,0,0
CL104917,2007063.0,2760863.0,8.0,4,0.739,3,0.816,0,1,-1,0.115,1,0
CL104918,4759042.0,1950192.0,2.4,1,0.317,37,0.387,0,2,0,0.357,0,0
CL104919,4622160.0,3269081.0,1.7,3,0.571,22,0.698,0,0,1,0.354,0,0
CL104920,5564215.0,12456227.0,4.9,3,0.612,161,0.556,0,1,-2,0.719,0,0
CL104921,2821055.0,1539283.0,7.6,5,0.506,103,0.924,1,1,-2,0.362,0,0
CL104922,3248474.0,13054182.0,2.3,1,0.258,98,0.415,0,0,-2,0.675,0,0
CL104923,4911518.0,3329042.0,2.9,2,0.573,177,0.483,1,2,-2,0.119,0,0
CL104924,3028860.0,4092882.0,7.6,4,0.525,87,0.903,0,0,-2,0.447,1,0
CL104925,1884896.0,1865990.0,23.3,5,0.162,62,0.449,0,0,1,0.337,0,0
CL104926,1935214.0,2327049.0,9.0,2,0.252,35,0.747,0,0,0,0.521,0,1
CL104927,2728541.0,2807944.0,12.2,3,0.311,29,0.598,1,1,-1,0.408,1,0
CL104928,1270244.0,1920341.0,3.7,2,0.441,66,0.733,2,0,0,0.228,1,0
CL104929,2254346.0,3449561.0,2.5,4,0.339,125,0.621,2,3,1,0.045,0,0
CL104930,4190261.0,3002899.0,4.8,4,0.086,50,0.782,1,0,0,0.29,0,0
CL104931,809663.0,14585622.0,13.2,3,0.447,14,0.567,1,0,-1,0.286,0,0
CL104932,5215998.0,1765277.0,4.9,4,0.3,48,0.84,0,1,-2,0.547,0,0
CL104933,4244723.0,4290369.0,15.0,1,0.349,44,0.229,0,0,-1,0.257,0,0
CL104934,1924386.0,4749227.0,35.9,5,0.237,72,0.838,1,0,-2,0.012,0,1
CL104935,3177786.0,1887522.0,0.6,3,0.392,129,0.625,0,1,1,0.54,0,0
CL104936,2425562.0,6457671.0,0.4,3,0.128,156,0.378,2,0,-1,0.553,1,0
CL104937,4479380.0,3021219.0,1.3,2,0.328,3,0.346,0,1,1,0.59,0,0
CL104938,3958365.0,697548.0,3.9,3,0.044,118,0.688,0,0,0,0.33,1,1
CL104939,1202562.0,6336865.0,1.1,5,0.569,98,0.84,0,0,1,0.08,1,0
CL104940,3248264.0,1826919.0,16.4,1,0.636,48,0.691,0,0,-1,0.537,0,0
CL104941,2185130.0,1917547.0,0.2,2,0.479,126,0.624,0,0,0,0.374,0,0
CL104942,2524153.0,6462530.0,3.0,5,0.46,160,0.65,1,0,1,0.477,0,0
CL104943,1682706.0,3131388.0,1.6,3,0.404,9,0.358,2,2,-1,0.514,0,1
CL104944,5804062.0,7590747.0,21.5,4,0.794,46,0.529,0,0,1,0.61,0,0
CL104945,4073572.0,9314811.0,8.9,4,0.542,58,0.687,2,1,-1,0.07,0,0
CL104946,1672976.0,2542225.0,19.4,5,0.665,15,0.878,1,0,-2,0.548,0,0
CL104947,1242573.0,6957173.0,28.7,1,0.372,119,0.965,0,0,-1,0.428,1,0
CL104948,1997014.0,2352943.0,5.5,4,0.621,144,0.329,1,0,1,0.281,0,0
CL104949,3009400.0,19061500.0,2.1,5,0.3,115,0.258,0,0,-2,0.374,0,0
CL104950,2730794.0,2458176.0,1.7,2,0.074,46,0.559,0,0,1,0.591,0,0
CL104951,4531513.0,8188663.0,2.0,3,0.637,71,0.285,1,1,0,0.467,0,0
CL104952,3594660.0,7207646.0,9.9,1,0.173,35,0.321,0,0,1,0.435,0,1
CL104953,3932494.0,4981599.0,0.3,1,0.389,66,0.449,0,1,-2,0.43,1,0
CL104954,2851705.0,2497048.0,0.4,2,0.591,57,0.847,0,0,-2,0.235,0,0
CL104955,1209056.0,3591289.0,7.5,1,0.365,112,0.429,0,0,1,0.343,0,0
CL104956,2196006.0,884244.0,8.2,5,0.256,34,0.716,1,0,-2,0.39,0,0
CL104957,4114570.0,4671982.0,8.8,1,0.22,31,0.332,0,0,-1,0.29,0,0
CL104958,2360157.0,5099896.0,3.7,1,0.444,12,0.752,0,1,-1,0.164,0,1
CL104959,3114394.0,4383901.0,13.1,1,0.549,175,0.634,0,0,1,0.466,0,0
CL104960,2064969.0,498165.0,6.1,5,0.19,65,0.884,1,0,0,0.197,0,1
CL104961,1447132.0,1646322.0,0.9,3,0.335,129,0.764,2,0,1,0.559,0,0
CL104962,2276906.0,2365113.0,12.8,4,0.379,79,0.097,0,0,1,0.398,0,0
CL104963,2826426.0,4897137.0,24.5,1,0.544,14,0.506,1,0,1,0.653,0,0
CL104964,1744810.0,4889190.0,0.5,2,0.265,138,0.675,0,2,1,0.563,1,0
CL104965,2152508.0,3544272.0,4.0,2,0.322,67,0.595,1,0,1,0.29,0,0
CL104966,1514004.0,6228661.0,5.3,5,0.47,84,0.562,1,0,0,0.549,0,0
CL104967,4238087.0,1946669.0,1.3,3,0.156,128,0.745,0,0,0,0.591,0,0
CL104968,2090204.0,6120562.0,16.2,1,0.243,50,0.795,0,1,0,0.169,0,0
CL104969,5007152.0,5566736.0,2.7,5,0.443,119,0.283,0,0,0,0.166,0,0
CL104970,5201065.0,5200620.0,12.2,4,0.445,128,0.742,0,0,1,0.222,0,0
CL104971,2325573.0,3515076.0,8.9,3,0.613,100,0.509,0,0,0,0.286,0,0
CL104972,1462672.0,14382470.0,7.3,3,0.174,91,0.375,0,0,1,0.591,0,0
CL104973,853458.0,5639111.0,1.7,5,0.134,116,0.88,0,0,-1,0.855,1,0
CL104974,1160059.0,2027198.0,2.0,2,0.058,164,0.773,0,0,-1,0.474,0,0
CL104975,1218441.0,4750754.0,0.4,3,0.224,11,0.585,0,0,1,0.502,1,0
CL104976,4824583.0,6761385.0,2.2,2,0.72,131,0.668,1,0,-1,0.437,0,0
CL104977,2566137.0,2645377.0,3.4,3,0.566,167,0.924,1,0,-1,0.484,0,0
CL104978,2942595.0,8558971.0,14.3,3,0.503,10,0.916,1,0,1,0.436,0,0
CL104979,797941.0,5216951.0,3.7,3,0.204,51,0.745,0,0,1,0.241,1,0
CL104980,1330435.0,774726.0,11.2,4,0.521,32,0.634,1,0,1,0.098,1,0
CL104981,3773600.0,4924683.0,4.6,2,0.244,72,0.803,1,0,0,0.625,0,0
CL104982,2795124.0,3004974.0,12.3,4,0.252,47,0.71,1,0,-2,0.615,1,1
CL104983,2249902.0,5815433.0,29.9,2,0.329,13,0.889,0,1,-1,0.131,0,1
CL104984,3212054.0,7732559.0,2.2,4,0.441,122,0.733,0,0,-1,0.646,0,0
CL104985,5487037.0,4577271.0,15.9,4,0.681,67,0.83,0,0,1,0.065,0,0
CL104986,2168354.0,12809230.0,7.8,4,0.182,53,0.799,0,0,1,0.729,0,0
CL104987,2507219.0,3523288.0,13.6,5,0.287,53,0.515,0,1,1,0.276,1,0
CL104988,2666556.0,6183361.0,8.4,4,0.134,143,0.653,0,0,0,0.71,0,0
CL104989,8008827.0,7014288.0,4.4,3,0.38,121,0.245,0,0,0,0.112,0,0
CL104990,847734.0,3729773.0,2.1,1,0.667,42,0.729,1,0,-1,0.33,1,1
CL104991,3407916.0,6886972.0,0.6,4,0.339,29,0.764,0,0,0,0.465,0,0
CL104992,2286651.0,2633249.0,6.1,1,0.371,47,0.166,0,2,0,0.441,0,1
CL104993,3215154.0,2970385.0,37.1,1,0.545,30,0.54,0,0,0,0.589,1,0
CL104994,1743341.0,1593204.0,10.7,3,0.112,123,0.483,0,1,0,0.332,1,0
CL104995,2363177.0,4727875.0,3.2,1,0.433,14,0.703,0,0,0,0.368,0,0
CL104996,3456286.0,5013657.0,14.0,1,0.104,79,0.276,1,0,1,0.508,0,0
CL104997,11483883.0,9115476.0,11.7,1,0.321,111,0.431,0,0,-1,0.718,0,0
CL104998,3627369.0,6946844.0,2.6,2,0.665,59,0.69,0,0,0,0.353,0,0
CL104999,1584798.0,3271120.0,0.1,4,0.093,110,0.648,0,0,1,0.446,1,0
CL105000,1959344.0,1750259.0,1.0,4,0.171,106,0.878,2,0,-2,0.183,0,1
CL105001,1930506.0,5405866.0,16.8,1,0.197,64,0.449,0,1,-2,0.39,0,1
CL105002,986756.0,8688642.0,14.5,3,0.395,44,0.438,1,0,0,0.402,1,0
CL105003,2053292.0,6774184.0,2.8,2,0.611,14,0.623,1,0,-2,0.19,0,0
CL105004,3493500.0,8530293.0,2.7,3,0.366,153,0.73,0,0,-2,0.296,1,0
CL105005,1280657.0,3442393.0,12.6,3,0.543,91,0.249,0,0,0,0.407,0,0
CL105006,4090760.0,2880190.0,22.2,1,0.068,44,0.232,0,1,-1,0.462,0,0
CL105007,3090636.0,2383711.0,12.1,5,0.65,61,0.501,0,0,-1,0.322,0,0
CL105008,1677614.0,3839576.0,7.4,1,0.291,2,0.606,1,0,-1,0.447,1,0
CL105009,2256296.0,3779062.0,2.2,5,0.495,79,0.545,2,0,0,0.143,1,0
CL105010,5385178.0,4614317.0,6.0,2,0.252,74,0.244,1,0,-2,0.687,0,0
CL105011,3494755.0,3647278.0,2.1,5,0.267,171,0.334,0,0,-1,0.48,0,1
CL105012,2432407.0,3636239.0,13.2,1,0.229,9,0.586,0,0,-2,0.699,1,1
CL105013,2150387.0,2318229.0,3.9,1,0.167,152,0.483,0,0,1,0.474,0,0
CL105014,2516311.0,7718521.0,14.4,3,0.298,166,0.778,0,2,0,0.291,0,0
CL105015,1874998.0,4212482.0,3.8,1,0.2,133,0.839,1,0,1,0.034,1,1
CL105016,845451.0,3533817.0,13.9,1,0.2,68,0.502,2,1,-1,0.65,0,0
CL105017,6723295.0,2366209.0,3.2,4,0.352,158,0.494,0,0,-1,0.253,0,1
CL105018,2617323.0,1571688.0,4.6,4,0.502,62,0.284,0,0,1,0.383,0,1
CL105019,2955190.0,9974825.0,7.6,3,0.55,135,0.824,2,0,-2,0.151,0,1
CL105020,2352634.0,5886941.0,0.6,5,0.08,179,0.446,0,1,-2,0.393,0,1
CL105021,1676873.0,1281136.0,23.7,5,0.127,160,0.351,0,0,1,0.323,0,0
CL105022,2206764.0,6812022.0,6.8,4,0.349,107,0.583,1,1,1,0.233,1,0
CL105023,1088491.0,7615809.0,5.7,2,0.347,74,0.568,0,0,-1,0.794,0,0
CL105024,7561221.0,4355994.0,14.6,4,0.549,101,0.563,0,0,-1,0.675,0,0
CL105025,1306345.0,12221138.0,16.1,2,0.23,26,0.611,0,1,-2,0.154,0,1
CL105026,1445574.0,4646867.0,5.9,5,0.303,43,0.938,0,0,-2,0.133,1,0
CL105027,1943246.0,1480993.0,21.0,4,0.136,109,0.892,1,1,0,0.826,0,1
CL105028,4611381.0,5155725.0,0.5,1,0.142,62,0.829,1,1,1,0.603,0,1
CL105029,2439380.0,4739433.0,1.0,2,0.088,159,0.673,0,0,1,0.795,0,0
CL105030,1305285.0,2617400.0,7.3,2,0.036,23,0.423,0,2,1,0.102,0,0
CL105031,4534245.0,5965427.0,3.5,2,0.431,64,0.655,0,0,1,0.2,0,0
CL105032,3490307.0,1242498.0,5.0,5,0.159,72,0.939,2,0,1,0.714,0,1
CL105033,3169922.0,7987567.0,3.2,3,0.343,144,0.799,0,0,1,0.764,0,0
CL105034,3463766.0,2159344.0,4.1,1,0.276,120,0.321,1,1,-1,0.623,0,1
CL105035,8017851.0,2003763.0,13.8,4,0.082,9,0.609,0,0,-2,0.146,0,0
CL105036,7221314.0,3686996.0,7.2,2,0.386,4,0.819,1,0,1,0.211,0,0
CL105037,1717950.0,5406330.0,47.4,5,0.462,39,0.771,0,0,1,0.544,1,0
CL105038,5454451.0,4478268.0,12.4,2,0.425,44,0.463,0,1,-2,0.717,0,0
CL105039,2933140.0,2374123.0,2.6,4,0.248,41,0.663,1,0,-2,0.327,0,0
CL105040,3108180.0,2801702.0,2.5,1,0.358,13,0.299,0,0,-1,0.573,0,1
CL105041,1039099.0,1806443.0,3.3,2,0.218,76,0.882,0,0,-2,0.389,1,1
CL105042,2223976.0,3411710.0,14.8,5,0.233,140,0.619,0,0,-1,0.56,0,0
CL105043,1612971.0,8474014.0,0.2,5,0.408,24,0.643,0,0,0,0.592,0,0
CL105044,3663866.0,3980890.0,2.1,3,0.223,48,0.164,0,0,-1,0.71,0,0
CL105045,4137243.0,7286909.0,18.8,5,0.198,99,0.303,1,0,-2,0.594,0,1
CL105046,858341.0,11059285.0,8.2,3,0.378,32,0.853,0,1,0,0.557,0,0
CL105047,2395213.0,2645543.0,2.1,1,0.277,166,0.674,0,2,-2,0.507,0,0
CL105048,4243635.0,3503940.0,2.0,4,0.077,21,0.501,0,0,1,0.313,0,0
CL105049,2205932.0,18252909.0,15.9,3,0.226,159,0.514,0,1,-1,0.247,0,0
CL105050,3486929.0,10974011.0,17.9,2,0.357,64,0.469,0,0,0,0.164,0,0
CL105051,2886579.0,1238383.0,2.4,2,0.474,163,0.968,0,1,1,0.562,0,0
CL105052,2872893.0,5235662.0,4.4,4,0.311,144,0.685,1,0,0,0.169,0,0
CL105053,2114529.0,3994352.0,14.4,5,0.424,168,0.376,1,0,-1,0.476,0,0
CL105054,1318110.0,7120704.0,11.8,2,0.57,90,0.589,0,1,0,0.31,0,0
CL105055,1382266.0,2370271.0,13.5,3,0.389,38,0.359,0,0,-1,0.698,0,0
CL105056,3452732.0,2218350.0,5.8,4,0.224,3,0.454,1,1,1,0.636,0,0
CL105057,2445424.0,2487405.0,19.4,2,0.363,165,0.759,1,2,1,0.437,1,0
CL105058,2259703.0,2675509.0,3.2,5,0.265,100,0.402,0,1,1,0.445,1,0
CL105059,1959216.0,7065448.0,1.4,5,0.069,2,0.584,0,1,0,0.174,0,0
CL105060,2079017.0,1746561.0,9.9,2,0.431,3,0.876,0,0,-2,0.416,0,0
CL105061,4087548.0,2582246.0,6.2,4,0.593,104,0.62,0,0,0,0.908,0,0
CL105062,2048008.0,1141315.0,15.4,1,0.555,175,0.611,0,2,-1,0.456,0,1
CL105063,1238570.0,8080647.0,0.7,2,0.595,106,0.154,1,0,0,0.222,0,0
CL105064,3512455.0,9720242.0,14.8,5,0.368,111,0.582,0,0,-1,0.321,1,0
CL105065,2185951.0,3175732.0,2.8,1,0.402,90,0.809,1,1,1,0.266,0,0
CL105066,2460064.0,3241139.0,8.5,4,0.379,27,0.628,0,0,-1,0.277,0,0
CL105067,5410160.0,5483507.0,0.3,5,0.249,38,0.489,0,0,-2,0.638,0,0
CL105068,2396979.0,11207989.0,7.5,4,0.34,172,0.616,0,0,-1,0.55,1,0
CL105069,2798494.0,5314915.0,10.1,2,0.192,8,0.932,0,1,-1,0.183,0,1
CL105070,1343164.0,2450299.0,3.7,4,0.189,23,0.742,1,0,-1,0.506,0,0
CL105071,2169843.0,1285713.0,1.9,5,0.272,134,0.451,0,0,1,0.201,1,0
CL105072,3284625.0,1829241.0,6.2,2,0.555,153,0.912,0,0,-1,0.24,0,0
CL105073,1112715.0,4202767.0,14.3,5,0.564,59,0.798,0,0,1,0.209,0,0
CL105074,2677576.0,2523786.0,3.1,5,0.272,58,0.743,1,0,1,0.318,0,0
CL105075,2546920.0,4576648.0,2.3,1,0.561,144,0.853,1,0,-2,0.549,0,1
CL105076,2472261.0,2711339.0,2.6,3,0.468,26,0.754,2,0,-2,0.709,0,1
CL105077,4067664.0,1903676.0,23.8,4,0.19,79,0.597,1,1,0,0.295,0,1
CL105078,2862538.0,1751666.0,3.6,4,0.372,175,0.735,0,0,0,0.165,0,0
CL105079,5070936.0,11919046.0,0.0,1,0.168,96,0.705,1,0,1,0.619,0,0
CL105080,1473580.0,7439331.0,12.2,4,0.267,168,0.62,1,0,1,0.512,0,0
CL105081,2592057.0,13408006.0,9.6,1,0.251,147,0.488,1,1,-2,0.238,0,0
CL105082,2526217.0,5826725.0,1.1,4,0.779,117,0.575,0,0,-2,0.366,0,0
CL105083,1418872.0,2954991.0,33.5,4,0.31,172,0.854,1,0,0,0.409,1,1
CL105084,3906481.0,10082771.0,7.5,5,0.168,99,0.88,1,1,-1,0.415,0,0
CL105085,7743286.0,3901425.0,5.6,1,0.193,154,0.7,0,0,-2,0.789,0,0
CL105086,2401243.0,4660295.0,3.9,4,0.216,52,0.754,0,0,0,0.328,0,0
CL105087,3117402.0,3874871.0,18.3,3,0.411,165,0.513,1,0,0,0.231,0,0
CL105088,2526282.0,507457.0,2.2,1,0.148,77,0.278,0,0,1,0.567,0,0
CL105089,1695024.0,12277937.0,2.7,1,0.399,47,0.614,0,0,0,0.38,0,0
CL105090,974442.0,5630466.0,1.0,1,0.542,14,0.822,2,0,-2,0.542,1,0
CL105091,1701657.0,5029726.0,11.4,5,0.207,154,0.909,0,0,1,0.127,0,0
CL105092,1207449.0,3823806.0,7.2,1,0.291,47,0.422,1,0,0,0.471,1,0
CL105093,5677667.0,4476712.0,7.5,5,0.393,94,0.446,1,1,1,0.798,0,0
CL105094,2286300.0,2628450.0,2.0,3,0.368,106,0.932,1,0,-2,0.515,0,0
CL105095,2037105.0,6147804.0,8.4,2,0.575,141,0.768,0,0,-2,0.281,0,0
CL105096,3777515.0,1599227.0,11.6,5,0.417,139,0.711,2,0,0,0.834,0,0
CL105097,1382114.0,4548226.0,3.5,4,0.174,2,0.401,0,1,-1,0.4,0,0
CL105098,1650466.0,5915588.0,12.9,1,0.733,158,0.571,0,0,-1,0.413,0,0
CL105099,2505593.0,3474397.0,3.4,2,0.437,115,0.733,1,1,-2,0.071,0,0
CL105100,4050636.0,5176333.0,11.4,5,0.403,24,0.426,0,0,-1,0.347,0,0
CL105101,3112207.0,1994823.0,0.3,4,0.488,82,0.785,0,2,1,0.78,0,0
CL105102,2741902.0,2030761.0,6.4,2,0.19,23,0.775,0,0,-1,0.673,1,0
CL105103,2518210.0,4712372.0,27.9,3,0.341,117,0.78,0,0,1,0.148,1,0
CL105104,2958278.0,6420360.0,31.8,5,0.231,70,0.337,1,0,0,0.355,0,0
CL105105,2678658.0,1074745.0,2.6,5,0.59,110,0.831,0,0,-1,0.11,0,0
CL105106,1447016.0,5754050.0,4.7,3,0.535,75,0.559,0,0,0,0.238,1,0
CL105107,2478191.0,2729855.0,0.5,5,0.226,135,0.9,2,0,-1,0.456,0,1
CL105108,1415730.0,3488686.0,16.5,1,0.268,175,0.633,0,0,-2,0.03,0,0
CL105109,2521946.0,1563344.0,6.7,5,0.268,122,0.928,0,0,-1,0.168,0,0
CL105110,1904397.0,2199780.0,3.9,1,0.481,138,0.467,1,0,0,0.797,0,0
CL105111,8620820.0,7852070.0,1.0,5,0.33,85,0.206,0,0,0,0.458,0,0
CL105112,2373919.0,4085703.0,23.5,4,0.522,119,0.611,0,0,-1,0.563,1,0
CL105113,1200058.0,3054282.0,6.0,4,0.485,158,0.595,0,0,-2,0.23,0,1
CL105114,2264603.0,3680128.0,2.7,2,0.197,176,0.479,0,0,-2,0.649,0,1
CL105115,3139830.0,5623407.0,3.4,4,0.306,25,0.836,1,0,-2,0.16,0,0
CL105116,5591074.0,5434870.0,2.5,3,0.071,113,0.592,1,1,1,0.433,0,0
CL105117,1803561.0,3788501.0,7.4,2,0.417,24,0.695,0,0,-2,0.13,1,0
CL105118,1097764.0,8581089.0,21.3,4,0.39,12,0.522,0,0,-2,0.492,0,0
CL105119,3643366.0,7875946.0,15.5,1,0.12,162,0.73,0,0,1,0.647,1,0
CL105120,1214327.0,5332658.0,4.9,5,0.181,131,0.901,1,0,1,0.41,1,0
CL105121,1947238.0,4148379.0,14.0,4,0.123,134,0.743,0,0,-1,0.766,0,0
CL105122,2129057.0,6325659.0,4.4,1,0.574,59,0.417,1,0,-2,0.738,0,0
CL105123,2338881.0,4975255.0,2.3,2,0.455,155,0.851,0,0,1,0.234,0,0
CL105124,3418055.0,8390075.0,32.8,5,0.555,83,0.517,2,0,-1,0.26,0,0
CL105125,1720599.0,7494597.0,2.9,4,0.222,72,0.718,0,0,-2,0.585,0,0
CL105126,2111978.0,1957585.0,3.1,2,0.574,36,0.926,0,1,1,0.247,0,0
CL105127,2404530.0,1866967.0,36.6,4,0.656,61,0.475,0,0,0,0.153,0,0
CL105128,2609839.0,2443948.0,1.2,2,0.108,100,0.264,1,0,0,0.786,0,0
CL105129,2543149.0,7907301.0,11.4,4,0.291,133,0.63,1,0,0,0.728,1,0
CL105130,3011663.0,1324550.0,22.0,1,0.219,170,0.55,0,2,1,0.287,0,0
CL105131,3692889.0,5263623.0,5.7,3,0.18,142,0.497,0,0,1,0.56,0,0
CL105132,2947055.0,5146257.0,0.0,1,0.306,65,0.391,0,2,-2,0.21,0,0
CL105133,3038252.0,9010072.0,3.8,5,0.391,12,0.571,0,0,-1,0.677,0,0
CL105134,1097876.0,4530021.0,0.9,4,0.223,130,0.386,0,0,0,0.249,1,0
CL105135,2483337.0,1559309.0,4.3,3,0.435,14,0.594,0,1,-1,0.236,0,1
CL105136,3077887.0,2039982.0,12.5,3,0.385,67,0.781,0,0,1,0.575,0,1
CL105137,3486715.0,1745590.0,4.6,5,0.352,115,0.459,2,1,-1,0.51,0,0
CL105138,1713116.0,2739920.0,4.5,5,0.717,99,0.826,0,0,1,0.539,0,0
CL105139,1741888.0,3512958.0,6.5,3,0.613,67,0.584,0,0,0,0.32,0,0
CL105140,1817459.0,1765935.0,7.0,5,0.454,14,0.857,0,0,-2,0.059,1,0
CL105141,3166720.0,11178059.0,15.5,5,0.191,162,0.137,1,0,0,0.688,0,1
CL105142,4061003.0,1579001.0,2.9,4,0.406,45,0.737,0,0,1,0.901,0,0
CL105143,1975377.0,10244714.0,13.8,1,0.418,137,0.616,0,1,0,0.317,0,0
CL105144,3813207.0,9153200.0,6.7,2,0.829,138,0.735,0,1,1,0.28,0,1
CL105145,2575978.0,7487996.0,2.9,3,0.166,136,0.375,0,0,-1,0.311,0,0
CL105146,2275834.0,2456783.0,2.8,2,0.312,157,0.16,0,0,-2,0.449,0,0
CL105147,2178850.0,5074384.0,3.6,3,0.108,61,0.505,0,0,0,0.492,0,0
CL105148,3517657.0,1632854.0,7.8,3,0.595,167,0.746,0,0,-1,0.212,0,1
CL105149,2849884.0,7554356.0,2.1,1,0.682,33,0.796,0,2,1,0.177,0,1
CL105150,7556455.0,3791266.0,20.2,3,0.173,151,0.648,0,0,-2,0.505,0,0
CL105151,1581505.0,2998060.0,6.8,3,0.561,72,0.47,0,0,0,0.571,0,0
CL105152,3137858.0,1695314.0,20.2,1,0.486,127,0.82,0,0,-2,0.29,0,0
CL105153,1858722.0,704854.0,0.4,5,0.262,168,0.543,1,1,-1,0.354,0,0
CL105154,1568071.0,1929982.0,3.4,2,0.567,102,0.707,0,0,-2,0.49,0,0
CL105155,2408625.0,8701089.0,0.2,3,0.705,23,0.8,0,1,-2,0.367,0,0
CL105156,2593908.0,3011704.0,2.5,1,0.197,59,0.377,0,0,0,0.425,0,0
CL105157,10418429.0,3546493.0,15.8,3,0.294,178,0.83,0,0,-1,0.373,0,0
CL105158,2208727.0,6317841.0,0.3,1,0.266,100,0.553,2,0,-2,0.172,0,0
CL105159,1376302.0,14132225.0,4.6,2,0.367,56,0.456,0,0,-1,0.146,0,1
CL105160,2775955.0,10094520.0,1.0,4,0.293,171,0.934,0,0,1,0.608,0,0
CL105161,858275.0,2021531.0,4.3,5,0.474,127,0.579,0,0,-2,0.329,0,0
CL105162,2312921.0,1024997.0,14.6,4,0.478,84,0.801,0,0,-1,0.625,0,0
CL105163,2441230.0,20826359.0,7.8,1,0.209,58,0.832,0,0,0,0.696,1,0
CL105164,3603082.0,19546252.0,10.7,3,0.149,128,0.629,0,1,1,0.388,0,0
CL105165,3940472.0,4555826.0,3.4,5,0.093,140,0.921,0,0,-2,0.432,0,0
CL105166,1882696.0,1640741.0,23.1,2,0.219,164,0.477,0,0,1,0.367,0,0
CL105167,2246071.0,7836153.0,9.9,5,0.49,134,0.765,1,0,-1,0.596,1,0
CL105168,1651079.0,3702102.0,4.4,3,0.679,32,0.745,0,0,-2,0.754,0,1
CL105169,1377759.0,3689174.0,4.4,4,0.151,152,0.556,1,0,-2,0.222,0,0
CL105170,2827624.0,7467876.0,20.1,1,0.088,157,0.801,0,0,0,0.738,0,0
CL105171,1281071.0,5045778.0,6.9,4,0.214,8,0.628,1,1,0,0.121,0,0
CL105172,1968311.0,1740929.0,9.8,5,0.613,13,0.405,0,0,-1,0.721,0,0
CL105173,1472413.0,3180919.0,4.3,3,0.352,63,0.421,1,0,-2,0.939,0,0
CL105174,3187800.0,6342649.0,2.0,1,0.069,25,0.744,0,2,1,0.266,0,0
CL105175,5960799.0,5706843.0,10.3,3,0.401,157,0.597,1,2,0,0.147,0,0
CL105176,1263260.0,4796570.0,7.5,3,0.428,61,0.717,0,0,0,0.502,0,0
CL105177,958851.0,7674365.0,5.6,5,0.244,88,0.669,0,0,1,0.424,0,0
CL105178,2275150.0,3099645.0,7.8,4,0.329,125,0.318,0,0,-1,0.218,0,0
CL105179,2440830.0,4524732.0,1.9,3,0.343,26,0.756,0,0,-1,0.386,0,0
CL105180,2701532.0,375906.0,12.6,3,0.324,84,0.474,0,0,-2,0.434,0,0
CL105181,1937366.0,2914605.0,23.7,3,0.168,22,0.839,0,0,0,0.367,0,1
CL105182,2190588.0,6815650.0,17.7,1,0.293,135,0.622,0,0,-2,0.392,0,0
CL105183,2910266.0,3038042.0,3.1,3,0.174,62,0.979,0,0,-1,0.644,0,0
CL105184,4074324.0,2880979.0,4.2,3,0.28,122,0.875,0,0,-2,0.396,0,0
CL105185,911162.0,1926052.0,13.2,5,0.027,118,0.301,2,0,1,0.194,0,1
CL105186,2013792.0,8059452.0,7.2,3,0.156,146,0.578,1,0,0,0.446,0,0
CL105187,2694988.0,5861548.0,6.4,3,0.35,10,0.432,0,0,-2,0.361,1,0
CL105188,1530358.0,7115530.0,20.9,5,0.277,31,0.61,0,1,0,0.169,0,0
CL105189,5755030.0,1192605.0,6.1,1,0.438,26,0.545,1,1,-2,0.105,0,0
CL105190,1762590.0,3568604.0,5.8,4,0.502,109,0.868,0,0,-2,0.33,0,1
CL105191,2372260.0,3281865.0,0.3,5,0.108,90,0.706,1,0,-2,0.36,0,1
CL105192,3197920.0,3280806.0,0.6,1,0.003,126,0.646,0,0,-1,0.434,0,0
CL105193,1801910.0,2594179.0,0.1,4,0.521,25,0.838,0,0,-2,0.08,1,0
CL105194,961946.0,3133706.0,19.6,3,0.524,120,0.759,1,0,1,0.223,0,0
CL105195,1954554.0,7237246.0,4.2,5,0.381,18,0.397,0,0,-1,0.269,1,0
CL105196,4051996.0,1046544.0,5.1,3,0.358,152,0.665,1,0,-2,0.538,0,0
CL105197,2046318.0,13854302.0,14.9,5,0.195,108,0.492,0,1,-1,0.275,1,1
CL105198,1586091.0,5602306.0,7.5,4,0.544,143,0.624,0,0,0,0.321,0,0
CL105199,3847123.0,3876207.0,7.5,1,0.079,128,0.724,1,0,1,0.447,0,0
CL105200,2052589.0,7532849.0,2.8,5,0.132,8,0.779,0,1,-2,0.587,0,0
CL105201,1876501.0,1445138.0,14.4,1,0.479,43,0.731,0,0,0,0.603,1,0
CL105202,2609654.0,2507281.0,1.5,3,0.221,24,0.78,0,1,0,0.067,0,0
CL105203,3560370.0,3668330.0,0.4,3,0.272,117,0.374,1,0,1,0.401,0,0
CL105204,7967304.0,10385200.0,1.7,4,0.368,102,0.75,0,0,1,0.416,0,0
CL105205,3662359.0,3864923.0,2.5,4,0.325,65,0.487,1,0,1,0.34,0,0
CL105206,4324988.0,5471363.0,2.7,2,0.522,26,0.353,0,0,1,0.38,0,0
CL105207,1880441.0,2642655.0,8.9,2,0.273,74,0.628,0,0,1,0.515,0,0
CL105208,1449988.0,5614087.0,2.0,4,0.664,154,0.629,0,0,0,0.399,0,0
CL105209,2498411.0,12917166.0,9.0,3,0.206,66,0.795,0,0,-2,0.36,0,1
CL105210,2555057.0,8015347.0,0.8,1,0.099,168,0.462,0,0,-2,0.396,0,0
CL105211,1412319.0,3771490.0,1.3,4,0.069,14,0.814,0,0,-1,0.379,0,0
CL105212,2218524.0,6406628.0,5.7,1,0.354,161,0.643,1,0,0,0.225,0,0
CL105213,2956920.0,5981978.0,20.4,2,0.395,167,0.797,0,0,1,0.178,0,0
CL105214,2899929.0,5692223.0,15.7,1,0.4,129,0.497,0,0,1,0.285,0,0
CL105215,3116259.0,8695945.0,27.7,4,0.079,94,0.736,0,0,0,0.607,1,0
CL105216,2800987.0,8650558.0,8.4,3,0.059,37,0.221,0,2,1,0.432,0,0
CL105217,1879461.0,3652743.0,9.0,4,0.131,18,0.616,0,1,-1,0.236,1,0
CL105218,1872996.0,6257650.0,7.8,5,0.724,158,0.463,0,1,1,0.507,1,0
CL105219,1329780.0,3053605.0,7.8,5,0.434,155,0.901,2,0,1,0.853,0,0
CL105220,5911366.0,2092457.0,1.3,5,0.619,177,0.431,0,0,-1,0.294,0,0
CL105221,2438089.0,3306347.0,6.3,3,0.208,113,0.822,2,1,-2,0.181,0,0
CL105222,2164226.0,3785185.0,3.9,4,0.127,30,0.706,0,0,0,0.336,0,1
CL105223,1522104.0,1247801.0,4.7,5,0.213,173,0.579,2,0,-2,0.583,0,0
CL105224,10509908.0,7291594.0,5.9,4,0.614,100,0.524,0,0,-1,0.657,0,0
CL105225,1415985.0,575430.0,1.1,2,0.522,21,0.321,1,1,0,0.445,0,0
CL105226,1954365.0,26705280.0,3.6,5,0.645,144,0.834,0,1,-1,0.454,0,0
CL105227,2981444.0,11425010.0,0.5,5,0.535,18,0.49,1,0,1,0.664,0,1
CL105228,3269365.0,3326043.0,31.2,3,0.563,162,0.369,0,0,-2,0.812,0,1
CL105229,3909680.0,4019220.0,1.0,4,0.406,149,0.763,0,2,1,0.157,0,0
CL105230,5979241.0,4936071.0,2.4,3,0.354,159,0.634,0,0,1,0.823,0,0
CL105231,3119174.0,2643430.0,17.8,3,0.53,10,0.594,0,0,-1,0.199,0,0
CL105232,1428284.0,4569130.0,5.3,4,0.194,105,0.792,0,0,-1,0.682,0,1
CL105233,2129776.0,3609934.0,1.2,2,0.113,4,0.382,1,1,-2,0.22,0,0
CL105234,2824710.0,3737805.0,3.9,4,0.411,15,0.54,0,0,1,0.376,0,1
CL105235,6811433.0,4533581.0,1.0,2,0.188,53,0.589,0,0,1,0.198,0,0
CL105236,1203925.0,1592046.0,1.8,3,0.17,55,0.97,1,1,-2,0.116,1,1
CL105237,4418400.0,4104928.0,0.4,2,0.236,170,0.618,0,0,-1,0.222,0,1
CL105238,2649701.0,4476775.0,4.6,2,0.226,156,0.568,1,0,-2,0.603,1,0
CL105239,3681811.0,4369656.0,13.1,2,0.47,122,0.499,0,0,-2,0.57,0,0
CL105240,2301341.0,3432909.0,7.1,5,0.224,135,0.412,2,0,0,0.445,0,0
CL105241,1589267.0,8855067.0,7.5,5,0.23,139,0.534,0,3,0,0.245,1,0
CL105242,3525160.0,3117192.0,1.8,3,0.46,157,0.583,0,0,0,0.746,0,0
CL105243,3359207.0,4681495.0,3.4,4,0.479,162,0.301,0,0,1,0.656,0,0
CL105244,3937389.0,9900623.0,14.9,2,0.494,116,0.785,1,0,1,0.548,0,0
CL105245,2405691.0,3776985.0,0.7,5,0.328,125,0.685,0,1,0,0.167,0,0
CL105246,1794234.0,4639533.0,15.6,4,0.619,116,0.669,0,1,-1,0.279,1,0
CL105247,1110817.0,3732283.0,5.3,2,0.056,94,0.428,0,0,-2,0.235,0,0
CL105248,3647989.0,9493889.0,14.5,4,0.211,25,0.861,0,0,1,0.126,0,0
CL105249,2993473.0,3333698.0,3.1,1,0.04,102,0.852,0,2,0,0.632,0,0
CL105250,1494211.0,9804463.0,3.3,2,0.259,40,0.73,0,1,0,0.188,0,0
CL105251,1850031.0,3713511.0,11.1,4,0.126,120,0.355,0,0,0,0.694,1,0
CL105252,1917668.0,2187737.0,12.3,2,0.65,93,0.386,0,0,-2,0.583,0,0
CL105253,1153727.0,6424062.0,2.1,2,0.692,119,0.243,0,1,-1,0.87,0,0
CL105254,1609057.0,3225932.0,28.9,1,0.33,178,0.705,0,0,1,0.171,1,0
CL105255,1373791.0,6164704.0,0.7,4,0.773,11,0.195,0,0,-2,0.419,1,0
CL105256,1970426.0,590909.0,0.6,3,0.52,132,0.792,0,0,-1,0.54,0,0
CL105257,1673874.0,4007362.0,7.2,5,0.124,159,0.25,0,0,-2,0.472,0,0
CL105258,1073567.0,2894365.0,10.3,2,0.618,74,0.47,0,1,0,0.048,0,0
CL105259,6657770.0,1896876.0,25.9,2,0.342,54,0.636,0,0,-2,0.155,0,0
CL105260,4530172.0,2710738.0,4.2,2,0.615,80,0.384,0,0,-1,0.47,0,0
CL105261,1640465.0,2672187.0,0.2,2,0.27,56,0.787,0,1,-1,0.86,0,0
CL105262,2775137.0,3860896.0,7.4,5,0.263,117,0.4,3,1,-1,0.501,0,1
CL105263,2983873.0,1533206.0,2.7,3,0.658,94,0.532,2,0,-2,0.525,0,0
CL105264,4393088.0,4982247.0,4.5,1,0.095,99,0.872,0,2,1,0.063,0,0
CL105265,1608315.0,10389958.0,5.4,3,0.371,44,0.276,0,0,1,0.611,0,0
CL105266,4180968.0,4860491.0,0.5,5,0.22,5,0.674,0,1,-1,0.384,0,0
CL105267,1841420.0,7034182.0,5.3,4,0.223,80,0.5,1,0,-2,0.299,1,0
CL105268,1241795.0,8590725.0,4.4,1,0.433,68,0.786,0,0,-1,0.596,0,1
CL105269,3478349.0,9488040.0,10.0,1,0.125,137,0.806,0,0,-1,0.317,0,0
CL105270,4617570.0,14784606.0,8.3,4,0.663,4,0.289,0,0,1,0.311,0,0
CL105271,8832551.0,2815241.0,1.6,2,0.276,85,0.638,2,0,-1,0.486,0,0
CL105272,1329266.0,2414641.0,1.8,5,0.634,117,0.43,0,0,-2,0.559,0,0
CL105273,3434768.0,6909625.0,2.3,4,0.194,95,0.419,0,0,-1,0.323,0,0
CL105274,1973066.0,6555313.0,1.6,3,0.709,16,0.601,0,1,1,0.237,0,0
CL105275,3582887.0,6872048.0,8.6,3,0.394,111,0.625,0,0,0,0.568,0,0
CL105276,1160957.0,14984063.0,41.5,4,0.652,70,0.496,1,1,-1,0.702,1,0
CL105277,1288018.0,4024692.0,8.4,5,0.175,15,0.453,0,0,-1,0.367,0,0
CL105278,1643046.0,5380595.0,7.5,1,0.547,107,0.931,0,0,-2,0.435,1,0
CL105279,2519276.0,2010167.0,4.2,1,0.206,159,0.744,0,1,-1,0.248,0,0
CL105280,1757599.0,17800281.0,3.0,2,0.49,94,0.659,0,0,1,0.493,0,0
CL105281,3366981.0,3154746.0,19.4,5,0.477,80,0.285,0,0,-2,0.055,0,0
CL105282,4046842.0,3217930.0,27.8,3,0.294,44,0.709,0,1,0,0.442,0,0
CL105283,3268327.0,3132290.0,5.5,3,0.314,164,0.877,0,0,0,0.12,1,0
CL105284,5440567.0,2542283.0,2.7,2,0.254,126,0.727,2,0,1,0.73,0,0
CL105285,2981429.0,2396198.0,11.8,3,0.463,130,0.52,0,2,1,0.09,0,0
CL105286,1317902.0,2767367.0,1.1,2,0.49,156,0.488,0,0,-2,0.781,0,0
CL105287,4788311.0,1534849.0,11.6,2,0.185,112,0.681,0,0,-1,0.1,0,0
CL105288,1789455.0,2304277.0,13.7,4,0.489,40,0.679,0,0,-2,0.4,0,0
CL105289,3817893.0,15623304.0,1.1,1,0.461,63,0.736,0,0,0,0.103,0,0
CL105290,5319379.0,6682205.0,30.1,5,0.135,63,0.365,0,0,-1,0.115,1,1
CL105291,3042968.0,7634079.0,33.9,5,0.235,17,0.882,0,0,-2,0.273,0,1
CL105292,1146152.0,9102377.0,22.1,1,0.538,38,0.223,0,1,-2,0.331,0,0
CL105293,1530177.0,14416648.0,5.5,5,0.19,128,0.744,0,0,1,0.617,1,0
CL105294,4692013.0,1155454.0,2.3,3,0.528,164,0.395,0,1,-1,0.473,0,0
CL105295,2225381.0,1688045.0,7.0,3,0.537,160,0.531,0,0,-1,0.51,0,0
CL105296,2520044.0,2274779.0,4.4,5,0.396,25,0.771,0,0,-2,0.511,0,1
CL105297,3539203.0,2873925.0,1.8,4,0.222,77,0.878,0,0,1,0.19,0,0
CL105298,3430311.0,3235200.0,4.4,5,0.373,142,0.748,0,1,-1,0.45,0,1
CL105299,2784002.0,2920063.0,8.7,2,0.248,172,0.842,0,0,-2,0.335,1,0
CL105300,2181811.0,4655297.0,0.6,2,0.217,124,0.677,0,0,-2,0.417,0,0
CL105301,2071256.0,4092664.0,3.2,1,0.208,25,0.484,0,0,1,0.419,0,0
CL105302,3718941.0,2407298.0,0.1,3,0.254,35,0.554,1,0,-2,0.382,0,0
CL105303,3194001.0,870755.0,11.1,4,0.294,79,0.547,2,0,-1,0.595,0,0
CL105304,2129398.0,1992682.0,8.2,5,0.327,175,0.125,0,0,0,0.473,0,1
CL105305,4160127.0,2718343.0,0.5,2,0.406,175,0.73,1,0,-1,0.56,1,0
CL105306,2270437.0,3358632.0,26.8,3,0.221,145,0.922,0,0,-2,0.239,0,0
CL105307,1581950.0,1810716.0,0.2,3,0.645,89,0.759,0,0,-1,0.426,1,0
CL105308,1656992.0,2831835.0,7.1,4,0.629,23,0.501,0,0,0,0.148,0,0
CL105309,1484561.0,1809044.0,12.0,4,0.674,122,0.671,0,2,0,0.445,1,0
CL105310,2113371.0,3656169.0,12.4,4,0.781,17,0.476,0,1,-2,0.314,1,0
CL105311,4487751.0,1883865.0,0.3,4,0.791,29,0.581,0,1,-1,0.526,1,0
CL105312,1619216.0,2203961.0,19.0,2,0.171,2,0.729,0,1,1,0.599,1,0
CL105313,2661067.0,1597453.0,20.1,4,0.447,11,0.906,1,0,0,0.535,1,0
CL105314,1743936.0,3586006.0,6.6,3,0.188,16,0.723,1,1,-2,0.137,0,0
CL105315,2126197.0,2177061.0,5.3,3,0.172,179,0.624,2,1,0,0.265,0,0
CL105316,1138224.0,7532586.0,0.4,5,0.406,81,0.822,2,0,0,0.149,0,0
CL105317,2168900.0,5304654.0,6.6,3,0.089,21,0.602,0,0,-2,0.386,0,1
CL105318,2198195.0,3802251.0,4.2,3,0.323,21,0.536,0,1,-1,0.346,0,0
CL105319,3172860.0,2284734.0,11.9,2,0.374,6,0.678,0,0,1,0.59,0,0
CL105320,2707782.0,5211427.0,4.1,3,0.485,46,0.515,0,0,-2,0.401,0,0
CL105321,1330152.0,6475204.0,9.2,1,0.453,23,0.962,0,0,-1,0.312,1,0
CL105322,4164468.0,4412191.0,0.9,3,0.258,58,0.887,0,0,1,0.369,0,0
CL105323,2690268.0,12269061.0,1.1,5,0.053,39,0.787,0,0,-2,0.46,0,1
CL105324,2674296.0,5508187.0,1.2,5,0.541,173,0.579,0,0,-2,0.095,0,0
CL105325,2410654.0,7568648.0,0.4,4,0.112,157,0.871,0,1,1,0.695,0,0
CL105326,1869387.0,4384104.0,6.2,2,0.328,31,0.419,0,0,-2,0.157,0,0
CL105327,2700375.0,6407406.0,12.6,5,0.081,2,0.588,0,0,-1,0.291,0,1
CL105328,3071861.0,2285861.0,7.5,1,0.303,86,0.283,1,0,-1,0.555,0,0
CL105329,1011103.0,2896811.0,6.8,1,0.234,165,0.875,0,0,0,0.671,0,0
CL105330,1849858.0,5098997.0,9.1,4,0.531,44,0.698,1,0,-2,0.392,0,1
CL105331,2131905.0,5073136.0,3.3,2,0.188,127,0.633,0,2,0,0.191,0,1
CL105332,2752679.0,5696305.0,3.6,2,0.312,63,0.812,0,1,-2,0.319,1,0
CL105333,4397978.0,8625858.0,3.0,3,0.483,122,0.557,1,0,0,0.471,0,0
CL105334,1646446.0,1472571.0,10.0,1,0.235,75,0.324,0,0,-1,0.4,0,0
CL105335,1887982.0,2018536.0,1.4,1,0.72,53,0.092,0,0,1,0.237,0,0
CL105336,1874276.0,4688864.0,0.1,1,0.362,76,0.867,1,0,-1,0.148,0,0
CL105337,1622107.0,2404723.0,7.3,1,0.119,131,0.49,0,1,1,0.396,0,0
CL105338,2035815.0,42475490.0,22.8,5,0.181,94,0.815,0,0,-2,0.694,1,0
CL105339,3560463.0,5728726.0,7.5,2,0.486,19,0.199,0,1,-1,0.176,0,0
CL105340,1429853.0,3779750.0,12.2,3,0.22,45,0.347,1,1,0,0.674,0,1
CL105341,2999353.0,2783366.0,8.9,5,0.138,55,0.394,0,1,1,0.367,0,0
CL105342,1034107.0,2853014.0,5.5,2,0.309,29,0.692,2,0,-1,0.245,0,0
CL105343,1829093.0,4077923.0,10.1,4,0.615,48,0.652,0,0,-1,0.282,0,0
CL105344,2053909.0,4318365.0,13.9,1,0.118,72,0.885,1,1,0,0.341,0,1
CL105345,5595257.0,2900259.0,2.0,3,0.146,63,0.925,0,1,-1,0.345,0,0
CL105346,2110845.0,3297890.0,3.3,2,0.517,149,0.461,0,2,0,0.355,0,0
CL105347,805629.0,10231679.0,2.0,4,0.044,57,0.552,0,0,-1,0.612,1,0
CL105348,891406.0,10523837.0,4.8,1,0.354,13,0.772,0,0,1,0.507,0,0
CL105349,2463306.0,4763169.0,17.3,4,0.449,155,0.77,0,0,-2,0.772,1,0
CL105350,3291604.0,1561439.0,3.4,4,0.353,88,0.478,0,0,-1,0.327,0,0
CL105351,2921851.0,5820823.0,3.8,5,0.256,105,0.613,1,0,-2,0.372,0,0
CL105352,2633397.0,11851888.0,15.7,4,0.267,9,0.821,1,0,-1,0.651,0,0
CL105353,4330224.0,10415928.0,5.8,5,0.177,74,0.517,0,0,0,0.148,0,0
CL105354,1849090.0,6676458.0,6.1,5,0.425,75,0.497,0,0,1,0.356,0,0
CL105355,3788404.0,10806907.0,15.8,4,0.156,97,0.789,1,0,0,0.147,0,0
CL105356,1070881.0,4144816.0,5.4,2,0.171,135,0.978,0,0,1,0.452,0,0
CL105357,1540359.0,6197596.0,9.2,4,0.119,139,0.458,0,1,1,0.355,0,0
CL105358,981149.0,2479226.0,0.7,4,0.311,109,0.378,1,0,-1,0.642,0,0
CL105359,2110800.0,4899216.0,1.6,2,0.268,28,0.474,1,0,-2,0.481,0,0
CL105360,2366374.0,10126578.0,4.1,1,0.245,102,0.372,0,2,0,0.695,0,0
CL105361,2563927.0,2642943.0,5.5,3,0.183,94,0.486,1,1,-2,0.414,1,0
CL105362,2497852.0,2184701.0,27.0,1,0.219,119,0.409,1,0,0,0.142,0,0
CL105363,1523047.0,4274776.0,28.2,4,0.656,72,0.767,0,0,0,0.309,0,0
CL105364,2202007.0,3406979.0,15.2,1,0.373,27,0.102,0,1,1,0.461,1,0
CL105365,1145414.0,6289571.0,3.0,3,0.15,150,0.754,1,0,0,0.156,0,0
CL105366,4787958.0,2907250.0,26.6,1,0.104,170,0.848,1,0,0,0.551,0,0
CL105367,2080642.0,13295122.0,9.4,3,0.269,160,0.866,0,1,-1,0.72,1,1
CL105368,1896569.0,1618850.0,4.0,1,0.488,142,0.561,1,1,-2,0.086,0,0
CL105369,5359977.0,9603271.0,9.7,5,0.234,154,0.598,0,0,1,0.538,0,0
CL105370,1301303.0,2337530.0,0.1,4,0.326,71,0.765,2,0,1,0.741,0,0
CL105371,1379465.0,1135759.0,1.3,3,0.446,173,0.459,0,0,0,0.267,1,1
CL105372,1399870.0,4716194.0,14.2,4,0.232,30,0.542,0,0,1,0.314,0,0
CL105373,2340943.0,3340979.0,8.3,5,0.365,66,0.325,1,0,-2,0.526,1,0
CL105374,3005083.0,1836319.0,3.6,1,0.422,99,0.738,1,0,0,0.617,0,0
CL105375,3505479.0,1230629.0,5.6,4,0.107,154,0.935,0,1,1,0.365,0,0
CL105376,8762551.0,3969487.0,18.8,1,0.131,89,0.328,1,0,-1,0.121,0,0
CL105377,786449.0,7905631.0,8.0,1,0.296,129,0.899,0,0,-1,0.526,1,0
CL105378,3283327.0,6013199.0,4.1,4,0.249,152,0.461,0,0,0,0.667,0,0
CL105379,1832945.0,4154467.0,1.0,3,0.683,55,0.375,0,0,-2,0.183,0,0
CL105380,1806302.0,5582757.0,2.8,3,0.094,102,0.71,1,0,1,0.741,0,0
CL105381,1776426.0,3917445.0,30.7,4,0.153,65,0.662,0,0,-1,0.252,0,0
CL105382,1537418.0,1467679.0,4.6,3,0.296,25,0.826,0,0,1,0.505,0,0
CL105383,5622362.0,1476779.0,5.1,2,0.15,98,0.847,0,0,-2,0.606,0,0
CL105384,3690043.0,3463472.0,5.5,1,0.313,42,0.591,0,1,0,0.572,0,0
CL105385,2449999.0,3568096.0,17.2,4,0.177,44,0.265,0,0,-2,0.572,0,0
CL105386,4758808.0,7244027.0,7.4,5,0.241,69,0.3,2,0,-2,0.58,0,0
CL105387,1136809.0,6784241.0,9.5,4,0.738,105,0.259,0,1,1,0.105,0,1
CL105388,1245002.0,6098742.0,3.9,4,0.201,140,0.67,1,0,-2,0.205,0,1
CL105389,815059.0,3281470.0,0.2,1,0.109,8,0.749,1,0,-1,0.354,0,1
CL105390,1707076.0,1518971.0,21.4,5,0.705,106,0.954,1,1,-1,0.186,0,1
CL105391,2625677.0,5327804.0,23.8,1,0.3,63,0.797,1,0,1,0.278,0,0
CL105392,2549555.0,5766746.0,23.8,3,0.38,148,0.922,0,0,0,0.265,0,0
CL105393,2609505.0,750150.0,23.0,4,0.092,168,0.775,0,1,-2,0.051,1,0
CL105394,1195974.0,2226549.0,13.5,1,0.36,73,0.796,0,2,-2,0.504,0,0
CL105395,3618526.0,2461452.0,9.2,2,0.651,124,0.398,1,0,-2,0.665,0,0
CL105396,2730004.0,4337658.0,14.9,4,0.14,5,0.699,1,0,-2,0.76,0,0
CL105397,3493893.0,2275357.0,7.3,3,0.151,129,0.744,1,0,1,0.462,0,0
CL105398,939985.0,3887613.0,1.2,1,0.236,11,0.228,0,0,0,0.671,1,1
CL105399,2829882.0,3445658.0,4.0,1,0.588,132,0.498,0,1,0,0.363,1,0
CL105400,1337239.0,3571854.0,28.4,2,0.169,166,0.642,0,0,-1,0.476,1,1
CL105401,1985415.0,2418176.0,3.5,3,0.27,17,0.667,0,0,1,0.655,0,0
CL105402,3163477.0,2552823.0,16.2,2,0.129,68,0.783,0,1,-1,0.563,0,0
CL105403,2534601.0,1874426.0,0.8,4,0.155,160,0.356,1,2,-2,0.512,0,0
CL105404,1582047.0,5209775.0,3.3,5,0.352,5,0.744,0,1,1,0.659,0,0
CL105405,2429356.0,5955179.0,3.5,1,0.413,150,0.932,1,0,1,0.282,0,0
CL105406,1126057.0,2328110.0,0.4,2,0.215,82,0.871,0,0,-1,0.386,0,0
CL105407,4304337.0,11576041.0,1.0,1,0.344,67,0.199,1,1,-2,0.497,0,1
CL105408,2185506.0,3203578.0,1.7,1,0.214,11,0.468,0,0,0,0.357,0,0
CL105409,4236614.0,11653649.0,14.6,2,0.259,153,0.627,0,1,1,0.399,0,0
CL105410,1861204.0,2547215.0,0.5,1,0.18,42,0.84,1,0,-2,0.026,1,0
CL105411,1863957.0,966460.0,2.8,3,0.117,35,0.393,0,0,-1,0.592,0,0
CL105412,1652676.0,5291109.0,0.1,3,0.338,79,0.448,0,0,-2,0.344,0,0
CL105413,3753078.0,4751551.0,9.5,5,0.154,59,0.761,0,0,0,0.802,0,0
CL105414,1698548.0,4090082.0,7.7,3,0.309,117,0.621,0,1,-2,0.897,0,0
CL105415,3342728.0,2547027.0,8.3,2,0.181,48,0.442,0,0,-2,0.04,1,0
CL105416,2000232.0,3897319.0,3.8,3,0.125,3,0.664,0,0,-1,0.585,0,0
CL105417,901683.0,2791580.0,1.9,5,0.508,24,0.418,0,1,1,0.526,0,0
CL105418,1820903.0,3231171.0,10.2,4,0.31,119,0.641,1,2,-1,0.34,0,0
CL105419,1343040.0,7196768.0,13.3,4,0.372,101,0.934,1,0,0,0.386,0,0
CL105420,2463149.0,4542336.0,1.2,2,0.252,33,0.376,1,1,-1,0.537,1,0
CL105421,1335473.0,6119347.0,5.3,5,0.332,70,0.894,0,0,0,0.322,0,0
CL105422,3847705.0,3394585.0,2.3,3,0.641,175,0.413,0,1,1,0.296,0,0
CL105423,2313940.0,3142684.0,1.5,5,0.589,53,0.403,0,0,1,0.426,0,0
CL105424,2215973.0,1780780.0,10.6,1,0.307,173,0.514,1,0,0,0.673,0,0
CL105425,3361662.0,3081646.0,6.2,5,0.393,57,0.544,1,1,-2,0.257,0,0
CL105426,3921377.0,390514.0,1.9,3,0.133,40,0.758,0,0,0,0.804,0,0
CL105427,2397532.0,2641466.0,3.0,2,0.141,3,0.197,0,1,-2,0.331,0,0
CL105428,1646891.0,3770387.0,27.2,1,0.507,49,0.297,0,0,0,0.928,0,0
CL105429,997508.0,5924291.0,15.1,5,0.478,14,0.843,1,0,-2,0.764,0,0
CL105430,1718522.0,3308235.0,17.0,4,0.113,125,0.388,0,0,0,0.163,0,1
CL105431,1778701.0,5092969.0,4.9,3,0.299,148,0.883,0,0,1,0.203,0,0
CL105432,2554913.0,868174.0,7.8,2,0.131,25,0.49,1,0,-1,0.386,0,0
CL105433,2037892.0,3837049.0,3.8,3,0.375,4,0.543,0,0,1,0.537,0,0
CL105434,3415951.0,1232245.0,0.6,5,0.11,169,0.589,1,1,-2,0.402,0,0
CL105435,1782466.0,1713738.0,4.1,2,0.378,63,0.629,1,0,-1,0.027,0,1
CL105436,2353654.0,3502488.0,7.2,4,0.011,176,0.894,0,1,-1,0.727,0,0
CL105437,4377524.0,9755920.0,2.7,1,0.149,55,0.899,0,0,1,0.207,0,0
CL105438,2873130.0,5177561.0,15.1,5,0.379,2,0.766,0,0,-1,0.125,0,0
CL105439,2350130.0,4044068.0,1.3,2,0.706,23,0.848,0,1,-1,0.624,0,0
CL105440,1792331.0,3938572.0,3.7,1,0.487,108,0.816,1,0,1,0.574,0,0
CL105441,1764511.0,2422861.0,1.1,2,0.098,176,0.347,0,0,1,0.436,0,0
CL105442,1582780.0,2728361.0,4.2,5,0.286,119,0.905,0,0,0,0.78,1,0
CL105443,1847782.0,5385190.0,0.3,2,0.213,15,0.648,1,0,-2,0.284,1,0
CL105444,3533618.0,1513973.0,2.5,4,0.322,51,0.555,0,0,1,0.429,0,0
CL105445,2167437.0,6047393.0,4.1,2,0.295,152,0.545,0,1,-2,0.826,1,0
CL105446,1233188.0,3042059.0,5.2,5,0.349,20,0.56,0,0,-2,0.52,0,0
CL105447,5862488.0,7116239.0,6.3,2,0.318,56,0.323,0,1,-1,0.289,0,0
CL105448,2841898.0,7824461.0,2.6,1,0.143,38,0.382,2,0,-2,0.337,0,0
CL105449,1198436.0,1237794.0,5.9,1,0.19,25,0.692,0,1,1,0.192,1,1
CL105450,1941702.0,2657492.0,5.7,3,0.296,86,0.811,1,1,0,0.092,0,0
CL105451,2559809.0,2193767.0,3.0,3,0.295,179,0.807,1,0,-2,0.614,0,0
CL105452,5679059.0,1122524.0,14.2,4,0.244,175,0.683,1,2,-2,0.379,0,1
CL105453,1391571.0,1938116.0,6.3,1,0.123,68,0.565,0,1,1,0.394,1,0
CL105454,3945240.0,22051233.0,3.2,3,0.196,80,0.657,0,0,1,0.294,0,0
CL105455,4875549.0,6117456.0,23.6,2,0.178,64,0.675,1,0,1,0.398,0,0
CL105456,1768554.0,15280707.0,14.9,4,0.354,171,0.617,0,0,0,0.326,0,0
CL105457,2107985.0,7133902.0,32.4,5,0.216,71,0.589,0,0,-1,0.462,0,0
CL105458,1442438.0,2375479.0,9.4,3,0.179,88,0.627,0,0,0,0.424,0,1
CL105459,2187499.0,3056436.0,3.8,3,0.51,57,0.79,1,0,-2,0.094,0,0
CL105460,2377845.0,6027876.0,2.6,1,0.261,167,0.633,0,0,1,0.523,1,0
CL105461,3367984.0,5423513.0,8.7,4,0.148,119,0.69,0,0,1,0.355,0,0
CL105462,4176949.0,2665389.0,31.6,1,0.225,29,0.505,0,0,1,0.366,0,0
CL105463,1666026.0,1387487.0,7.9,1,0.241,154,0.51,0,0,-2,0.697,1,1
CL105464,905586.0,39881887.0,17.1,4,0.566,142,0.382,0,0,-1,0.467,0,0
CL105465,2396159.0,3617144.0,3.2,2,0.455,64,0.676,1,1,-2,0.244,1,0
CL105466,2804592.0,3178700.0,4.2,3,0.239,47,0.98,0,0,0,0.075,0,0
CL105467,2743401.0,4322455.0,18.9,1,0.651,20,0.116,0,0,1,0.131,0,0
CL105468,2056803.0,3368877.0,11.3,3,0.474,7,0.333,0,0,1,0.665,0,0
CL105469,2577617.0,4350974.0,31.9,4,0.605,94,0.643,0,0,-2,0.196,1,0
CL105470,5166585.0,9829151.0,11.9,2,0.345,128,0.791,0,1,-2,0.361,0,0
CL105471,2931038.0,3659423.0,4.8,5,0.307,114,0.693,0,0,1,0.389,0,0
CL105472,2009338.0,1769314.0,6.1,2,0.235,53,0.477,0,0,1,0.645,0,0
CL105473,1885872.0,3565623.0,18.5,4,0.36,158,0.591,0,0,0,0.367,0,1
CL105474,2224569.0,2884663.0,6.4,2,0.406,66,0.645,1,0,-1,0.309,0,0
CL105475,5489622.0,10818079.0,2.4,5,0.199,143,0.739,0,2,-2,0.287,0,1
CL105476,2209661.0,9063658.0,4.6,1,0.261,127,0.708,1,0,0,0.714,1,0
CL105477,2397897.0,4304913.0,5.8,2,0.356,70,0.232,0,0,-2,0.46,0,0
CL105478,1902812.0,1631295.0,0.8,4,0.322,92,0.575,0,0,-1,0.132,0,0
CL105479,4195368.0,1692768.0,10.9,2,0.317,120,0.789,0,1,0,0.143,0,0
CL105480,6452116.0,4035280.0,0.9,5,0.317,153,0.678,0,0,-2,0.226,0,0
CL105481,3033739.0,5052663.0,4.2,4,0.589,23,0.408,0,0,-1,0.503,0,0
CL105482,2524078.0,3071769.0,13.1,2,0.059,140,0.828,0,1,0,0.119,0,0
CL105483,2466699.0,2852999.0,5.0,4,0.144,176,0.444,0,1,-2,0.266,1,0
CL105484,735162.0,2636705.0,14.8,5,0.393,112,0.731,1,1,-1,0.166,1,0
CL105485,3515089.0,3927934.0,3.3,1,0.132,138,0.57,0,0,1,0.212,0,0
CL105486,2589779.0,753185.0,25.3,5,0.383,145,0.787,1,1,1,0.039,0,0
CL105487,3000145.0,1846996.0,1.9,1,0.562,119,0.523,0,0,-1,0.129,0,0
CL105488,1696824.0,2574239.0,0.3,3,0.341,130,0.613,0,0,1,0.664,0,0
CL105489,1998228.0,9297464.0,16.5,5,0.317,81,0.374,0,0,1,0.494,0,0
CL105490,1971859.0,2258769.0,11.2,1,0.224,175,0.642,0,0,-1,0.128,0,0
CL105491,4036189.0,4530431.0,2.1,3,0.322,71,0.764,0,0,-1,0.623,0,0
CL105492,2003929.0,4678930.0,33.5,3,0.142,141,0.078,0,0,-2,0.737,0,1
CL105493,6860769.0,9904914.0,5.6,3,0.566,74,0.616,2,0,0,0.054,0,0
CL105494,3003928.0,9662898.0,24.1,4,0.511,22,0.526,1,0,1,0.048,0,0
CL105495,1279729.0,3835261.0,5.6,5,0.21,126,0.949,0,0,0,0.553,0,0
CL105496,2270991.0,2862370.0,5.1,5,0.12,156,0.734,0,0,-2,0.327,0,0
CL105497,1748314.0,2508804.0,4.8,5,0.092,178,0.635,0,1,-1,0.529,0,0
CL105498,808397.0,3372806.0,3.3,5,0.319,106,0.661,1,0,-1,0.231,0,0
CL105499,5388273.0,2946642.0,6.1,4,0.273,124,0.652,0,0,1,0.155,0,0
CL105500,3442028.0,5882775.0,4.8,5,0.14,78,0.675,0,1,-2,0.731,0,0
CL105501,3161647.0,5358619.0,0.3,1,0.566,147,0.32,1,0,1,0.666,0,0
CL105502,2630546.0,6042092.0,2.4,3,0.151,118,0.751,1,0,-2,0.601,0,0
CL105503,1213466.0,9640645.0,1.9,4,0.377,1,0.499,1,0,-1,0.107,0,0
CL105504,1901572.0,14709563.0,16.2,4,0.326,88,0.631,0,0,0,0.431,1,0
CL105505,3689090.0,4356870.0,7.3,5,0.495,142,0.78,2,0,1,0.06,0,0
CL105506,1431724.0,8620250.0,11.5,3,0.634,87,0.699,0,0,-2,0.349,0,0
CL105507,682908.0,3121543.0,25.1,1,0.509,69,0.292,0,0,-1,0.174,0,0
CL105508,2161790.0,9152200.0,8.3,3,0.48,84,0.886,1,0,1,0.373,0,1
CL105509,2256039.0,8394241.0,32.4,2,0.461,150,0.674,0,1,-2,0.508,0,0
CL105510,2591589.0,8087993.0,3.0,3,0.538,110,0.522,0,0,-2,0.539,0,1
CL105511,3485978.0,4264557.0,1.6,1,0.519,128,0.915,0,0,-1,0.564,0,0
CL105512,3331066.0,2500870.0,4.1,1,0.361,104,0.618,0,0,-2,0.414,0,0
CL105513,2756259.0,1504288.0,5.1,1,0.496,172,0.633,2,1,-2,0.511,0,0
CL105514,4402864.0,3882438.0,18.1,4,0.473,122,0.572,0,0,-1,0.076,0,0
CL105515,1133154.0,11676733.0,6.6,4,0.258,177,0.553,0,0,0,0.22,0,1
CL105516,3116717.0,3214263.0,2.8,2,0.31,99,0.553,1,0,-2,0.39,0,1
CL105517,3312684.0,6917663.0,10.9,3,0.099,36,0.765,0,0,1,0.092,1,0
CL105518,1303051.0,7208461.0,5.6,5,0.138,88,0.53,0,0,-2,0.279,0,0
CL105519,1142312.0,3273662.0,1.4,2,0.273,162,0.687,0,0,-2,0.306,0,1
CL105520,1667822.0,10033513.0,6.9,5,0.364,37,0.429,0,0,1,0.209,0,0
CL105521,1739711.0,521225.0,19.4,5,0.211,51,0.499,1,0,-2,0.34,0,0
CL105522,3529652.0,1696495.0,14.8,2,0.566,37,0.794,1,2,-2,0.497,0,1
CL105523,1781080.0,2103383.0,7.1,3,0.142,153,0.414,0,0,1,0.252,0,0
CL105524,1578248.0,2249457.0,3.8,5,0.294,86,0.272,0,0,0,0.355,0,0
CL105525,1783669.0,5052451.0,0.7,4,0.277,5,0.841,0,1,-1,0.45,1,0
CL105526,4236789.0,4891583.0,5.1,4,0.085,136,0.545,1,0,-1,0.414,0,0
CL105527,2437593.0,5260799.0,11.2,2,0.638,53,0.328,0,0,0,0.442,0,0
CL105528,2214140.0,6060222.0,3.6,5,0.156,105,0.55,0,0,-1,0.663,0,0
CL105529,2292142.0,2053234.0,2.1,2,0.211,111,0.483,1,0,0,0.43,0,0
CL105530,4620577.0,1701936.0,21.4,4,0.208,27,0.632,1,0,0,0.436,0,0
CL105531,1665131.0,5269383.0,13.8,2,0.228,61,0.291,2,0,-1,0.624,1,0
CL105532,4675067.0,2568513.0,8.1,5,0.34,65,0.669,1,0,-2,0.418,0,0
CL105533,2690528.0,1329971.0,1.2,5,0.773,84,0.882,0,0,1,0.648,0,0
CL105534,2235086.0,7880808.0,1.3,4,0.263,45,0.588,0,0,-1,0.543,0,0
CL105535,8456536.0,10602192.0,0.9,1,0.31,131,0.812,1,0,1,0.738,0,0
CL105536,1428564.0,11875792.0,7.7,1,0.222,50,0.799,1,1,-1,0.541,1,0
CL105537,2029210.0,4551218.0,1.0,3,0.568,48,0.92,0,0,0,0.483,0,0
CL105538,1307705.0,6188185.0,14.8,4,0.277,175,0.589,1,0,-1,0.182,1,0
CL105539,3899001.0,10416564.0,39.7,3,0.189,142,0.439,0,0,0,0.551,1,1
CL105540,5635489.0,2548483.0,3.7,4,0.283,19,0.699,0,0,-1,0.516,0,0
CL105541,5581462.0,8688183.0,4.8,5,0.233,134,0.708,2,0,0,0.33,0,1
CL105542,4465869.0,4841704.0,9.9,4,0.342,135,0.377,0,1,0,0.565,0,0
CL105543,2193897.0,7569202.0,22.1,2,0.524,101,0.61,0,0,-1,0.282,0,1
CL105544,2017520.0,4548305.0,18.0,3,0.421,90,0.833,0,0,0,0.131,1,0
CL105545,1050120.0,9893413.0,0.5,4,0.185,13,0.468,1,0,-2,0.342,0,0
CL105546,6702136.0,4669052.0,1.5,3,0.255,101,0.946,3,0,-1,0.693,0,0
CL105547,3061725.0,1412984.0,11.2,4,0.034,46,0.143,0,0,-1,0.637,0,0
CL105548,1893659.0,11032419.0,9.3,1,0.221,33,0.686,0,0,-1,0.072,0,1
CL105549,4704492.0,2056937.0,1.1,3,0.344,116,0.615,0,0,0,0.138,0,0
CL105550,1489004.0,9598724.0,5.6,5,0.34,97,0.872,0,1,-2,0.408,0,0
CL105551,2967739.0,3748364.0,12.1,5,0.246,41,0.702,0,0,-2,0.444,0,0
CL105552,2221483.0,9094748.0,2.0,4,0.755,73,0.72,0,0,-2,0.492,0,0
CL105553,3332851.0,8835940.0,16.4,5,0.355,29,0.37,0,0,1,0.47,0,0
CL105554,2345979.0,5395631.0,0.4,5,0.303,117,0.745,0,1,1,0.474,0,0
CL105555,1172368.0,5699989.0,12.2,3,0.573,7,0.383,3,0,-1,0.519,1,0
CL105556,2515012.0,5367324.0,7.7,4,0.373,95,0.843,0,0,0,0.637,0,0
CL105557,4091540.0,975127.0,3.0,3,0.063,11,0.49,0,0,1,0.3,0,0
CL105558,2386627.0,4337597.0,10.2,4,0.274,42,0.817,1,0,-2,0.587,0,1
CL105559,3568149.0,1828040.0,12.2,5,0.109,5,0.751,1,1,-1,0.122,0,0
CL105560,1435804.0,4501094.0,21.7,4,0.405,175,0.908,0,0,-1,0.582,0,0
CL105561,2390157.0,1793968.0,3.7,4,0.273,2,0.362,0,0,-2,0.427,0,0
CL105562,1772222.0,1741981.0,9.3,2,0.412,43,0.429,0,0,-1,0.435,0,0
CL105563,3518307.0,12279652.0,7.4,4,0.491,4,0.618,0,0,-2,0.2,1,0
CL105564,2460182.0,8441015.0,6.0,2,0.258,81,0.71,0,0,0,0.241,0,0
CL105565,3419609.0,3981225.0,17.7,3,0.151,119,0.385,0,0,-1,0.283,0,0
CL105566,4171788.0,4544090.0,0.0,2,0.236,95,0.179,2,0,-1,0.511,0,0
CL105567,3422252.0,3356666.0,2.7,3,0.09,59,0.631,0,1,1,0.227,0,0
CL105568,2776104.0,5950070.0,6.2,4,0.428,30,0.763,0,0,0,0.601,0,0
CL105569,1470178.0,2487433.0,1.6,3,0.476,130,0.192,0,1,0,0.398,0,0
CL105570,2418376.0,8005330.0,19.1,5,0.316,88,0.46,0,1,0,0.289,0,0
CL105571,1855110.0,3344538.0,8.3,4,0.026,74,0.696,1,0,-2,0.444,0,1
CL105572,2038996.0,2976049.0,5.2,2,0.202,128,0.626,0,0,0,0.243,0,0
CL105573,2008167.0,4053937.0,13.5,1,0.432,171,0.462,0,0,-2,0.269,0,0
CL105574,1483682.0,2639756.0,4.8,4,0.703,96,0.497,1,0,-1,0.411,0,0
CL105575,910119.0,5025712.0,6.5,5,0.672,18,0.442,0,0,-2,0.375,1,0
CL105576,1733978.0,2741035.0,0.0,3,0.264,152,0.596,0,1,0,0.553,1,0
CL105577,2667600.0,5542557.0,3.6,2,0.097,165,0.469,1,1,1,0.255,0,0
CL105578,1234173.0,9352971.0,1.2,2,0.374,158,0.616,1,0,1,0.524,0,1
CL105579,2440811.0,2413226.0,9.4,5,0.255,59,0.867,1,0,0,0.134,0,0
CL105580,6262777.0,3644017.0,5.2,5,0.248,151,0.745,0,0,0,0.415,0,0
CL105581,4039083.0,5514720.0,2.9,4,0.501,30,0.465,0,0,-1,0.791,0,0
CL105582,5508323.0,2942882.0,5.0,1,0.599,169,0.591,1,0,-1,0.424,0,0
CL105583,2944837.0,5526274.0,1.9,1,0.223,51,0.448,0,0,0,0.617,0,0
CL105584,4341606.0,5890074.0,20.7,3,0.139,88,0.64,2,0,1,0.48,0,0
CL105585,1686250.0,8523037.0,0.4,2,0.124,67,0.154,0,0,0,0.543,0,0
CL105586,1754738.0,2612471.0,16.0,4,0.372,143,0.85,1,1,-2,0.299,1,0
CL105587,615648.0,2063796.0,5.7,2,0.259,109,0.925,0,0,-1,0.192,0,0
CL105588,4382250.0,3219369.0,7.7,4,0.376,76,0.749,1,0,-1,0.219,0,0
CL105589,5231256.0,2028026.0,2.9,5,0.286,65,0.473,0,0,1,0.196,0,0
CL105590,1836572.0,5927711.0,27.2,3,0.472,2,0.82,0,1,0,0.374,0,0
CL105591,2132966.0,1770503.0,2.6,5,0.187,11,0.622,1,0,-2,0.412,0,1
CL105592,1661230.0,20442191.0,7.1,2,0.247,76,0.389,0,0,1,0.438,0,0
CL105593,2932385.0,9891135.0,40.2,3,0.245,92,0.578,1,0,1,0.181,0,1
CL105594,4250156.0,4028091.0,17.0,4,0.652,97,0.274,0,0,0,0.437,0,0
CL105595,1013190.0,7327729.0,6.1,4,0.158,170,0.63,1,1,1,0.216,1,0
CL105596,2971921.0,1269633.0,37.1,3,0.447,3,0.875,0,0,-1,0.519,1,0
CL105597,2108873.0,23355927.0,9.7,5,0.315,41,0.608,0,1,0,0.125,1,0
CL105598,2563021.0,2641480.0,1.9,3,0.418,49,0.466,0,0,1,0.593,0,1
CL105599,3046479.0,3669815.0,4.2,5,0.477,83,0.563,0,1,1,0.603,0,0
CL105600,2204252.0,1089083.0,3.3,3,0.384,82,0.733,0,0,-1,0.637,0,0
CL105601,2299510.0,5611907.0,3.4,5,0.702,37,0.776,1,0,1,0.348,0,0
CL105602,2176138.0,1840521.0,11.4,1,0.356,92,0.809,0,0,1,0.42,0,0
CL105603,3933964.0,4287263.0,7.0,3,0.038,7,0.913,0,1,1,0.563,0,0
CL105604,2985805.0,2727805.0,0.3,5,0.444,111,0.778,0,0,-1,0.669,0,1
CL105605,2704133.0,1877740.0,16.8,2,0.219,38,0.792,0,0,-2,0.711,0,0
CL105606,1282759.0,2273764.0,2.8,2,0.245,133,0.718,1,0,-2,0.366,0,0
CL105607,2004109.0,4676458.0,46.7,3,0.34,61,0.591,0,0,-2,0.244,0,1
CL105608,3795530.0,1628152.0,24.7,3,0.516,83,0.423,2,1,1,0.153,0,1
CL105609,2467826.0,2363920.0,22.6,4,0.492,167,0.544,1,0,0,0.387,0,0
CL105610,3367785.0,6352070.0,13.3,5,0.402,28,0.88,0,0,-2,0.307,0,0
CL105611,5857632.0,24685730.0,2.0,3,0.416,130,0.772,1,1,0,0.494,0,0
CL105612,4070608.0,5577840.0,6.1,2,0.168,70,0.245,1,1,1,0.753,0,0
CL105613,2537219.0,2100985.0,2.0,2,0.125,156,0.633,1,0,-1,0.147,0,0
CL105614,1875724.0,3087956.0,2.4,2,0.083,37,0.359,0,1,0,0.323,0,1
CL105615,675511.0,4082060.0,7.6,5,0.296,120,0.976,0,0,1,0.309,1,0
CL105616,2226202.0,3126431.0,0.3,1,0.123,96,0.598,0,1,-2,0.105,0,1
CL105617,2057483.0,7512965.0,27.9,3,0.407,101,0.872,1,1,-2,0.496,0,1
CL105618,2943715.0,4649320.0,20.1,1,0.747,82,0.983,1,0,1,0.077,0,0
CL105619,2242378.0,7538220.0,3.8,5,0.168,129,0.778,0,0,1,0.049,0,0
CL105620,2063280.0,3203932.0,5.8,3,0.196,3,0.324,1,0,0,0.208,0,0
CL105621,994804.0,10098022.0,5.0,4,0.162,71,0.797,0,0,-2,0.271,0,0
CL105622,1513622.0,3553559.0,17.1,3,0.065,97,0.712,1,1,1,0.225,0,0
CL105623,3073494.0,2023152.0,9.3,3,0.117,85,0.258,0,0,1,0.277,0,0
CL105624,5711281.0,18331368.0,2.6,3,0.218,142,0.255,0,0,-2,0.13,0,0
CL105625,2306490.0,1112940.0,4.7,3,0.155,176,0.826,2,1,-1,0.565,0,0
CL105626,2853068.0,2380647.0,4.5,3,0.502,37,0.837,0,0,-2,0.6,0,0
CL105627,3899033.0,2574280.0,25.6,5,0.202,131,0.822,0,0,1,0.156,0,0
CL105628,1614528.0,23110888.0,1.5,3,0.807,177,0.444,0,0,-2,0.426,0,0
CL105629,2909253.0,14144002.0,0.8,5,0.036,101,0.732,0,0,-2,0.087,0,0
CL105630,1672374.0,11361599.0,17.0,3,0.481,97,0.543,0,0,0,0.616,1,0
CL105631,3731841.0,3167772.0,18.2,3,0.135,13,0.685,1,0,0,0.307,1,0
CL105632,2612195.0,21819718.0,16.4,5,0.303,127,0.407,0,0,1,0.124,1,0
CL105633,2811492.0,5167225.0,5.7,3,0.497,50,0.682,0,0,-2,0.42,1,0
CL105634,1637532.0,7913529.0,8.6,2,0.178,147,0.728,0,0,-2,0.523,0,0
CL105635,3448729.0,4527981.0,6.6,3,0.325,154,0.6,0,1,-1,0.155,0,0
CL105636,6867814.0,3856896.0,0.6,4,0.25,57,0.915,0,0,1,0.195,0,0
CL105637,1463065.0,3347602.0,7.2,5,0.205,166,0.771,1,0,1,0.551,0,0
CL105638,2043389.0,3447818.0,0.1,3,0.096,137,0.832,1,0,1,0.513,0,0
CL105639,2719079.0,6113097.0,3.1,3,0.366,46,0.363,0,1,-1,0.863,0,0
CL105640,3588350.0,5163059.0,21.5,5,0.356,94,0.75,0,0,1,0.387,0,0
CL105641,1830733.0,3905788.0,2.9,1,0.21,86,0.231,1,0,-2,0.623,0,0
CL105642,587414.0,11486314.0,22.5,2,0.324,132,0.698,0,1,-2,0.306,1,0
CL105643,4778297.0,500455.0,2.3,2,0.544,125,0.495,0,0,1,0.575,0,0
CL105644,3542181.0,5705385.0,3.0,3,0.027,82,0.722,1,0,-2,0.829,0,0
CL105645,1013101.0,6598924.0,7.9,5,0.119,178,0.803,1,0,1,0.562,1,1
CL105646,1787298.0,8911686.0,11.5,4,0.054,70,0.494,0,0,1,0.183,0,1
CL105647,5304633.0,3815529.0,5.6,3,0.203,93,0.323,2,0,-1,0.412,0,0
CL105648,4994751.0,4618331.0,17.1,2,0.174,133,0.513,0,1,0,0.686,0,0
CL105649,3872148.0,7961786.0,0.3,3,0.496,162,0.535,0,0,1,0.509,0,0
CL105650,2217617.0,11339656.0,20.4,5,0.499,146,0.706,0,1,1,0.624,1,0
CL105651,2524349.0,3235276.0,1.7,4,0.279,27,0.485,0,0,0,0.203,0,0
CL105652,2268291.0,4813250.0,17.2,1,0.697,10,0.274,0,0,-1,0.157,0,0
CL105653,4257190.0,12929237.0,4.1,4,0.153,130,0.69,0,0,-1,0.56,0,0
CL105654,1562939.0,902732.0,14.3,3,0.352,118,0.723,0,0,1,0.567,0,1
CL105655,1618645.0,2463248.0,8.9,2,0.654,150,0.795,0,0,1,0.078,1,0
CL105656,4013352.0,11140361.0,1.5,5,0.133,138,0.404,2,0,0,0.514,0,0
CL105657,2368623.0,8578559.0,20.0,3,0.381,59,0.79,0,0,0,0.294,0,0
CL105658,4824577.0,5755760.0,2.3,1,0.535,121,0.749,0,0,-1,0.703,0,0
CL105659,1731059.0,2916755.0,2.2,5,0.24,91,0.62,0,1,-2,0.232,0,0
CL105660,2356318.0,2153763.0,13.5,5,0.159,140,0.84,0,1,-1,0.405,0,1
CL105661,1526966.0,2639629.0,0.9,5,0.036,63,0.429,0,2,-2,0.163,0,1
CL105662,2430679.0,11799949.0,2.0,3,0.155,15,0.449,1,0,0,0.362,0,0
CL105663,1156289.0,2571732.0,5.6,1,0.345,166,0.592,0,2,1,0.413,0,0
CL105664,1897757.0,4286564.0,14.2,3,0.19,105,0.704,0,0,0,0.312,0,0
CL105665,1181001.0,2355832.0,1.3,5,0.65,6,0.553,0,1,1,0.321,0,0
CL105666,3426198.0,7202522.0,6.3,5,0.12,134,0.579,0,0,1,0.388,0,0
CL105667,3465248.0,2738420.0,9.9,2,0.129,38,0.952,0,0,0,0.634,0,0
CL105668,1019547.0,3729125.0,15.8,4,0.442,48,0.762,0,1,1,0.557,0,0
CL105669,4718223.0,1228903.0,21.9,3,0.546,15,0.718,1,0,1,0.271,0,0
CL105670,8441812.0,1290632.0,12.3,1,0.412,72,0.604,2,0,1,0.217,0,0
CL105671,2478101.0,4014291.0,8.5,5,0.214,29,0.674,0,0,-2,0.396,1,0
CL105672,1757570.0,1579138.0,4.5,3,0.166,2,0.422,0,1,-2,0.151,1,0
CL105673,9940872.0,17427512.0,1.0,4,0.245,75,0.9,0,0,-1,0.194,0,0
CL105674,1252329.0,943106.0,9.9,3,0.384,144,0.921,0,0,-2,0.556,1,0
CL105675,2446217.0,2280436.0,39.4,4,0.13,88,0.217,0,0,0,0.563,0,0
CL105676,2649314.0,4039739.0,10.7,3,0.334,162,0.766,0,0,0,0.796,0,0
CL105677,4744866.0,3092242.0,0.1,2,0.13,171,0.73,0,0,1,0.593,0,0
CL105678,2898980.0,1843356.0,5.5,3,0.477,24,0.945,0,0,1,0.055,0,0
CL105679,1887348.0,2042021.0,7.6,2,0.384,102,0.931,0,0,-2,0.808,0,0
CL105680,1505157.0,1995773.0,9.4,4,0.436,25,0.836,1,0,0,0.188,0,0
CL105681,2041283.0,3266713.0,10.2,5,0.125,169,0.756,0,0,-1,0.779,0,0
CL105682,1463785.0,15655774.0,6.5,5,0.265,117,0.421,1,1,-1,0.306,1,1
CL105683,2480356.0,4216669.0,2.0,3,0.693,33,0.918,0,1,1,0.422,0,0
CL105684,1826481.0,9138715.0,22.8,1,0.339,108,0.287,0,0,-1,0.594,0,0
CL105685,1147368.0,5693772.0,9.5,3,0.597,43,0.38,0,2,-2,0.614,0,1
CL105686,4536076.0,8707573.0,2.2,2,0.459,17,0.59,0,0,-2,0.153,0,0
CL105687,1888255.0,562432.0,3.1,2,0.309,7,0.481,0,0,0,0.599,0,0
CL105688,1284566.0,3226406.0,20.4,4,0.126,27,0.408,0,0,0,0.113,0,0
CL105689,2226342.0,9969039.0,17.5,3,0.264,36,0.458,0,1,1,0.44,1,0
CL105690,2505968.0,2675869.0,4.2,4,0.243,147,0.748,0,0,-1,0.163,0,0
CL105691,1011320.0,13711305.0,0.3,1,0.577,15,0.449,1,0,0,0.32,1,0
CL105692,2858546.0,11282045.0,0.4,5,0.342,70,0.719,1,1,0,0.102,0,0
CL105693,1434635.0,2875130.0,2.7,5,0.309,69,0.455,0,2,-1,0.291,0,0
CL105694,5697365.0,2807445.0,7.9,3,0.272,53,0.288,0,0,1,0.254,0,1
CL105695,3147063.0,1963965.0,7.0,4,0.434,2,0.911,1,0,-1,0.263,0,0
CL105696,1982858.0,2569660.0,8.0,4,0.193,107,0.283,0,0,-1,0.383,0,0
CL105697,1668468.0,1684851.0,10.1,1,0.352,146,0.48,1,0,0,0.481,0,0
CL105698,2297923.0,5390603.0,0.2,4,0.432,160,0.742,1,0,-2,0.54,0,0
CL105699,3289991.0,1440884.0,0.9,2,0.601,113,0.763,0,0,0,0.304,0,0
CL105700,2391073.0,6092768.0,3.6,2,0.462,126,0.537,1,0,1,0.081,0,1
CL105701,2172568.0,6197491.0,1.3,2,0.401,157,0.589,0,0,1,0.671,0,0
CL105702,2493468.0,1248130.0,0.6,3,0.67,49,0.285,0,0,-1,0.572,0,0
CL105703,1790617.0,11814912.0,8.2,2,0.095,116,0.708,1,0,-2,0.254,0,0
CL105704,2039871.0,5720270.0,13.5,2,0.404,60,0.704,1,0,-1,0.245,0,0
CL105705,853503.0,6748215.0,11.2,5,0.712,127,0.838,0,0,-2,0.069,1,0
CL105706,3940677.0,2347671.0,13.6,3,0.361,28,0.377,0,0,-1,0.376,0,0
CL105707,2811979.0,6172814.0,8.8,2,0.391,86,0.307,1,1,-1,0.295,0,0
CL105708,1645035.0,8784290.0,10.6,1,0.28,155,0.725,1,0,-1,0.476,0,1
CL105709,6257977.0,3726478.0,2.5,2,0.049,136,0.474,0,0,-2,0.772,0,0
CL105710,2529439.0,16213353.0,39.7,3,0.299,151,0.506,0,0,-2,0.478,0,1
CL105711,1442558.0,4117864.0,1.6,4,0.448,32,0.717,0,0,-2,0.524,0,0
CL105712,3716782.0,8873236.0,1.9,5,0.394,15,0.625,0,1,0,0.348,0,0
CL105713,2955044.0,4901766.0,2.7,5,0.227,91,0.691,2,0,0,0.263,0,0
CL105714,2949924.0,6015590.0,29.6,3,0.233,128,0.881,0,0,-1,0.457,0,0
CL105715,1957389.0,1239313.0,35.6,2,0.593,123,0.865,0,0,-1,0.485,0,1
CL105716,3033561.0,5177007.0,12.7,1,0.285,168,0.494,1,0,1,0.749,0,1
CL105717,2124657.0,2386927.0,7.9,2,0.214,96,0.575,1,2,-1,0.661,1,0
CL105718,3197791.0,2207831.0,5.9,2,0.415,57,0.287,2,0,0,0.247,0,1
CL105719,934277.0,13536120.0,28.2,1,0.097,47,0.551,0,0,0,0.21,0,0
CL105720,1949461.0,3437864.0,9.5,5,0.185,101,0.715,0,0,1,0.645,0,0
CL105721,5729149.0,1978182.0,23.2,2,0.153,118,0.687,0,0,0,0.374,0,0
CL105722,1650298.0,3105260.0,3.0,4,0.439,10,0.11,0,0,0,0.221,0,0
CL105723,1790635.0,1606687.0,3.2,4,0.054,117,0.547,0,1,-2,0.243,1,0
CL105724,1935777.0,10893961.0,15.4,3,0.196,92,0.904,0,2,-2,0.493,0,0
CL105725,1319280.0,2453493.0,1.3,3,0.114,63,0.788,0,0,1,0.924,0,0
CL105726,802799.0,5783444.0,23.3,1,0.278,179,0.622,0,1,-1,0.014,1,0
CL105727,2158031.0,10316702.0,5.7,1,0.574,70,0.732,1,1,0,0.28,0,0
CL105728,2591972.0,2813369.0,20.9,3,0.638,137,0.718,1,1,0,0.394,0,1
CL105729,2358998.0,5794477.0,3.3,2,0.634,94,0.594,1,0,-1,0.059,0,0
CL105730,2252521.0,1941439.0,10.1,5,0.347,41,0.765,2,0,-1,0.703,0,1
CL105731,2474430.0,22121017.0,5.3,4,0.494,40,0.696,0,0,-2,0.301,0,0
CL105732,4038649.0,7690267.0,7.9,1,0.519,16,0.772,1,0,-2,0.334,0,0
CL105733,2201780.0,3489174.0,5.6,3,0.338,25,0.73,0,0,1,0.186,1,0
CL105734,1817475.0,2324502.0,27.3,4,0.169,138,0.485,0,0,-1,0.318,0,0
CL105735,2104182.0,3686553.0,9.4,1,0.227,158,0.83,2,0,1,0.369,0,0
CL105736,3235433.0,3147161.0,2.3,1,0.693,9,0.702,0,0,-1,0.097,0,0
CL105737,4906216.0,15666907.0,19.2,2,0.413,40,0.729,0,0,-2,0.437,0,0
CL105738,1769006.0,1693191.0,2.8,1,0.179,57,0.434,0,0,1,0.498,0,1
CL105739,2544556.0,4387899.0,3.7,5,0.332,46,0.759,0,0,-1,0.297,0,1
CL105740,2868153.0,3941860.0,0.9,1,0.222,119,0.605,0,0,-1,0.594,1,0
CL105741,1474325.0,3677754.0,18.4,5,0.33,7,0.737,0,1,1,0.533,0,0
CL105742,2446597.0,3700462.0,2.7,2,0.102,171,0.744,1,2,1,0.136,0,0
CL105743,1163756.0,3681204.0,2.4,5,0.718,116,0.598,1,0,-2,0.274,0,1
CL105744,999964.0,7356878.0,20.2,4,0.298,128,0.451,0,0,-2,0.126,0,1
CL105745,2909155.0,6115207.0,13.1,1,0.07,176,0.559,0,0,1,0.404,0,1
CL105746,1998810.0,5353377.0,1.2,3,0.501,113,0.473,0,0,-2,0.479,0,0
CL105747,2679498.0,477447.0,11.7,3,0.398,119,0.947,0,1,-1,0.572,0,1
CL105748,2400176.0,4925106.0,19.5,5,0.469,104,0.796,1,0,-2,0.583,1,0
CL105749,1486299.0,1253002.0,0.7,2,0.092,57,0.633,0,0,-2,0.223,1,0
CL105750,2367566.0,6277134.0,14.0,5,0.306,145,0.773,0,0,-2,0.123,0,0
CL105751,1307267.0,11208110.0,6.3,5,0.409,25,0.777,0,0,-1,0.358,0,0
CL105752,4854837.0,2087823.0,8.8,5,0.394,111,0.741,0,1,-2,0.128,0,0
CL105753,1229373.0,3324246.0,5.4,4,0.269,135,0.488,0,1,1,0.197,1,0
CL105754,2195911.0,2624631.0,9.6,4,0.311,55,0.351,0,0,-1,0.628,0,0
CL105755,1438144.0,9481018.0,0.3,5,0.507,147,0.563,0,0,-2,0.505,0,0
CL105756,3221026.0,4267418.0,11.5,2,0.228,32,0.692,2,0,-1,0.248,1,0
CL105757,2051916.0,13387481.0,0.3,1,0.312,87,0.807,0,0,1,0.463,0,0
CL105758,1868538.0,5334085.0,4.9,3,0.393,160,0.236,0,0,0,0.554,0,0
CL105759,3710216.0,4731322.0,1.3,4,0.377,154,0.246,1,0,0,0.451,0,0
CL105760,2457648.0,4188046.0,13.9,1,0.399,72,0.377,0,0,-1,0.463,0,0
CL105761,3135572.0,7078655.0,3.0,4,0.369,22,0.877,0,1,1,0.507,1,0
CL105762,1482643.0,1183066.0,4.8,4,0.293,136,0.726,1,0,1,0.113,0,0
CL105763,1199711.0,4238588.0,4.5,4,0.339,46,0.845,1,1,0,0.126,0,0
CL105764,2555105.0,3801733.0,11.8,5,0.384,5,0.645,2,0,-1,0.254,1,1
CL105765,2064868.0,6634495.0,5.2,5,0.034,12,0.246,0,1,-2,0.335,0,0
CL105766,3312512.0,3501174.0,12.4,4,0.281,27,0.617,0,1,0,0.569,0,0
CL105767,2326896.0,1929721.0,0.6,4,0.622,84,0.83,1,0,1,0.569,0,0
CL105768,2683246.0,4013385.0,1.7,3,0.162,139,0.4,0,0,1,0.145,0,1
CL105769,1075513.0,1871052.0,6.4,1,0.561,36,0.784,0,0,0,0.039,0,0
CL105770,6225837.0,1037492.0,23.5,1,0.438,52,0.775,1,0,0,0.538,0,0
CL105771,2230818.0,6642412.0,0.6,2,0.233,130,0.821,0,0,-1,0.642,0,0
CL105772,3432480.0,5988450.0,0.4,2,0.266,74,0.467,0,0,-2,0.128,0,0
CL105773,1594314.0,5537001.0,1.4,2,0.367,12,0.64,0,0,-1,0.373,1,0
CL105774,2824961.0,9939725.0,8.2,5,0.34,55,0.789,0,0,1,0.312,0,0
CL105775,1262466.0,2506700.0,4.1,5,0.437,80,0.863,1,0,1,0.751,0,0
CL105776,3035947.0,1466252.0,14.0,3,0.066,159,0.656,0,0,-1,0.319,0,0
CL105777,2026890.0,3801777.0,0.6,5,0.495,91,0.811,0,0,1,0.694,0,0
CL105778,2457353.0,3130646.0,1.7,2,0.063,160,0.79,0,0,1,0.162,0,0
CL105779,3433144.0,2214181.0,2.9,4,0.271,64,0.813,0,0,-1,0.153,0,0
CL105780,1307634.0,3775735.0,7.9,2,0.307,104,0.584,0,0,0,0.834,0,0
CL105781,1719861.0,2602222.0,9.2,3,0.348,91,0.596,0,0,-1,0.361,0,0
CL105782,3043937.0,1104382.0,1.1,4,0.69,59,0.584,1,0,-1,0.12,0,0
CL105783,6914358.0,2931944.0,23.0,5,0.256,25,0.56,0,0,-2,0.645,0,0
CL105784,2260189.0,1802234.0,3.3,4,0.245,104,0.893,0,0,-2,0.249,0,0
CL105785,3254561.0,4695681.0,10.0,3,0.387,68,0.809,1,0,-1,0.432,0,0
CL105786,2295622.0,2522537.0,5.9,5,0.104,172,0.623,1,0,1,0.152,0,0
CL105787,6395613.0,8693986.0,2.0,1,0.394,171,0.214,0,0,0,0.749,0,0
CL105788,1010938.0,12270472.0,15.0,2,0.209,143,0.492,0,0,0,0.249,1,1
CL105789,2539075.0,6424099.0,13.6,2,0.243,141,0.841,1,0,-1,0.409,0,0
CL105790,1074352.0,1348201.0,4.0,3,0.172,173,0.856,3,0,-1,0.281,0,1
CL105791,691566.0,11451568.0,7.1,3,0.367,153,0.619,0,0,0,0.249,0,0
CL105792,2810101.0,12031085.0,2.4,2,0.403,153,0.943,0,2,-2,0.054,0,0
CL105793,2596692.0,4045652.0,9.4,4,0.523,10,0.824,0,0,-2,0.225,0,0
CL105794,2100281.0,10079844.0,3.0,1,0.521,12,0.379,0,1,-1,0.189,0,0
CL105795,2296514.0,2713710.0,14.9,1,0.058,29,0.78,2,0,-2,0.513,0,1
CL105796,11400294.0,1081249.0,2.0,3,0.29,43,0.623,1,1,0,0.15,0,1
CL105797,2128467.0,2345012.0,0.1,3,0.65,88,0.681,1,0,-2,0.3,1,0
CL105798,3125367.0,13396588.0,2.5,4,0.417,88,0.654,0,2,-1,0.024,0,0
CL105799,1750335.0,1405978.0,1.7,3,0.337,111,0.579,0,0,1,0.324,0,0
CL105800,2806970.0,3991449.0,5.7,1,0.22,113,0.531,1,0,-2,0.572,0,0
CL105801,2149795.0,4089367.0,1.8,2,0.416,165,0.7,0,0,-2,0.589,0,1
CL105802,1972359.0,2788231.0,11.5,1,0.154,69,0.706,1,0,-2,0.174,0,0
CL105803,6013090.0,2927136.0,2.2,4,0.552,119,0.354,0,0,1,0.322,0,0
CL105804,4362660.0,4199913.0,9.8,2,0.102,11,0.798,0,2,0,0.142,0,1
CL105805,2593123.0,2693862.0,6.9,2,0.086,168,0.858,0,1,-2,0.271,0,0
CL105806,765201.0,1475576.0,34.3,1,0.122,107,0.718,0,1,-2,0.7,0,0
CL105807,2021793.0,4641380.0,73.8,2,0.651,63,0.692,0,0,0,0.293,0,0
CL105808,9355863.0,8464205.0,16.3,2,0.411,22,0.925,1,2,-2,0.25,0,1
CL105809,2157950.0,7338909.0,11.4,3,0.575,143,0.821,1,0,1,0.295,0,0
CL105810,4204260.0,2265226.0,3.9,2,0.375,137,0.461,0,1,-1,0.107,0,0
CL105811,4980153.0,1663011.0,11.2,4,0.529,70,0.393,0,0,-2,0.107,0,0
CL105812,2701944.0,3272512.0,25.1,2,0.446,90,0.92,0,1,-2,0.142,0,1
CL105813,1589753.0,11964495.0,0.2,3,0.495,134,0.658,0,0,1,0.284,0,0
CL105814,716651.0,6273962.0,6.2,5,0.095,96,0.649,0,0,-1,0.223,0,0
CL105815,3409518.0,6535604.0,2.0,5,0.015,43,0.684,2,0,-1,0.549,0,0
CL105816,1611413.0,7443858.0,6.5,4,0.089,148,0.583,1,0,-2,0.579,0,0
CL105817,2644719.0,5360333.0,5.0,4,0.554,125,0.576,0,0,0,0.297,0,0
CL105818,1296385.0,4344521.0,6.9,2,0.177,99,0.288,0,0,-1,0.186,0,0
CL105819,2120964.0,6347774.0,6.4,2,0.501,171,0.227,2,0,-1,0.1,0,0
CL105820,2462923.0,2724196.0,25.8,5,0.225,67,0.558,0,0,1,0.692,1,0
CL105821,2769831.0,1483442.0,6.4,5,0.286,82,0.712,0,0,-2,0.335,0,0
CL105822,1386910.0,6623257.0,15.0,1,0.489,100,0.509,0,0,0,0.239,1,0
CL105823,4405902.0,9496337.0,3.1,5,0.294,154,0.474,0,0,1,0.346,0,0
CL105824,1796862.0,1825268.0,4.6,5,0.448,159,0.764,1,1,-1,0.51,1,0
CL105825,1048389.0,7098152.0,5.1,4,0.102,68,0.669,0,0,1,0.232,0,0
CL105826,2293268.0,12949089.0,2.6,1,0.594,57,0.489,0,0,0,0.1,1,0
CL105827,2463732.0,3986514.0,3.8,1,0.585,152,0.65,1,0,-1,0.767,0,1
CL105828,2624221.0,2252156.0,7.3,2,0.459,154,0.92,0,0,1,0.192,0,0
CL105829,4785333.0,4351856.0,6.9,2,0.145,49,0.887,1,0,-1,0.501,0,1
CL105830,2151715.0,2715879.0,8.1,1,0.263,38,0.689,0,0,-2,0.441,0,0
CL105831,2281150.0,2592904.0,3.5,1,0.157,36,0.615,4,0,-2,0.921,0,1
CL105832,1395004.0,5407129.0,3.0,2,0.374,122,0.828,0,0,0,0.614,1,0
CL105833,3650142.0,1299369.0,7.6,4,0.253,137,0.849,0,0,1,0.505,0,0
CL105834,2655529.0,1453158.0,1.1,4,0.529,170,0.595,0,0,-2,0.581,0,0
CL105835,1963003.0,4047070.0,2.3,4,0.034,96,0.756,1,0,-1,0.186,1,0
CL105836,934403.0,3930920.0,0.3,4,0.361,104,0.278,1,0,1,0.468,0,0
CL105837,4986307.0,5078306.0,0.6,2,0.487,82,0.794,2,1,-2,0.704,0,0
CL105838,1310815.0,14837344.0,2.2,3,0.154,24,0.759,0,0,-2,0.39,0,0
CL105839,1801916.0,4295849.0,0.2,5,0.219,168,0.686,2,0,0,0.111,0,0
CL105840,2896959.0,6069098.0,2.3,5,0.159,82,0.62,1,0,0,0.508,1,0
CL105841,1331373.0,2017010.0,8.5,5,0.109,103,0.657,0,2,-2,0.201,0,0
CL105842,1147671.0,6834927.0,0.5,5,0.194,8,0.843,0,1,0,0.61,0,0
CL105843,837374.0,2762168.0,4.6,2,0.464,115,0.593,0,0,-1,0.435,0,0
CL105844,3472893.0,4197479.0,19.5,3,0.322,11,0.71,1,0,0,0.254,0,0
CL105845,1843925.0,3699862.0,12.5,2,0.312,107,0.625,0,0,-1,0.345,0,0
CL105846,10465922.0,8228234.0,2.9,3,0.288,95,0.739,1,0,-2,0.227,0,1
CL105847,1473016.0,1596009.0,20.7,2,0.225,122,0.384,0,0,-2,0.363,0,0
CL105848,1527701.0,807528.0,3.2,1,0.341,157,0.332,0,1,0,0.633,0,0
CL105849,1825389.0,3438676.0,0.6,3,0.118,42,0.194,0,2,1,0.794,0,0
CL105850,2734796.0,5542587.0,41.0,5,0.053,6,0.621,0,0,1,0.669,0,0
CL105851,1914368.0,4441881.0,16.3,3,0.324,3,0.939,0,0,-1,0.329,0,0
CL105852,3289237.0,9459622.0,5.0,4,0.242,74,0.294,2,1,-2,0.51,0,0
CL105853,1484674.0,5423006.0,8.8,3,0.207,98,0.327,0,0,-2,0.218,0,1
CL105854,1213724.0,2690684.0,8.9,4,0.182,65,0.697,0,0,-1,0.488,1,0
CL105855,985488.0,784033.0,1.7,4,0.409,140,0.577,0,0,-2,0.395,1,0
CL105856,796684.0,3381674.0,1.8,1,0.667,36,0.397,1,0,-2,0.846,1,0
CL105857,1869096.0,8199398.0,5.1,3,0.315,120,0.612,0,0,-1,0.343,0,0
CL105858,2083396.0,3034528.0,19.4,1,0.246,125,0.66,0,0,-2,0.408,1,1
CL105859,1766095.0,4072730.0,0.1,5,0.151,160,0.903,0,0,0,0.238,0,0
CL105860,4509527.0,5362561.0,12.2,3,0.326,139,0.439,0,0,-2,0.478,0,0
CL105861,4474992.0,1961648.0,0.5,2,0.613,129,0.745,0,0,0,0.442,0,0
CL105862,2048459.0,6176517.0,5.2,2,0.111,112,0.819,0,0,-1,0.821,0,0
CL105863,987606.0,12559467.0,8.1,2,0.163,134,0.774,1,1,-1,0.714,0,0
CL105864,1824192.0,3537853.0,9.3,4,0.269,79,0.621,0,0,-1,0.093,1,0
CL105865,1794235.0,1811480.0,0.5,2,0.663,152,0.704,0,0,1,0.73,0,0
CL105866,1743548.0,3810913.0,4.3,5,0.031,72,0.475,1,0,0,0.237,0,0
CL105867,1708524.0,841491.0,7.0,3,0.205,81,0.628,2,1,-2,0.213,0,0
CL105868,1746752.0,5054716.0,0.5,3,0.321,152,0.398,0,0,1,0.423,1,1
CL105869,1996147.0,5479871.0,1.2,4,0.275,77,0.645,1,1,1,0.429,1,0
CL105870,1762475.0,12902677.0,8.7,4,0.447,9,0.797,0,0,-1,0.659,0,0
CL105871,2687606.0,3485784.0,5.9,4,0.297,70,0.952,0,1,0,0.216,0,0
CL105872,2899893.0,5314448.0,1.4,5,0.047,23,0.12,1,1,0,0.437,1,0
CL105873,1535977.0,2184939.0,6.1,3,0.089,86,0.535,1,0,0,0.287,0,1
CL105874,4572326.0,3111144.0,19.5,1,0.292,17,0.344,0,1,1,0.893,0,0
CL105875,1483580.0,1372810.0,0.1,4,0.335,98,0.894,0,0,-2,0.208,0,0
CL105876,1078519.0,3483845.0,8.2,2,0.325,123,0.382,1,0,-1,0.461,1,0
CL105877,2929637.0,3224484.0,0.6,1,0.091,25,0.798,0,0,1,0.1,0,0
CL105878,1609278.0,4923055.0,0.1,1,0.164,112,0.667,0,0,0,0.23,0,0
CL105879,2843783.0,2580470.0,1.3,4,0.145,38,0.902,2,0,1,0.77,1,0
CL105880,728080.0,4232662.0,4.4,2,0.445,3,0.731,0,1,1,0.281,1,0
CL105881,4858440.0,3161743.0,13.0,4,0.249,14,0.431,0,1,-2,0.485,0,0
CL105882,3389343.0,3165908.0,2.6,4,0.043,10,0.428,0,0,1,0.422,0,0
CL105883,1143680.0,4223833.0,7.9,2,0.457,66,0.782,0,0,0,0.763,0,0
CL105884,1156156.0,4107668.0,4.2,1,0.164,142,0.611,0,1,-2,0.786,0,0
CL105885,5588005.0,6802643.0,2.1,1,0.16,126,0.495,1,0,0,0.554,0,0
CL105886,1674977.0,3669441.0,5.8,2,0.482,10,0.653,1,0,0,0.483,0,0
CL105887,1595835.0,3125423.0,12.8,1,0.199,99,0.896,0,0,0,0.228,0,0
CL105888,779941.0,3518111.0,14.3,5,0.115,49,0.758,0,0,-1,0.484,0,0
CL105889,2032162.0,2421106.0,15.0,4,0.087,176,0.743,0,0,-2,0.349,0,0
CL105890,2161127.0,3103566.0,3.3,5,0.238,131,0.206,0,0,1,0.471,1,0
CL105891,3463349.0,16548584.0,12.6,5,0.534,47,0.785,0,1,1,0.329,0,0
CL105892,1203159.0,2107736.0,1.9,5,0.483,60,0.587,1,0,-2,0.507,1,0
CL105893,1132408.0,3285208.0,10.7,3,0.459,25,0.507,0,1,-2,0.426,1,1
CL105894,3034270.0,3044228.0,23.7,3,0.299,135,0.833,0,1,1,0.648,0,0
CL105895,4006245.0,3358416.0,0.1,5,0.322,77,0.872,0,0,1,0.187,0,0
CL105896,1103971.0,3166484.0,4.6,4,0.719,121,0.265,0,1,-2,0.857,0,0
CL105897,4158883.0,4854750.0,8.3,5,0.578,167,0.402,0,0,1,0.254,0,0
CL105898,2467635.0,1206070.0,9.7,5,0.035,43,0.929,0,0,-2,0.399,0,1
CL105899,4180338.0,8252445.0,1.5,3,0.377,46,0.358,0,0,1,0.435,0,0
CL105900,2338195.0,6217062.0,28.7,5,0.192,43,0.562,1,0,-1,0.542,0,0
CL105901,686157.0,1672767.0,7.6,4,0.202,29,0.693,0,1,0,0.339,1,0
CL105902,2244552.0,815573.0,1.4,4,0.397,83,0.941,0,0,-1,0.533,0,1
CL105903,4114681.0,2014838.0,0.2,5,0.047,103,0.587,0,0,1,0.607,0,0
CL105904,1549011.0,3369023.0,12.2,4,0.318,86,0.245,0,0,0,0.113,0,1
CL105905,1994727.0,24305284.0,0.7,5,0.358,99,0.741,0,1,-2,0.408,1,1
CL105906,2217594.0,5840225.0,1.2,3,0.285,155,0.448,0,0,1,0.169,1,0
CL105907,568208.0,1126569.0,6.8,5,0.235,82,0.713,0,2,0,0.292,1,0
CL105908,5585440.0,2463863.0,7.4,1,0.2,112,0.519,2,0,1,0.203,0,0
CL105909,1543113.0,3846797.0,9.3,3,0.252,3,0.535,2,1,0,0.215,0,0
CL105910,3118516.0,4768672.0,4.0,4,0.099,56,0.619,1,0,0,0.811,1,0
CL105911,2319007.0,1590686.0,11.9,4,0.721,111,0.689,1,0,0,0.689,0,0
CL105912,4541689.0,3632773.0,29.3,3,0.488,64,0.784,0,1,1,0.386,0,0
CL105913,2966900.0,2416069.0,2.5,1,0.525,21,0.22,0,0,1,0.432,0,1
CL105914,2153355.0,1843855.0,9.7,3,0.602,24,0.902,1,1,0,0.23,1,0
CL105915,1549190.0,4788448.0,21.1,2,0.682,148,0.832,0,0,-1,0.132,0,1
CL105916,3608942.0,6863404.0,9.3,1,0.211,52,0.543,0,1,1,0.347,0,0
CL105917,949109.0,7193791.0,9.1,3,0.191,13,0.551,2,0,-2,0.625,1,0
CL105918,3344893.0,5968883.0,2.0,2,0.682,171,0.468,0,0,-1,0.309,0,0
CL105919,1397894.0,2818855.0,6.1,5,0.254,94,0.311,0,0,1,0.467,0,1
CL105920,4529589.0,6584209.0,6.6,1,0.188,78,0.373,1,0,-2,0.214,0,0
CL105921,2625153.0,4957133.0,9.6,5,0.419,165,0.771,0,0,0,0.469,0,0
CL105922,3341939.0,4385259.0,46.0,2,0.373,102,0.885,0,1,-2,0.665,0,0
CL105923,2523089.0,2602062.0,0.3,4,0.326,30,0.689,0,0,1,0.442,0,0
CL105924,1008335.0,2819829.0,0.5,4,0.446,15,0.468,1,0,0,0.193,1,0
CL105925,1574795.0,4204731.0,0.6,4,0.205,153,0.499,0,0,0,0.331,0,1
CL105926,3389506.0,22029921.0,10.9,5,0.269,166,0.465,2,1,0,0.368,1,1
CL105927,2632193.0,4930100.0,1.2,1,0.044,43,0.912,1,0,-1,0.483,0,0
CL105928,4370968.0,2602981.0,7.8,5,0.261,158,0.666,0,0,0,0.452,0,0
CL105929,2962776.0,2229588.0,3.1,5,0.259,40,0.277,0,0,-1,0.528,1,0
CL105930,1493524.0,2829932.0,4.9,4,0.031,151,0.881,0,0,1,0.163,0,0
CL105931,1626544.0,18331023.0,1.9,5,0.041,44,0.743,0,1,1,0.483,0,0
CL105932,2549630.0,3019254.0,16.1,2,0.237,81,0.203,0,0,1,0.683,0,1
CL105933,761449.0,7533041.0,7.1,3,0.036,1,0.758,2,0,1,0.031,1,0
CL105934,5591292.0,3068963.0,23.1,3,0.698,103,0.91,1,0,-1,0.456,0,0
CL105935,3020320.0,4793777.0,6.8,3,0.225,125,0.568,0,0,1,0.521,0,0
CL105936,4472765.0,6949788.0,1.1,4,0.362,82,0.446,1,0,0,0.439,0,0
CL105937,1098766.0,2675557.0,1.5,4,0.142,41,0.557,0,0,-1,0.555,0,0
CL105938,4512142.0,2549026.0,36.1,3,0.261,62,0.892,0,1,-1,0.494,0,0
CL105939,7390822.0,12752129.0,10.3,1,0.349,138,0.64,0,2,-1,0.617,0,0
CL105940,1251134.0,7954235.0,0.4,3,0.183,108,0.934,0,1,1,0.269,0,0
CL105941,3561530.0,6944570.0,9.7,5,0.48,73,0.475,1,0,1,0.534,0,0
CL105942,2423092.0,6928081.0,4.3,3,0.45,78,0.499,1,0,1,0.276,0,1
CL105943,1118818.0,5507949.0,2.9,3,0.765,57,0.574,1,0,0,0.188,0,1
CL105944,3098541.0,16394280.0,1.3,1,0.44,121,0.495,0,0,0,0.365,0,0
CL105945,3674037.0,4117414.0,14.7,4,0.509,42,0.812,0,0,0,0.749,0,0
CL105946,1793064.0,5980912.0,0.5,4,0.088,85,0.5,0,0,-1,0.444,1,0
CL105947,4338149.0,1446071.0,2.7,5,0.273,170,0.491,0,0,-2,0.202,0,0
CL105948,1052436.0,2241212.0,2.9,3,0.242,66,0.767,0,1,-1,0.11,1,1
CL105949,1146956.0,1722740.0,1.4,2,0.323,70,0.541,0,1,1,0.515,0,0
CL105950,2592929.0,9740904.0,5.7,5,0.391,139,0.71,0,1,-2,0.332,0,0
CL105951,2452682.0,668788.0,0.1,4,0.256,11,0.568,0,0,0,0.151,0,0
CL105952,1692493.0,3012808.0,2.9,1,0.338,4,0.429,0,0,0,0.247,0,0
CL105953,3630196.0,491101.0,21.7,4,0.432,79,0.905,0,0,1,0.281,0,0
CL105954,3157993.0,2231308.0,3.0,4,0.249,123,0.282,3,1,-2,0.643,0,1
CL105955,3719387.0,2831553.0,3.6,1,0.122,79,0.454,0,0,-2,0.393,0,0
CL105956,2277142.0,10526535.0,5.1,3,0.106,177,0.582,0,0,-1,0.35,0,0
CL105957,3273238.0,5270520.0,6.6,3,0.216,150,0.878,2,1,0,0.166,0,0
CL105958,1938015.0,2228415.0,13.2,4,0.457,165,0.956,0,0,-2,0.101,0,0
CL105959,6762542.0,8420457.0,1.7,5,0.164,138,0.474,1,1,-1,0.358,0,1
CL105960,1613195.0,4042939.0,16.4,2,0.422,20,0.524,1,0,0,0.733,0,0
CL105961,6938865.0,4099177.0,11.3,5,0.362,96,0.536,0,0,-1,0.718,0,0
CL105962,2464363.0,1720508.0,10.3,5,0.294,73,0.878,1,0,-1,0.707,0,1
CL105963,1217420.0,1996668.0,0.7,4,0.263,178,0.537,0,0,-2,0.453,0,0
CL105964,4799583.0,2240998.0,0.2,4,0.403,159,0.867,0,1,1,0.241,0,0
CL105965,2579099.0,4124779.0,7.2,2,0.307,44,0.874,0,0,1,0.489,0,0
CL105966,3706365.0,4216517.0,15.9,2,0.64,31,0.639,0,0,-1,0.511,1,1
CL105967,4465662.0,11767651.0,7.0,2,0.158,75,0.694,1,0,-2,0.576,0,0
CL105968,2867576.0,5227996.0,1.9,4,0.397,41,0.583,0,0,1,0.147,0,0
CL105969,1801049.0,600011.0,0.8,4,0.117,4,0.875,0,0,-1,0.78,1,0
CL105970,3944594.0,4798670.0,9.6,5,0.615,114,0.613,0,0,-2,0.405,1,0
CL105971,2422663.0,1446979.0,10.2,4,0.534,14,0.908,2,1,-1,0.439,1,0
CL105972,3412409.0,2030556.0,1.5,3,0.234,174,0.586,0,1,-1,0.211,0,0
CL105973,824997.0,2261370.0,0.2,3,0.157,54,0.362,1,1,-1,0.094,1,0
CL105974,3028236.0,2509673.0,4.2,2,0.671,92,0.692,2,0,-2,0.118,0,0
CL105975,1759794.0,1524833.0,7.0,4,0.112,128,0.808,0,0,-1,0.305,0,0
CL105976,5535292.0,4604006.0,9.8,3,0.162,89,0.396,0,0,0,0.15,0,0
CL105977,3306972.0,1487249.0,13.3,5,0.734,87,0.678,0,1,-2,0.356,0,0
CL105978,2730319.0,5125134.0,7.5,1,0.275,33,0.323,0,0,-1,0.262,0,0
CL105979,3088373.0,19113009.0,0.9,5,0.306,158,0.701,0,0,0,0.533,0,0
CL105980,1470010.0,1574501.0,9.2,1,0.249,137,0.34,1,0,1,0.552,0,0
CL105981,5452738.0,3271774.0,33.2,5,0.5,166,0.535,0,0,1,0.255,1,0
CL105982,6554650.0,682542.0,18.9,3,0.536,89,0.277,1,0,-2,0.283,0,1
CL105983,2947467.0,3234372.0,16.4,4,0.209,82,0.473,0,1,1,0.601,1,0
CL105984,5363899.0,6261323.0,2.9,1,0.295,43,0.612,0,0,-1,0.515,0,0
CL105985,1821965.0,6612335.0,11.1,4,0.538,135,0.38,0,0,-2,0.263,0,0
CL105986,1625691.0,4214977.0,15.2,4,0.114,88,0.694,0,0,-2,0.172,0,0
CL105987,2471813.0,7440766.0,9.1,3,0.458,40,0.238,0,0,-1,0.5,0,1
CL105988,3010060.0,23729704.0,2.3,2,0.46,85,0.579,1,0,1,0.294,0,0
CL105989,1988730.0,13238149.0,24.6,2,0.045,119,0.716,0,0,0,0.409,0,1
CL105990,3168865.0,2769661.0,4.8,1,0.381,62,0.558,1,0,1,0.506,0,0
CL105991,2822673.0,1445878.0,1.1,3,0.603,35,0.232,1,1,-2,0.308,1,0
CL105992,1470108.0,3004717.0,0.9,4,0.69,171,0.749,1,0,1,0.238,0,0
CL105993,3138942.0,2057726.0,8.3,5,0.33,11,0.318,1,0,-1,0.227,0,0
CL105994,3729423.0,5476317.0,4.6,5,0.186,130,0.87,0,0,-1,0.305,0,0
CL105995,2638536.0,1746570.0,0.8,1,0.544,79,0.892,2,1,1,0.922,0,0
CL105996,4309464.0,3794352.0,10.8,1,0.085,79,0.789,0,0,-2,0.206,1,0
CL105997,1317568.0,7178563.0,12.8,1,0.087,133,0.746,0,0,1,0.227,1,0
CL105998,3060152.0,3721037.0,10.3,3,0.537,116,0.512,0,1,-2,0.587,1,0
CL105999,1348980.0,2058690.0,1.8,5,0.576,168,0.574,0,0,0,0.326,0,0
